question,simple_answer,analogy,example,misconception,source,difficulty,सवाल,सरल उत्तर,समानता,उदाहरण,ग़लतफ़हमी,स्रोत,कठिनाई,प्रश्न,साधे_उत्तर,सादृश्य,उदाहरण,गैरसमज,स्रोत,अडचण
What is financial literacy?,"Financial literacy is the knowledge and skills that help you understand money matters, plan your finances, and use financial services effectively.","It is like learning the rules of the road before you drive, so you can travel safely and reach your destination without crashes.","A person who knows how to budget, save, and compare loan offers is financially literate.","Many think financial literacy only means knowing how to save money, but it also covers budgeting, borrowing, and using banking services wisely.",NCFE,beginner,वित्तीय साक्षरता क्या है?,"वित्तीय साक्षरता वह ज्ञान और कौशल है जो आपको पैसों से जुड़े मामलों को समझने, अपनी वित्तीय योजना बनाने और वित्तीय सेवाओं का प्रभावी ढंग से उपयोग करने में मदद करता है।","यह ठीक वैसा ही है जैसे गाड़ी चलाने से पहले सड़क के नियमों को सीख लेना, ताकि आप सुरक्षित रूप से यात्रा कर सकें और बिना किसी दुर्घटना के अपने गंतव्य तक पहुंच सकें।","जो व्यक्ति बजट बनाना, बचत करना और ऋण प्रस्तावों की तुलना करना जानता है, वह वित्तीय रूप से साक्षर है।","बहुत से लोग सोचते हैं कि वित्तीय साक्षरता का मतलब केवल पैसे बचाना जानना है, लेकिन इसमें बजट बनाना, उधार लेना और बैंकिंग सेवाओं का बुद्धिमानी से उपयोग करना भी शामिल है।",एनसीएफई,शुरुआत,आर्थिक साक्षरता म्हणजे काय?,"आर्थिक साक्षरता म्हणजे असे ज्ञान आणि कौशल्ये, जी तुम्हाला पैशाचे व्यवहार समजून घेण्यास, तुमच्या आर्थिक बाबींचे नियोजन करण्यास आणि आर्थिक सेवांचा प्रभावीपणे वापर करण्यास मदत करतात.","हे गाडी चालवण्यापूर्वी वाहतुकीचे नियम शिकण्यासारखे आहे, जेणेकरून तुम्ही सुरक्षितपणे प्रवास करू शकाल आणि अपघात न होता तुमच्या गंतव्यस्थानी पोहोचू शकाल.","ज्या व्यक्तीला बजेट कसे करावे, बचत कशी करावी आणि कर्जाच्या प्रस्तावांची तुलना कशी करावी हे माहित असते, ती आर्थिकदृष्ट्या साक्षर असते.","अनेकांना वाटते की आर्थिक साक्षरता म्हणजे फक्त पैसे कसे वाचवायचे हे माहित असणे, पण त्यात बजेट बनवणे, कर्ज घेणे आणि बँकिंग सेवांचा सुज्ञपणे वापर करणे यांचाही समावेश होतो.",एनसीएफई,नवशिक्या
What is financial planning?,Financial planning means planning your money ahead of time so you can meet your needs and handle unexpected emergencies.,"It is like packing an umbrella before you leave home, so a sudden rain does not catch you off guard.",Setting aside part of your monthly income for a future medical emergency is financial planning.,"Some believe planning is only for rich people, but even small incomes benefit greatly from simple planning.",NCFE,beginner,वित्तीय नियोजन क्या है?,वित्तीय नियोजन का अर्थ है अपने पैसे की पहले से योजना बनाना ताकि आप अपनी जरूरतों को पूरा कर सकें और अप्रत्याशित आपात स्थितियों से निपट सकें।,"यह ठीक वैसे ही है जैसे घर से निकलने से पहले छाता पैक कर लेना, ताकि अचानक होने वाली बारिश से आप अप्रस्तुत न रह जाएं।",भविष्य में किसी चिकित्सीय आपात स्थिति के लिए अपनी मासिक आय का एक हिस्सा अलग रखना वित्तीय योजना है।,"कुछ लोगों का मानना ​​है कि योजना बनाना केवल अमीर लोगों के लिए है, लेकिन कम आय वाले लोग भी साधारण योजना से बहुत लाभान्वित होते हैं।",एनसीएफई,शुरुआत,आर्थिक नियोजन म्हणजे काय?,"आर्थिक नियोजन म्हणजे तुमच्या पैशांचे आगाऊ नियोजन करणे, जेणेकरून तुम्ही तुमच्या गरजा पूर्ण करू शकाल आणि अनपेक्षित आपत्कालीन परिस्थिती हाताळू शकाल.","हे अगदी घरातून निघण्यापूर्वी छत्री सोबत ठेवण्यासारखे आहे, जेणेकरून अचानक आलेल्या पावसामुळे तुम्ही गाफील राहणार नाही.",भविष्यातील वैद्यकीय आपत्कालीन परिस्थितीसाठी आपल्या मासिक उत्पन्नाचा काही भाग बाजूला ठेवणे म्हणजे आर्थिक नियोजन होय.,"काहींना वाटते की नियोजन फक्त श्रीमंतांसाठीच असते, पण साध्या नियोजनामुळे कमी उत्पन्न असलेल्यांनाही मोठा फायदा होतो.",एनसीएफई,नवशिक्या
What is a saving habit?,A saving habit is the regular practice of setting aside part of your income instead of spending it all.,It is like storing a little grain each day so you have food even during the lean season.,Depositing a fixed small amount every month into a savings account builds a saving habit.,"People often think saving means saving only large sums, but saving even a tiny amount regularly matters.",NCFE,beginner,बचत की आदत क्या होती है?,बचत की आदत का मतलब है अपनी पूरी आमदनी खर्च करने के बजाय उसका कुछ हिस्सा नियमित रूप से बचाकर रखना।,यह बिल्कुल वैसा ही है जैसे हर दिन थोड़ा-थोड़ा अनाज जमा करना ताकि आपके पास सूखे मौसम में भी खाने के लिए भोजन हो।,बचत खाते में हर महीने एक निश्चित छोटी राशि जमा करने से बचत की आदत बनती है।,"लोग अक्सर सोचते हैं कि बचत का मतलब केवल बड़ी रकम बचाना होता है, लेकिन नियमित रूप से थोड़ी-थोड़ी रकम बचाना भी मायने रखता है।",एनसीएफई,शुरुआत,बचत करण्याची सवय म्हणजे काय?,बचतीची सवय म्हणजे आपले सर्व उत्पन्न खर्च करण्याऐवजी त्यातील काही भाग नियमितपणे बाजूला ठेवण्याचा सराव.,"हे म्हणजे दररोज थोडे धान्य साठवून ठेवण्यासारखे आहे, जेणेकरून दुष्काळातही तुमच्याकडे अन्न असेल.",दर महिन्याला बचत खात्यात एक ठराविक छोटी रक्कम जमा केल्याने बचतीची सवय लागते.,"लोकांना अनेकदा वाटते की बचत म्हणजे फक्त मोठी रक्कम वाचवणे, पण नियमितपणे अगदी थोडी रक्कम वाचवणे देखील महत्त्वाचे असते.",एनसीएफई,नवशिक्या
What is a savings account in a bank?,A savings account is a bank account where you keep your money safely and can deposit or withdraw it as needed.,It is like a secure locker for your money that you can open whenever you need to.,Opening a savings account and depositing your monthly surplus keeps your money safe and accessible.,"Some think keeping cash at home is safer, but a bank account protects against theft and loss and can earn interest.",NCFE,beginner,बैंक में बचत खाता क्या होता है?,बचत खाता एक ऐसा बैंक खाता है जहाँ आप अपना पैसा सुरक्षित रूप से रखते हैं और आवश्यकतानुसार उसमें पैसा जमा या निकाल सकते हैं।,यह आपके पैसों के लिए एक सुरक्षित लॉकर की तरह है जिसे आप जब चाहें खोल सकते हैं।,बचत खाता खोलने और अपनी मासिक बचत जमा करने से आपका पैसा सुरक्षित और आसानी से उपलब्ध रहता है।,"कुछ लोगों का मानना ​​है कि नकदी को घर पर रखना अधिक सुरक्षित है, लेकिन बैंक खाता चोरी और नुकसान से सुरक्षा प्रदान करता है और ब्याज भी अर्जित कर सकता है।",एनसीएफई,शुरुआत,बँकेतील बचत खाते म्हणजे काय असते?,"बचत खाते हे एक बँक खाते आहे, जिथे तुम्ही तुमचे पैसे सुरक्षितपणे ठेवता आणि गरजेनुसार ते जमा किंवा काढू शकता.","हे तुमच्या पैशांसाठी एका सुरक्षित लॉकरसारखे आहे, जे तुम्ही गरजेनुसार कधीही उघडू शकता.",बचत खाते उघडून त्यात दर महिन्याला शिल्लक रक्कम जमा केल्याने तुमचे पैसे सुरक्षित राहतात आणि सहज उपलब्ध होतात.,"काहींना वाटते की घरात रोख रक्कम ठेवणे अधिक सुरक्षित आहे, परंतु बँक खाते चोरी आणि नुकसानीपासून संरक्षण करते आणि त्यावर व्याजही मिळू शकते.",एनसीएफई,नवशिक्या
What is a recurring deposit account?,"A recurring deposit account lets you deposit a fixed amount regularly, such as every month, to build up savings over time.",It is like filling a piggy bank with the same coin each week until it becomes a useful sum.,Depositing 500 rupees every month into a recurring deposit helps you build a lump sum for future needs.,"Some think recurring deposits are only for large savers, but they are designed for small, regular savings.",NCFE,beginner,आवर्ती जमा खाता क्या होता है?,"आवर्ती जमा खाते में आप नियमित रूप से, जैसे कि हर महीने, एक निश्चित राशि जमा कर सकते हैं, जिससे समय के साथ बचत बढ़ती जाती है।",यह ठीक वैसा ही है जैसे हर हफ्ते एक ही सिक्के से गुल्लक भरना जब तक कि वह एक उपयोगी राशि न बन जाए।,आवर्ती जमा खाते में हर महीने 500 रुपये जमा करने से आपको भविष्य की जरूरतों के लिए एकमुश्त राशि जमा करने में मदद मिलती है।,"कुछ लोगों का मानना ​​है कि आवर्ती जमा योजना केवल बड़ी बचत करने वालों के लिए है, लेकिन यह छोटी, नियमित बचत के लिए बनाई गई है।",एनसीएफई,शुरुआत,आवर्ती ठेव खाते म्हणजे काय?,आवर्ती ठेव खात्याद्वारे तुम्ही दर महिन्यासारख्या नियमित कालावधीने एक निश्चित रक्कम जमा करून कालांतराने बचत वाढवू शकता.,हे अगदी एखाद्या गल्ल्यात प्रत्येक आठवड्याला तेच नाणे टाकून ती रक्कम उपयुक्त होईपर्यंत भरण्यासारखे आहे.,दरमहा ५०० रुपये आवर्ती ठेवीमध्ये जमा केल्याने तुम्हाला भविष्यातील गरजांसाठी एकरकमी रक्कम तयार करण्यास मदत होते.,"काहींना वाटते की आवर्ती ठेवी फक्त मोठ्या प्रमाणात बचत करणाऱ्यांसाठीच आहेत, पण त्या लहान, नियमित बचतीसाठीच तयार केल्या आहेत.",एनसीएफई,नवशिक्या
What is borrowing?,"Borrowing means taking money from someone with a promise to pay it back, usually with interest.","It is like borrowing a tool from a neighbour and returning it later, often with a small thank-you.",Taking a loan from a bank to buy a farming pump is borrowing.,"People assume all borrowing is bad, but borrowing for productive needs and repaying on time can be helpful.",NCFE,beginner,उधार लेना क्या होता है?,उधार लेने का मतलब है किसी से पैसे लेना और उसे ब्याज सहित वापस चुकाने का वादा करना।,"यह कुछ वैसा ही है जैसे पड़ोसी से कोई औजार उधार लेना और बाद में उसे लौटा देना, अक्सर एक छोटे से धन्यवाद के साथ।",खेती में इस्तेमाल होने वाला पंप खरीदने के लिए बैंक से ऋण लेना भी उधार लेना कहलाता है।,"लोग मानते हैं कि सभी प्रकार का उधार लेना बुरा होता है, लेकिन उत्पादक आवश्यकताओं के लिए उधार लेना और समय पर चुकाना मददगार हो सकता है।",एनसीएफई,शुरुआत,कर्ज घेणे म्हणजे काय?,"कर्ज घेणे म्हणजे परतफेड करण्याच्या अटीवर, सहसा व्याजासह, कोणाकडून तरी पैसे घेणे.","हे अगदी शेजाऱ्याकडून एखादे अवजार उसने घेऊन, नंतर अनेकदा छोटेसे आभार मानून ते परत करण्यासारखे आहे.",शेतीसाठीचा पंप विकत घेण्यासाठी बँकेकडून कर्ज घेणे म्हणजे उधार घेणेच आहे.,"सर्व प्रकारचे कर्ज घेणे वाईट असते असा लोकांचा समज असतो, पण उत्पादक गरजांसाठी कर्ज घेणे आणि वेळेवर परतफेड करणे फायदेशीर ठरू शकते.",एनसीएफई,नवशिक्या
What is borrowing from a bank?,Borrowing from a bank means taking a loan from a bank and repaying it with interest over an agreed period.,"It is like renting a field to grow crops, then sharing part of the harvest as rent.",A farmer taking a Kisan Credit Card loan from a bank to buy seeds is borrowing from a bank.,"Some think bank loans are always costly or exploitative, but banks usually offer credit at competitive, non-exploitative rates.",NCFE,beginner,बैंक से ऋण लेना क्या होता है?,बैंक से उधार लेने का मतलब है बैंक से ऋण लेना और उसे एक निश्चित अवधि में ब्याज सहित चुकाना।,यह कुछ ऐसा ही है जैसे फसल उगाने के लिए एक खेत किराए पर लेना और फिर फसल का एक हिस्सा किराए के रूप में साझा करना।,बीज खरीदने के लिए बैंक से किसान क्रेडिट कार्ड के तहत ऋण लेने वाला किसान वास्तव में बैंक से ही ऋण ले रहा है।,"कुछ लोगों का मानना ​​है कि बैंक से लिए गए ऋण हमेशा महंगे या शोषणकारी होते हैं, लेकिन बैंक आमतौर पर प्रतिस्पर्धी और गैर-शोषणकारी दरों पर ऋण प्रदान करते हैं।",एनसीएफई,शुरुआत,बँकेकडून कर्ज घेणे म्हणजे काय?,बँकेकडून कर्ज घेणे म्हणजे बँकेकडून कर्ज घेणे आणि ठरलेल्या कालावधीत व्याजासह त्याची परतफेड करणे.,"हे म्हणजे पीक घेण्यासाठी शेत भाड्याने घेऊन, नंतर कापणीतील काही भाग भाडे म्हणून वाटून घेण्यासारखे आहे.",बियाणे खरेदी करण्यासाठी बँकेकडून किसान क्रेडिट कार्ड कर्ज घेणारा शेतकरी बँकेकडून कर्ज घेत असतो.,"काहींना वाटते की बँकेची कर्जे नेहमीच महागडी किंवा शोषण करणारी असतात, पण बँका सहसा स्पर्धात्मक आणि गैर-शोषणात्मक दरांवर कर्ज देतात.",एनसीएफई,नवशिक्या
What is a debt trap?,"A debt trap is a situation where you keep borrowing to repay old debts, and the debt keeps growing beyond your ability to repay.","It is like digging a hole to fill another hole, only to end up deeper in the ground.",Borrowing from a moneylender at high interest to pay off a previous loan can lead to a debt trap.,"Many think they can always borrow their way out of debt, but this often deepens the trap instead of escaping it.",NCFE,beginner,कर्ज का जाल क्या होता है?,"कर्ज का जाल एक ऐसी स्थिति है जहां आप पुराने कर्ज चुकाने के लिए लगातार उधार लेते रहते हैं, और कर्ज आपकी चुकाने की क्षमता से कहीं अधिक बढ़ता जाता है।","यह एक गड्ढे को भरने के लिए दूसरा गड्ढा खोदने जैसा है, लेकिन अंत में हम जमीन में और गहरे धंसते चले जाते हैं।",पिछले ऋण को चुकाने के लिए उच्च ब्याज दर पर साहूकार से उधार लेना कर्ज के जाल में फंसने का कारण बन सकता है।,"बहुत से लोग सोचते हैं कि वे कर्ज लेकर हमेशा उससे छुटकारा पा सकते हैं, लेकिन अक्सर इससे बचने के बजाय यह जाल और भी गहरा हो जाता है।",एनसीएफई,शुरुआत,कर्जाचा सापळा म्हणजे काय?,"कर्जाचा सापळा म्हणजे अशी परिस्थिती, जिथे तुम्ही जुनी कर्जे फेडण्यासाठी सतत कर्ज घेत राहता आणि ते कर्ज तुमच्या परतफेड करण्याच्या क्षमतेच्या पलीकडे वाढतच जाते.","हे म्हणजे एक खड्डा भरण्यासाठी दुसरा खड्डा खणण्यासारखे आहे, आणि शेवटी तुम्ही जमिनीखाली आणखी खोलवरच पोहोचता.",आधीचे कर्ज फेडण्यासाठी सावकाराकडून जास्त व्याजदराने कर्ज घेतल्यास कर्जाच्या सापळ्यात अडकण्याची शक्यता असते.,"बऱ्याच जणांना वाटते की कर्ज घेऊन ते नेहमीच कर्जातून बाहेर पडू शकतात, पण यामुळे अनेकदा सापळ्यातून सुटका होण्याऐवजी तो अधिकच घट्ट होतो.",एनसीएफई,नवशिक्या
What is financial inclusion?,"Financial inclusion means making sure everyone has access to basic financial services like bank accounts, credit, and savings.","It is like ensuring every home in a village gets a water connection, not just those in the centre.",Opening bank accounts for people who previously had none is an example of financial inclusion.,"Some think inclusion just means opening an account, but it also means actually using banking services regularly.",NCFE,beginner,वित्तीय समावेशन क्या है?,"वित्तीय समावेशन का अर्थ है यह सुनिश्चित करना कि हर किसी को बैंक खाते, ऋण और बचत जैसी बुनियादी वित्तीय सेवाओं तक पहुंच प्राप्त हो।","यह ठीक वैसा ही है जैसे किसी गांव के हर घर को पानी का कनेक्शन सुनिश्चित करना, न कि केवल केंद्र में स्थित घरों को।","जिन लोगों के पास पहले कोई बैंक खाता नहीं था, उनके लिए बैंक खाते खोलना वित्तीय समावेशन का एक उदाहरण है।","कुछ लोगों का मानना ​​है कि समावेशन का मतलब सिर्फ खाता खोलना है, लेकिन इसका मतलब वास्तव में नियमित रूप से बैंकिंग सेवाओं का उपयोग करना भी है।",एनसीएफई,शुरुआत,आर्थिक समावेशन म्हणजे काय?,"आर्थिक समावेशन म्हणजे प्रत्येकाला बँक खाते, कर्ज आणि बचत यांसारख्या मूलभूत आर्थिक सेवा उपलब्ध होतील याची खात्री करणे.","हे म्हणजे केवळ गावाच्या मध्यवर्ती भागातील घरांनाच नव्हे, तर गावातील प्रत्येक घराला पाण्याची जोडणी मिळेल याची खात्री करण्यासारखे आहे.","ज्या लोकांकडे पूर्वी बँक खाते नव्हते, त्यांच्यासाठी बँक खाते उघडणे हे आर्थिक समावेशनाचे एक उदाहरण आहे.","काहींना वाटते की समावेश म्हणजे फक्त खाते उघडणे, पण त्यात नियमितपणे बँकिंग सेवांचा वापर करणे देखील समाविष्ट आहे.",एनसीएफई,नवशिक्या
What is an overdraft facility?,"An overdraft facility lets you withdraw more money than you have in your account, up to a set limit, which you repay later.",It is like a shop letting a trusted customer take goods now and pay at month end.,A small shop owner using a small overdraft to buy stock during a busy season is using an overdraft facility.,"Some think an overdraft is free money, but it must be repaid and may carry interest.",NCFE,beginner,ओवरड्राफ्ट सुविधा क्या है?,"ओवरड्राफ्ट सुविधा आपको अपने खाते में मौजूद राशि से अधिक, एक निर्धारित सीमा तक, पैसे निकालने की अनुमति देती है, जिसे आप बाद में चुकाते हैं।",यह एक दुकान की तरह है जो किसी भरोसेमंद ग्राहक को अभी सामान ले जाने और महीने के अंत में भुगतान करने की अनुमति देती है।,"एक छोटा दुकानदार जो व्यस्त मौसम के दौरान सामान खरीदने के लिए थोड़े से ओवरड्राफ्ट का उपयोग कर रहा है, वह ओवरड्राफ्ट सुविधा का उपयोग कर रहा है।","कुछ लोग सोचते हैं कि ओवरड्राफ्ट मुफ्त का पैसा है, लेकिन इसे चुकाना पड़ता है और इस पर ब्याज भी लग सकता है।",एनसीएफई,शुरुआत,ओव्हरड्राफ्ट सुविधा म्हणजे काय?,"ओव्हरड्राफ्ट सुविधेमुळे तुम्ही तुमच्या खात्यात असलेल्या रकमेपेक्षा जास्त पैसे, एका निश्चित मर्यादेपर्यंत काढू शकता, जे तुम्हाला नंतर परत करावे लागतात.","हे एखाद्या दुकानासारखे आहे, जे विश्वासू ग्राहकाला आता माल घेऊन महिन्याच्या शेवटी पैसे देण्यास सांगते.","एक छोटा दुकानदार व्यस्त हंगामात माल खरेदी करण्यासाठी थोड्या ओव्हरड्राफ्टचा वापर करत आहे, तो ओव्हरड्राफ्ट सुविधेचा वापर करत आहे.","काहींना वाटते की ओव्हरड्राफ्ट म्हणजे फुकटचे पैसे आहेत, पण ते परत करावे लागतात आणि त्यावर व्याजही लागू शकते.",एनसीएफई,नवशिक्या
What is the main goal of financial literacy camps?,To help people become financially included by teaching them how to plan their money and giving them easy access to banking services.,Like a driving school: you learn the rules of the road (literacy) and get access to a car (services) so you can actually travel safely.,"A monthly camp in a village teaches people how to open a bank account and how to save part of their income, then helps them open the account on the spot.",Many think literacy is only about reading and writing; financial literacy is really about making smart money decisions.,NCFE,beginner,वित्तीय साक्षरता शिविरों का मुख्य उद्देश्य क्या है?,लोगों को अपने पैसे की योजना बनाना सिखाकर और उन्हें बैंकिंग सेवाओं तक आसान पहुंच प्रदान करके उन्हें आर्थिक रूप से समावेशी बनाने में मदद करना।,जैसे ड्राइविंग स्कूल में होता है: आप सड़क के नियम सीखते हैं (साक्षरता) और आपको कार तक पहुंच मिलती है (सेवाएं) ताकि आप वास्तव में सुरक्षित रूप से यात्रा कर सकें।,"एक गांव में आयोजित होने वाले मासिक शिविर में लोगों को बैंक खाता खोलने और अपनी आय का कुछ हिस्सा बचाने का तरीका सिखाया जाता है, और फिर उन्हें मौके पर ही खाता खोलने में मदद की जाती है।",बहुत से लोग सोचते हैं कि साक्षरता का मतलब केवल पढ़ना और लिखना है; जबकि वित्तीय साक्षरता वास्तव में पैसे से जुड़े समझदारी भरे निर्णय लेने के बारे में है।,एनसीएफई,शुरुआत,आर्थिक साक्षरता शिबिरांचे मुख्य उद्दिष्ट काय आहे?,लोकांना त्यांच्या पैशांचे नियोजन कसे करावे हे शिकवून आणि त्यांना बँकिंग सेवा सहज उपलब्ध करून देऊन आर्थिकदृष्ट्या समाविष्ट होण्यास मदत करणे.,"ड्रायव्हिंग स्कूलप्रमाणेच: तुम्ही रस्त्यावरील नियम (साक्षरता) शिकता आणि तुम्हाला गाडी (सेवा) वापरायला मिळते, जेणेकरून तुम्ही खरोखरच सुरक्षितपणे प्रवास करू शकाल.","गावात दर महिन्याला होणाऱ्या एका शिबिरात लोकांना बँक खाते कसे उघडावे आणि आपल्या उत्पन्नाचा काही भाग कसा वाचवावा हे शिकवले जाते, आणि मग त्यांना तिथेच खाते उघडण्यास मदत केली जाते.",अनेकांना वाटते की साक्षरता म्हणजे फक्त वाचणे आणि लिहिणे; पण आर्थिक साक्षरता म्हणजे खऱ्या अर्थाने पैशांसंबंधी हुशारीने निर्णय घेणे होय.,एनसीएफई,नवशिक्या
Why should people plan their finances ahead of time?,Planning ahead helps them meet major life needs and handle sudden emergencies without falling into debt.,Like packing an umbrella before the rainy season instead of getting drenched and borrowing one from a neighbour.,A farmer sets aside a small amount each month so that a medical emergency does not force him to take a high-interest loan.,"People often believe emergencies cannot be planned for, but building a small buffer in advance prepares you for them.",NCFE,beginner,लोगों को अपने वित्त की योजना पहले से क्यों बनानी चाहिए?,आगे की योजना बनाने से उन्हें जीवन की प्रमुख जरूरतों को पूरा करने और कर्ज में डूबने से पहले अचानक आने वाली आपात स्थितियों से निपटने में मदद मिलती है।,"बरसात के मौसम से पहले ही छाता पैक कर लेना, ताकि भीगने के बाद पड़ोसी से छाता उधार न लेना पड़े।",एक किसान हर महीने थोड़ी-थोड़ी रकम बचाकर रखता है ताकि किसी चिकित्सीय आपात स्थिति में उसे उच्च ब्याज वाला ऋण लेने के लिए मजबूर न होना पड़े।,"लोग अक्सर मानते हैं कि आपात स्थितियों के लिए योजना नहीं बनाई जा सकती, लेकिन पहले से थोड़ा सा अतिरिक्त समय रखने से आप उनके लिए तैयार रहते हैं।",एनसीएफई,शुरुआत,लोकांनी आपल्या आर्थिक बाबींचे नियोजन आगाऊ का करावे?,आगाऊ नियोजन केल्याने त्यांना कर्जबाजारी न होता जीवनातील प्रमुख गरजा पूर्ण करण्यास आणि आकस्मिक आपत्कालीन परिस्थिती हाताळण्यास मदत होते.,"जसं पावसाळ्यात भिजल्यावर शेजाऱ्याकडून छत्री उसने घेण्याऐवजी, पावसाळ्यापूर्वीच छत्री सोबत ठेवणे.","शेतकरी दर महिन्याला थोडी रक्कम बाजूला ठेवतो, जेणेकरून वैद्यकीय आणीबाणीच्या परिस्थितीत त्याला जास्त व्याजदराचे कर्ज घेण्याची गरज पडू नये.","लोकांना अनेकदा असे वाटते की आपत्कालीन परिस्थितीचे नियोजन करता येत नाही, परंतु आगाऊ थोडी तरतूद केल्यास तुम्ही त्यासाठी तयार राहता.",एनसीएफई,नवशिक्या
What is a debt trap and how can it be avoided?,A debt trap is when you keep borrowing to repay old loans and the debt keeps growing; it can be avoided by saving and planning ahead.,"Like digging a hole to fill another hole, each hole gets deeper and harder to climb out of.",A person borrows from a moneylender to pay off a previous loan and ends up paying more interest than the original amount.,"Some think borrowing more money always solves money problems, but it can make them worse if used to cover old debts.",NCFE,beginner,कर्ज का जाल क्या होता है और इससे कैसे बचा जा सकता है?,कर्ज का जाल वह स्थिति है जब आप पुराने ऋणों को चुकाने के लिए बार-बार उधार लेते रहते हैं और कर्ज बढ़ता ही जाता है; बचत और आगे की योजना बनाकर इससे बचा जा सकता है।,"जैसे एक गड्ढे को भरने के लिए दूसरा गड्ढा खोदा जाता है, वैसे ही हर गड्ढा गहरा होता जाता है और उससे बाहर निकलना मुश्किल होता जाता है।",एक व्यक्ति पिछले ऋण को चुकाने के लिए साहूकार से उधार लेता है और अंततः मूल राशि से अधिक ब्याज चुकाता है।,"कुछ लोगों का मानना ​​है कि अधिक पैसा उधार लेने से हमेशा पैसों की समस्या हल हो जाती है, लेकिन अगर इसका इस्तेमाल पुराने कर्जों को चुकाने के लिए किया जाए तो यह समस्या को और भी बदतर बना सकता है।",एनसीएफई,शुरुआत,कर्जाचा सापळा म्हणजे काय आणि तो कसा टाळता येतो?,कर्जाचा सापळा म्हणजे जेव्हा तुम्ही जुनी कर्जे फेडण्यासाठी सतत कर्ज घेत राहता आणि कर्ज वाढतच जाते; बचत करून आणि आगाऊ नियोजन करून हे टाळता येते.,"एका खड्ड्यात दुसरा खड्डा खोदावा याप्रमाणे, प्रत्येक खड्डा अधिक खोल होत जातो आणि त्यातून बाहेर पडणे अधिक कठीण होत जाते.",एखादी व्यक्ती आधीचे कर्ज फेडण्यासाठी सावकाराकडून कर्ज घेते आणि परिणामी मूळ रकमेपेक्षा जास्त व्याज भरते.,"काहींना वाटते की अधिक पैसे उधार घेतल्याने पैशाच्या समस्या नेहमीच सुटतात, पण जुनी कर्जे फेडण्यासाठी त्याचा वापर केल्यास समस्या अधिकच गंभीर होऊ शकतात.",एनसीएफई,नवशिक्या
Why is the habit of saving important?,Saving gives people money for future needs and unexpected events and reduces their reliance on borrowing.,Like storing grain after harvest so the family has food in the lean season.,"A shopkeeper puts aside Rs. 100 every day, which grows into a fund for his daughter's education.","A common myth is that saving only works for rich people; even small, regular amounts build up over time.",NCFE,beginner,बचत करने की आदत क्यों महत्वपूर्ण है?,बचत करने से लोगों को भविष्य की जरूरतों और अप्रत्याशित घटनाओं के लिए पैसा मिलता है और उधार लेने पर उनकी निर्भरता कम हो जाती है।,जैसे फसल कटाई के बाद अनाज का भंडारण करना ताकि परिवार के पास सूखे के मौसम में खाने के लिए भोजन हो।,"एक दुकानदार प्रतिदिन 100 रुपये अलग रखता है, जो उसकी बेटी की शिक्षा के लिए एक निधि बन जाती है।","एक आम धारणा यह है कि बचत केवल अमीर लोगों के लिए ही कारगर होती है; हालांकि, छोटी-छोटी नियमित राशियाँ भी समय के साथ बड़ी रकम बन जाती हैं।",एनसीएफई,शुरुआत,बचत करण्याची सवय महत्त्वाची का आहे?,बचतीमुळे लोकांना भविष्यातील गरजा आणि अनपेक्षित प्रसंगांसाठी पैसे मिळतात आणि कर्ज घेण्यावरील त्यांचे अवलंबित्व कमी होते.,"जसे की कापणीनंतर धान्य साठवून ठेवणे, जेणेकरून दुष्काळात कुटुंबाला खायला मिळेल.","एक दुकानदार दररोज १०० रुपये बाजूला ठेवतो, आणि जमा होत त्याच्या मुलीच्या शिक्षणासाठी निधी तयार होतो.",एक प्रचलित गैरसमज असा आहे की बचत फक्त श्रीमंत लोकांसाठीच फायदेशीर ठरते; अगदी लहान आणि नियमित रक्कमसुद्धा कालांतराने वाढत जाते.,एनसीएफई,नवशिक्या
What is the advantage of saving money with a bank instead of at home?,"Bank savings keep money safe, earn interest, and make it easy to send and receive money.","Like keeping grain in a secure warehouse instead of a leaking shed, where it is protected and can even grow.","A woman deposits her monthly savings in a bank account and earns interest, while cash at home could be lost or stolen.",Some believe banks are only for the wealthy; banks welcome small savers and their accounts are secure.,NCFE,beginner,घर पर बचत करने के बजाय बैंक में पैसे बचाने का क्या फायदा है?,"बैंक में बचत करने से पैसा सुरक्षित रहता है, ब्याज मिलता है और पैसे भेजना और प्राप्त करना आसान हो जाता है।","जैसे अनाज को किसी सुरक्षित गोदाम में रखना, न कि किसी टपकती हुई झोपड़ी में, जहाँ वह सुरक्षित रहता है और बढ़ भी सकता है।","एक महिला अपनी मासिक बचत बैंक खाते में जमा करती है और उस पर ब्याज कमाती है, जबकि घर में रखी नकदी खो सकती है या चोरी हो सकती है।",कुछ लोगों का मानना ​​है कि बैंक केवल धनी लोगों के लिए हैं; बैंक छोटे बचतकर्ताओं का भी स्वागत करते हैं और उनके खाते सुरक्षित होते हैं।,एनसीएफई,शुरुआत,घरी पैसे वाचवण्याऐवजी बँकेत पैसे वाचवण्याचा फायदा काय आहे?,"बँकेतील बचतीमध्ये पैसे सुरक्षित राहतात, त्यावर व्याज मिळते आणि पैसे पाठवणे व स्वीकारणे सोपे होते.","ज्याप्रमाणे गळक्या कोठाराऐवजी धान्य सुरक्षित गोदामात ठेवणे, जिथे ते संरक्षित राहते आणि वाढूही शकते.","एक महिला तिची मासिक बचत बँक खात्यात जमा करते आणि त्यावर व्याज मिळवते, तर दुसरीकडे घरातील रोख रक्कम हरवू शकते किंवा चोरीला जाऊ शकते.",काहींना वाटते की बँका फक्त श्रीमंतांसाठीच आहेत; पण बँका लहान बचत करणाऱ्यांचे स्वागत करतात आणि त्यांची खाती सुरक्षित असतात.,एनसीएफई,नवशिक्या
How does access to a small overdraft facility help an account holder?,"A small overdraft lets account holders withdraw a little more than they have, helping them cover short-term needs.",Like a small emergency cash cushion that you can reach for when your pocket is momentarily empty.,"A daily-wage worker uses a small overdraft to buy tools when work is slow, then repays it once wages come in.","An overdraft is not free money; it is a short-term facility that must be repaid, so it is not extra income.",NCFE,beginner,छोटी ओवरड्राफ्ट सुविधा का लाभ खाताधारक को कैसे मिलता है?,"एक छोटा ओवरड्राफ्ट खाताधारकों को उनकी जमा राशि से थोड़ा अधिक निकालने की सुविधा देता है, जिससे उन्हें अल्पकालिक जरूरतों को पूरा करने में मदद मिलती है।",यह एक छोटे आपातकालीन नकदी भंडार की तरह है जिसे आप तब निकाल सकते हैं जब आपकी जेब क्षण भर के लिए खाली हो।,"दिहाड़ी मजदूर काम धीमा होने पर औजार खरीदने के लिए एक छोटे से ओवरड्राफ्ट का उपयोग करता है, और फिर मजदूरी आने पर उसे चुका देता है।","ओवरड्राफ्ट मुफ्त पैसा नहीं है; यह एक अल्पकालिक सुविधा है जिसे चुकाना पड़ता है, इसलिए यह अतिरिक्त आय नहीं है।",एनसीएफई,शुरुआत,लहान ओव्हरड्राफ्ट सुविधेचा वापर खातेदाराला कसा मदत करतो?,"लहान ओव्हरड्राफ्टमुळे खातेधारकांना त्यांच्याकडील रकमेपेक्षा थोडे अधिक पैसे काढता येतात, ज्यामुळे त्यांना अल्पकालीन गरजा भागवण्यास मदत होते.","एखाद्या लहानशा आपत्कालीन रोख रकमेच्या खिशाप्रमाणे, जो तुमचा खिसा क्षणभर रिकामा झाल्यावर तुम्ही काढू शकता.",रोजंदारीवर काम करणारा मजूर काम कमी असताना अवजारे खरेदी करण्यासाठी थोडे ओव्हरड्राफ्ट वापरतो आणि पगार मिळाल्यावर त्याची परतफेड करतो.,"ओव्हरड्राफ्ट म्हणजे फुकटचे पैसे नव्हेत; ही एक अल्प-मुदतीची सुविधा आहे जी परत करावी लागते, त्यामुळे ते अतिरिक्त उत्पन्न नाही.",एनसीएफई,नवशिक्या
What is a recurring deposit account and why is it useful?,A recurring deposit lets you pay a fixed amount regularly into the bank and earn interest on your total savings.,"Like filling a piggy bank on a fixed schedule, but the bank rewards you with extra money for your discipline.",A tailor deposits Rs. 500 every month into a recurring deposit and after a year has a lump sum for a new sewing machine.,People sometimes think recurring deposits lock their money away forever; the money matures and can be withdrawn after the term.,NCFE,beginner,आवर्ती जमा खाता क्या है और यह क्यों उपयोगी है?,आवर्ती जमा योजना आपको नियमित रूप से बैंक में एक निश्चित राशि जमा करने और अपनी कुल बचत पर ब्याज अर्जित करने की सुविधा देती है।,"यह ठीक वैसे ही है जैसे एक निश्चित समय-सीमा के भीतर गुल्लक भरना, लेकिन गुल्लक आपको आपके अनुशासन के लिए अतिरिक्त धन से पुरस्कृत करती है।",एक दर्जी हर महीने 500 रुपये आवर्ती जमा खाते में जमा करता है और एक साल बाद उसके पास एक नई सिलाई मशीन खरीदने के लिए एकमुश्त राशि जमा हो जाती है।,लोग कभी-कभी सोचते हैं कि आवर्ती जमा राशि उनके पैसे को हमेशा के लिए सुरक्षित कर देती है; पैसा परिपक्व हो जाता है और अवधि समाप्त होने के बाद निकाला जा सकता है।,एनसीएफई,शुरुआत,आवर्ती ठेव खाते म्हणजे काय आणि ते उपयुक्त का आहे?,आवर्ती ठेव प्रणालीमुळे तुम्ही बँकेत नियमितपणे एक निश्चित रक्कम जमा करू शकता आणि तुमच्या एकूण बचतीवर व्याज मिळवू शकता.,"जणू काही ठराविक वेळापत्रकानुसार पैशांची पेटी भरण्यासारखेच, पण तुमच्या शिस्तीबद्दल ती पेटी तुम्हाला बक्षीस म्हणून अतिरिक्त पैसे देते.",एक शिंपी दरमहा ५०० रुपये आवर्ती ठेवीमध्ये जमा करतो आणि एका वर्षानंतर त्याला नवीन शिलाई मशीनसाठी एकरकमी रक्कम मिळते.,लोकांना कधीकधी असे वाटते की आवर्ती ठेवींमुळे त्यांचे पैसे कायमचे अडकतात; पण मुदत संपल्यानंतर पैसे काढता येतात.,एनसीएफई,नवशिक्या
What is a Kisan Credit Card (KCC) used for?,"A KCC gives farmers access to timely credit for their farming needs such as seeds, fertiliser and equipment.","Like a ready fuel card that lets a farmer fill the tractor when sowing season arrives, without delay.",A farmer uses a KCC to buy seeds before the monsoon and repays the loan after selling the harvest.,The name suggests it is only for shopping like a normal card; a KCC is really an agricultural credit facility.,NCFE,beginner,किसान क्रेडिट कार्ड (केसीसी) का उपयोग किस लिए किया जाता है?,"केसीसी किसानों को उनकी कृषि संबंधी जरूरतों जैसे बीज, उर्वरक और उपकरण के लिए समय पर ऋण प्राप्त करने की सुविधा प्रदान करता है।",यह एक रेडी-टू-यूज फ्यूल कार्ड की तरह है जो किसान को बुवाई का मौसम आने पर बिना देरी किए ट्रैक्टर में ईंधन भरने की सुविधा देता है।,एक किसान मानसून से पहले बीज खरीदने के लिए केसीसी (KCC) का उपयोग करता है और फसल बेचने के बाद ऋण चुकाता है।,नाम से ऐसा लगता है कि यह सामान्य कार्ड की तरह केवल खरीदारी के लिए है; लेकिन वास्तव में केसीसी एक कृषि ऋण सुविधा है।,एनसीएफई,शुरुआत,किसान क्रेडिट कार्ड (KCC) कशासाठी वापरले जाते?,"केसीसीमुळे शेतकऱ्यांना बियाणे, खते आणि अवजारे यांसारख्या त्यांच्या शेतीविषयक गरजांसाठी वेळेवर कर्ज उपलब्ध होते.","एका तयार इंधन कार्डाप्रमाणे, जे शेतकऱ्याला पेरणीचा हंगाम आल्यावर विनाविलंब ट्रॅक्टरमध्ये इंधन भरू देते.",शेतकरी पावसाळ्यापूर्वी बियाणे खरेदी करण्यासाठी केसीसीचा वापर करतो आणि पीक विकल्यानंतर कर्जाची परतफेड करतो.,नावावरून वाटते की हे फक्त सामान्य कार्डप्रमाणे खरेदीसाठी आहे; पण खरे तर केसीसी ही एक कृषी पत सुविधा आहे.,एनसीएफई,नवशिक्या
Why should people borrow from banks rather than informal lenders?,"Bank loans usually charge fair, non-exploitative interest and are safer than informal lenders who may charge very high rates.",Like buying medicine from a licensed chemist rather than from an unregulated seller who may overcharge or sell fakes.,A vegetable vendor takes a bank loan at a reasonable interest rate instead of a moneylender's crushing rate.,Some think bank loans are always cheaper than subsidies; in fact banks charge competitive but not subsidised rates.,NCFE,beginner,लोगों को अनौपचारिक ऋणदाताओं के बजाय बैंकों से ऋण क्यों लेना चाहिए?,"बैंक ऋण आमतौर पर उचित, गैर-शोषणकारी ब्याज दर वसूलते हैं और अनौपचारिक ऋणदाताओं की तुलना में अधिक सुरक्षित होते हैं जो बहुत अधिक दरें वसूल सकते हैं।","जैसे किसी लाइसेंस प्राप्त केमिस्ट से दवा खरीदना, न कि किसी ऐसे अनियमित विक्रेता से जो अधिक कीमत वसूल सकता है या नकली दवा बेच सकता है।",एक सब्जी विक्रेता साहूकार की अत्यधिक ब्याज दर के बजाय उचित ब्याज दर पर बैंक से ऋण लेता है।,कुछ लोगों का मानना ​​है कि बैंक ऋण हमेशा सब्सिडी से सस्ते होते हैं; वास्तव में बैंक प्रतिस्पर्धी दरें तो वसूलते हैं लेकिन सब्सिडी वाली दरें नहीं।,एनसीएफई,शुरुआत,लोकांनी अनौपचारिक सावकारांऐवजी बँकांकडून कर्ज का घ्यावे?,बँकेचे कर्ज सहसा वाजवी आणि शोषणरहित व्याजदर आकारते आणि खूप जास्त दर आकारणाऱ्या अनौपचारिक सावकारांपेक्षा ते अधिक सुरक्षित असते.,ज्याप्रमाणे जास्त किंमत आकारणाऱ्या किंवा बनावट औषधे विकणाऱ्या अनियंत्रित विक्रेत्याऐवजी परवानाधारक औषध विक्रेत्याकडून औषध खरेदी करणे.,भाजी विक्रेता सावकाराच्या जाचक दराऐवजी बँकेकडून वाजवी व्याजदराने कर्ज घेतो.,"काहींना वाटते की बँकेची कर्जे अनुदानापेक्षा नेहमीच स्वस्त असतात; वास्तविक पाहता बँका स्पर्धात्मक दराने कर्ज देतात, अनुदानित दराने नाही.",एनसीएफई,नवशिक्या
Why should account holders be encouraged to make regular transactions?,"Regular transactions keep accounts active and help banks recover the cost of maintaining them, making the service viable.",Like a bus route that stays affordable and running only when enough passengers use it regularly.,"A family uses its bank account for remittances and small payments each month, keeping the account active and useful.",Some think an unused account costs them nothing; dormant accounts are costly for banks and may attract fees or closure.,NCFE,beginner,खाताधारकों को नियमित लेनदेन करने के लिए क्यों प्रोत्साहित किया जाना चाहिए?,"नियमित लेन-देन खातों को सक्रिय रखते हैं और बैंकों को उनके रखरखाव की लागत वसूलने में मदद करते हैं, जिससे सेवा व्यवहार्य बनी रहती है।",जैसे कोई बस सेवा जो किफायती बनी रहती है और तभी चलती रहती है जब पर्याप्त यात्री नियमित रूप से उसका उपयोग करते हैं।,"एक परिवार हर महीने पैसे भेजने और छोटी-मोटी किश्तें चुकाने के लिए अपने बैंक खाते का इस्तेमाल करता है, जिससे खाता सक्रिय और उपयोगी बना रहता है।",कुछ लोगों का मानना ​​है कि अप्रयुक्त खाते से उन्हें कोई लागत नहीं आती; निष्क्रिय खाते बैंकों के लिए महंगे साबित होते हैं और उन पर शुल्क लग सकता है या उन्हें बंद भी किया जा सकता है।,एनसीएफई,शुरुआत,खातेदारांना नियमित व्यवहार करण्यासाठी प्रोत्साहन का दिले पाहिजे?,"नियमित व्यवहारांमुळे खाती सक्रिय राहतात आणि बँकांना ती सांभाळण्याचा खर्च वसूल करण्यास मदत होते, ज्यामुळे ही सेवा व्यवहार्य ठरते.","एखाद्या बस मार्गाप्रमाणे, जो पुरेसे प्रवासी नियमितपणे वापरत असतील तरच परवडणारा आणि चालू राहतो.","एक कुटुंब दर महिन्याला पैसे पाठवण्यासाठी आणि लहान देयके देण्यासाठी आपल्या बँक खात्याचा वापर करते, ज्यामुळे ते खाते सक्रिय आणि उपयुक्त राहते.",काहींना वाटते की न वापरलेल्या खात्यासाठी त्यांना काहीही खर्च येत नाही; परंतु निष्क्रिय खाती बँकांसाठी खर्चिक असतात आणि त्यावर शुल्क आकारले जाऊ शकते किंवा ती बंद केली जाऊ शकतात.,एनसीएफई,नवशिक्या
What is budgeting?,A budget is a plan that shows how much money you expect to earn and how you will spend and save it over a period of time.,A budget is like a recipe: it tells you how much of each ingredient (money) you need and how it will be used so nothing is wasted.,"A family writes down that they will earn 10,000 rupees this month and plan to spend 6,000 on food, 2,000 on school fees and save 2,000.","A common misconception is that budgeting means you cannot spend on anything you enjoy, but a good budget lets you plan for both needs and small pleasures.",NCFE,beginner,बजट बनाना क्या है?,बजट एक ऐसी योजना है जो यह दर्शाती है कि आप एक निश्चित अवधि में कितना पैसा कमाने की उम्मीद करते हैं और आप उसे कैसे खर्च करेंगे और बचाएंगे।,बजट एक रेसिपी की तरह है: यह आपको बताता है कि आपको प्रत्येक सामग्री (पैसा) की कितनी मात्रा की आवश्यकता है और इसका उपयोग कैसे किया जाएगा ताकि कुछ भी बर्बाद न हो।,"एक परिवार लिखता है कि वे इस महीने 10,000 रुपये कमाएंगे और 6,000 रुपये भोजन पर, 2,000 रुपये स्कूल फीस पर खर्च करने और 2,000 रुपये बचाने की योजना बना रहे हैं।","एक आम गलत धारणा यह है कि बजट बनाने का मतलब है कि आप अपनी पसंद की किसी भी चीज पर खर्च नहीं कर सकते, लेकिन एक अच्छा बजट आपको जरूरतों और छोटी-मोटी खुशियों दोनों के लिए योजना बनाने की अनुमति देता है।",एनसीएफई,शुरुआत,अर्थसंकल्प म्हणजे काय?,"बजेट म्हणजे एक अशी योजना आहे, जी दर्शवते की तुम्ही ठराविक कालावधीत किती पैसे कमवाल आणि ते कसे खर्च कराल व त्यांची बचत कराल.","अंदाजपत्रक हे एखाद्या पाककृतीसारखे असते: ते तुम्हाला सांगते की प्रत्येक घटक (पैसा) किती लागेल आणि त्याचा वापर कसा केला जाईल, जेणेकरून काहीही वाया जाणार नाही.","एक कुटुंब लिहून ठेवते की ते या महिन्यात १०,००० रुपये कमावतील आणि त्यापैकी ६,००० रुपये अन्नावर, २,००० रुपये शाळेच्या फीवर खर्च करून २,००० रुपये वाचवतील.","एक सामान्य गैरसमज असा आहे की बजेट बनवल्यामुळे तुम्ही तुमच्या आवडीच्या कोणत्याही गोष्टीवर खर्च करू शकत नाही, पण एक चांगले बजेट तुम्हाला गरजा आणि लहानसहान आनंद या दोन्हींसाठी नियोजन करू देते.",एनसीएफई,नवशिक्या
What is saving?,"Saving means keeping aside a part of your income instead of spending it all, so you can use it later for future needs or emergencies.",Saving is like storing grain after the harvest so you have food during the months when nothing grows.,A shopkeeper puts aside 100 rupees from each day's sales into a savings account.,"Some people think saving means hiding money at home, but saving in a bank keeps it safe and can also earn interest.",NCFE,beginner,बचत क्या है?,"बचत का मतलब है अपनी आय का एक हिस्सा खर्च करने के बजाय अलग रखना, ताकि आप इसे भविष्य की जरूरतों या आपात स्थितियों के लिए इस्तेमाल कर सकें।",बचत करना फसल कटाई के बाद अनाज को भंडारित करने जैसा है ताकि आपके पास उन महीनों के दौरान भोजन हो जब कुछ भी नहीं उगता है।,एक दुकानदार प्रतिदिन की बिक्री में से 100 रुपये एक बचत खाते में जमा करता है।,"कुछ लोगों का मानना ​​है कि बचत का मतलब घर में पैसा छिपाकर रखना है, लेकिन बैंक में बचत करने से पैसा सुरक्षित रहता है और ब्याज भी मिलता है।",एनसीएफई,शुरुआत,बचत म्हणजे काय?,"बचत म्हणजे आपले सर्व उत्पन्न खर्च करण्याऐवजी त्यातील काही भाग बाजूला ठेवणे, जेणेकरून तुम्ही तो नंतर भविष्यातील गरजा किंवा आपत्कालीन परिस्थितीसाठी वापरू शकाल.","बचत करणे म्हणजे कापणीनंतर धान्य साठवून ठेवण्यासारखे आहे, जेणेकरून ज्या महिन्यांत काहीही पिकत नाही, त्या महिन्यांत तुमच्याकडे अन्न असेल.",एक दुकानदार दररोजच्या विक्रीतून १०० रुपये बचत खात्यात बाजूला ठेवतो.,"काही लोकांना वाटते की बचत म्हणजे घरात पैसे लपवून ठेवणे, पण बँकेत बचत केल्याने ते सुरक्षित राहतात आणि त्यावर व्याजही मिळू शकते.",एनसीएफई,नवशिक्या
What is a financial diary?,A financial diary is a small record book in which a person writes down their income and expenses so they can track and manage their money.,"It is like a health diary where you note down what you eat each day, but here you note down money coming in and going out.",A villager writes every rupee earned and spent during the month in the financial diary given at a financial literacy camp.,"People often think keeping such a record is unnecessary, but writing it down helps them see where money leaks and how to save more.",NCFE,beginner,वित्तीय डायरी क्या होती है?,वित्तीय डायरी एक छोटी रिकॉर्ड बुक होती है जिसमें व्यक्ति अपनी आय और खर्चों को लिखता है ताकि वह अपने पैसे का हिसाब रख सके और उसका प्रबंधन कर सके।,"यह एक स्वास्थ्य डायरी की तरह है जिसमें आप हर दिन अपने खाने-पीने की चीजों को नोट करते हैं, लेकिन यहां आप आने-जाने वाले पैसों को नोट करते हैं।",एक ग्रामीण वित्तीय साक्षरता शिविर में दी गई वित्तीय डायरी में महीने के दौरान कमाए और खर्च किए गए प्रत्येक रुपये का हिसाब रखता है।,"लोग अक्सर सोचते हैं कि इस तरह का रिकॉर्ड रखना अनावश्यक है, लेकिन इसे लिख लेने से उन्हें यह समझने में मदद मिलती है कि पैसा कहां खर्च हो रहा है और वे अधिक बचत कैसे कर सकते हैं।",एनसीएफई,शुरुआत,आर्थिक डायरी म्हणजे काय?,"आर्थिक डायरी हे एक लहान नोंदवही आहे, ज्यामध्ये व्यक्ती आपले उत्पन्न आणि खर्च लिहून ठेवते, जेणेकरून तिला आपल्या पैशांचा मागोवा घेता येईल आणि त्यांचे व्यवस्थापन करता येईल.","हे एखाद्या आरोग्य डायरीसारखे आहे, ज्यात तुम्ही दररोज काय खाता याची नोंद करता, पण इथे तुम्ही येणाऱ्या आणि जाणाऱ्या पैशांची नोंद करता.",आर्थिक साक्षरता शिबिरात दिलेल्या आर्थिक डायरीमध्ये एक गावकरी महिन्याभरात कमावलेला आणि खर्च केलेला प्रत्येक रुपया लिहितो.,"लोकांना अनेकदा वाटते की अशी नोंद ठेवणे अनावश्यक आहे, पण ते लिहून ठेवल्याने पैसा कुठे वाया जातो आणि अधिक बचत कशी करावी हे समजण्यास मदत होते.",एनसीएफई,नवशिक्या
What is the advantage of saving money with a bank?,"Saving with a bank keeps your money safe, gives you interest and makes it easy to receive and send payments.",Keeping money in a bank is like keeping valuables in a locked locker at a trusted office instead of under your mattress.,"A woman saves in her bank account and receives government benefits directly into it, avoiding the risk of losing cash.",A common myth is that banks take away your money; in truth a bank is a safe place to store it and it belongs to you.,NCFE,beginner,बैंक में पैसे जमा करने के क्या फायदे हैं?,"बैंक में बचत करने से आपका पैसा सुरक्षित रहता है, आपको ब्याज मिलता है और भुगतान प्राप्त करना और भेजना आसान हो जाता है।",बैंक में पैसा रखना वैसा ही है जैसे कीमती सामान को अपने गद्दे के नीचे रखने के बजाय किसी भरोसेमंद कार्यालय में ताले में बंद करके रखना।,"एक महिला अपने बैंक खाते में बचत करती है और सरकारी लाभ सीधे उसी खाते में प्राप्त करती है, जिससे नकदी खोने का जोखिम टल जाता है।",एक आम गलत धारणा यह है कि बैंक आपका पैसा छीन लेते हैं; सच्चाई यह है कि बैंक इसे सुरक्षित रखने की एक सुरक्षित जगह है और यह पैसा आपका ही है।,एनसीएफई,शुरुआत,बँकेत पैसे वाचवण्याचा फायदा काय आहे?,"बँकेत बचत केल्याने तुमचे पैसे सुरक्षित राहतात, त्यावर व्याज मिळते आणि पैसे पाठवणे व स्वीकारणे सोपे होते.",बँकेत पैसे ठेवणे म्हणजे मौल्यवान वस्तू गादीखाली ठेवण्याऐवजी एखाद्या विश्वासार्ह कार्यालयातील कुलूपबंद लॉकरमध्ये ठेवण्यासारखे आहे.,"एक महिला तिच्या बँक खात्यात बचत करते आणि सरकारी लाभ थेट त्यात मिळवते, ज्यामुळे रोख रक्कम गमावण्याचा धोका टळतो.",एक सामान्य गैरसमज असा आहे की बँका तुमचे पैसे काढून घेतात; खरे तर बँक हे पैसे ठेवण्याचे एक सुरक्षित ठिकाण आहे आणि ते पैसे तुमचेच असतात.,एनसीएफई,नवशिक्या
What is a Business Correspondent?,"A Business Correspondent is a person appointed by a bank to provide basic banking services, such as opening accounts and taking deposits, in villages where there is no bank branch.",A Business Correspondent is like a bank's doorstep delivery person who brings banking to your village so you do not have to travel far.,A local shopkeeper appointed as a Business Correspondent collects small deposits from villagers on behalf of the bank.,"Some people think a Business Correspondent is running their own money business, but they act on behalf of the bank and your money goes to the bank.",NCFE,beginner,बिजनेस कॉरेस्पोंडेंट क्या होता है?,"बिजनेस कॉरेस्पोंडेंट वह व्यक्ति होता है जिसे बैंक द्वारा उन गांवों में बुनियादी बैंकिंग सेवाएं प्रदान करने के लिए नियुक्त किया जाता है जहां बैंक की कोई शाखा नहीं होती है, जैसे कि खाते खोलना और जमा स्वीकार करना।",एक बिजनेस कॉरेस्पोंडेंट बैंक के डोरस्टेप डिलीवरी पर्सन की तरह होता है जो बैंकिंग सेवाओं को आपके गांव तक पहुंचाता है ताकि आपको दूर यात्रा न करनी पड़े।,"एक स्थानीय दुकानदार, जिसे बिजनेस कॉरेस्पोंडेंट के रूप में नियुक्त किया गया है, बैंक की ओर से ग्रामीणों से छोटी-छोटी जमा राशि एकत्र करता है।","कुछ लोगों को लगता है कि एक बिजनेस कॉरेस्पोंडेंट अपना खुद का वित्तीय कारोबार चला रहा है, लेकिन वे बैंक की ओर से काम करते हैं और आपका पैसा बैंक में ही जाता है।",एनसीएफई,शुरुआत,व्यवसाय वार्ताहर म्हणजे काय?,"ज्या गावांमध्ये बँकेची शाखा नाही, तेथे खाते उघडणे आणि ठेवी स्वीकारणे यांसारख्या मूलभूत बँकिंग सेवा पुरवण्यासाठी बँकेने नियुक्त केलेली व्यक्ती म्हणजे व्यवसाय प्रतिनिधी (बिझनेस करस्पॉन्डंट).","बिझनेस करस्पॉन्डंट म्हणजे बँकेच्या घरपोच सेवा देणाऱ्या व्यक्तीसारखा असतो, जो बँकिंग सेवा थेट तुमच्या गावात आणतो, जेणेकरून तुम्हाला दूरवर प्रवास करावा लागत नाही.",व्यवसाय प्रतिनिधी म्हणून नियुक्त केलेला एक स्थानिक दुकानदार बँकेच्या वतीने गावकऱ्यांकडून लहान ठेवी गोळा करतो.,"काही लोकांना वाटते की बिझनेस करस्पॉन्डंट स्वतःचा पैशांचा व्यवसाय चालवत असतो, पण ते बँकेच्या वतीने काम करतात आणि तुमचे पैसे बँकेकडेच जातात.",एनसीएफई,नवशिक्या
What is the difference between formal and informal sources of borrowing?,"Formal sources like banks and registered institutions are regulated and charge fair, fixed interest, while informal sources like local moneylenders are not regulated and often charge very high interest.","Formal borrowing is like buying goods from a licensed shop with a clear price tag, while informal borrowing is like buying from an unknown seller who sets any price he likes.","Taking a loan from a bank at 10 percent interest is formal borrowing, while borrowing from a moneylender at 60 percent is informal borrowing.","Many believe informal loans are easier and cheaper, but their hidden and very high interest often traps borrowers in debt.",NCFE,beginner,औपचारिक और अनौपचारिक उधार स्रोतों में क्या अंतर है?,"बैंकों और पंजीकृत संस्थानों जैसे औपचारिक स्रोत विनियमित होते हैं और उचित, निश्चित ब्याज दर वसूलते हैं, जबकि स्थानीय साहूकारों जैसे अनौपचारिक स्रोत विनियमित नहीं होते हैं और अक्सर बहुत अधिक ब्याज दर वसूलते हैं।","औपचारिक उधार लेना एक लाइसेंस प्राप्त दुकान से स्पष्ट मूल्य टैग के साथ सामान खरीदने जैसा है, जबकि अनौपचारिक उधार लेना एक अज्ञात विक्रेता से सामान खरीदने जैसा है जो अपनी मर्जी से कोई भी कीमत तय कर सकता है।","बैंक से 10 प्रतिशत ब्याज पर ऋण लेना औपचारिक उधार है, जबकि साहूकार से 60 प्रतिशत ब्याज पर उधार लेना अनौपचारिक उधार है।","कई लोगों का मानना ​​है कि अनौपचारिक ऋण आसान और सस्ते होते हैं, लेकिन उनकी छिपी हुई और बहुत अधिक ब्याज दरें अक्सर उधारकर्ताओं को कर्ज के जाल में फंसा देती हैं।",एनसीएफई,शुरुआत,कर्ज घेण्याच्या औपचारिक आणि अनौपचारिक स्रोतांमध्ये काय फरक आहे?,"बँका आणि नोंदणीकृत संस्थांसारखे औपचारिक स्रोत नियमित असतात आणि वाजवी, निश्चित व्याज आकारतात, तर स्थानिक सावकारांसारखे अनौपचारिक स्रोत नियमित नसतात आणि अनेकदा खूप जास्त व्याज आकारतात.","औपचारिक कर्ज घेणे म्हणजे स्पष्ट किंमत असलेल्या परवानाधारक दुकानातून वस्तू खरेदी करण्यासारखे आहे, तर अनौपचारिक कर्ज घेणे म्हणजे आपल्या मर्जीप्रमाणे कोणतीही किंमत ठरवणाऱ्या अज्ञात विक्रेत्याकडून वस्तू खरेदी करण्यासारखे आहे.","बँकेकडून १० टक्के व्याजाने कर्ज घेणे हे औपचारिक कर्ज घेणे आहे, तर सावकाराकडून ६० टक्के व्याजाने कर्ज घेणे हे अनौपचारिक कर्ज घेणे आहे.","अनेकांना वाटते की अनौपचारिक कर्ज घेणे सोपे आणि स्वस्त असते, परंतु त्यावरील छुपे आणि प्रचंड व्याजदर अनेकदा कर्जदारांना कर्जाच्या सापळ्यात अडकवतात.",एनसीएफई,नवशिक्या
Why is it important to know the purpose and cost of borrowing?,Knowing why you are borrowing and how much it will cost helps you decide if the loan is really worth taking and prevents you from falling into a debt trap.,"It is like checking the price and terms before hiring a taxi, so you know the full fare before you start the ride.","A person wants a loan for a productive purpose like buying a sewing machine, and checks the interest rate before agreeing.","People often focus only on the loan amount and ignore the interest, which is actually the real cost of borrowing.",NCFE,beginner,ऋण लेने का उद्देश्य और उसकी लागत जानना क्यों महत्वपूर्ण है?,"आपको यह जानना चाहिए कि आप उधार क्यों ले रहे हैं और इसकी लागत कितनी होगी, इससे आपको यह तय करने में मदद मिलती है कि क्या ऋण लेना वास्तव में फायदेमंद है और आपको कर्ज के जाल में फंसने से बचाता है।","यह टैक्सी किराए पर लेने से पहले कीमत और शर्तों की जांच करने जैसा है, ताकि यात्रा शुरू करने से पहले आपको पूरा किराया पता चल जाए।",एक व्यक्ति सिलाई मशीन खरीदने जैसे किसी उत्पादक उद्देश्य के लिए ऋण लेना चाहता है और सहमति देने से पहले ब्याज दर की जांच करता है।,"लोग अक्सर केवल ऋण राशि पर ध्यान केंद्रित करते हैं और ब्याज को नजरअंदाज कर देते हैं, जो वास्तव में उधार लेने की असली लागत होती है।",एनसीएफई,शुरुआत,कर्ज घेण्याचा उद्देश आणि त्यासाठी लागणारा खर्च जाणून घेणे का महत्त्वाचे आहे?,"तुम्ही कर्ज का घेत आहात आणि त्यासाठी किती खर्च येईल हे जाणून घेतल्याने, ते कर्ज घेणे खरोखरच योग्य आहे की नाही हे ठरवण्यास मदत होते आणि तुम्ही कर्जाच्या सापळ्यात अडकण्यापासून वाचता.","हे अगदी टॅक्सी भाड्याने घेण्यापूर्वी भाडे आणि अटी तपासण्यासारखे आहे, जेणेकरून प्रवास सुरू करण्यापूर्वीच तुम्हाला संपूर्ण भाडे कळते.",एखाद्या व्यक्तीला शिलाई मशीन खरेदी करण्यासारख्या उत्पादक कामासाठी कर्ज हवे असते आणि कर्ज मंजूर करण्यापूर्वी ती व्याजदर तपासते.,"लोक अनेकदा फक्त कर्जाच्या रकमेवर लक्ष केंद्रित करतात आणि व्याजाकडे दुर्लक्ष करतात, जे खरेतर कर्ज घेण्याचा खरा खर्च असतो.",एनसीएफई,नवशिक्या
What are the different types of borrowing?,"Borrowing can be for different needs, such as productive loans for income-earning activities, consumption loans for daily needs, and emergency loans for sudden expenses.","It is like the different reasons you might ask a neighbour for help: to start a business, to buy daily food, or to handle a sudden illness.","A tailor borrows a productive loan to buy cloth, while another person takes a loan to meet a medical emergency.","Some think all borrowing is bad, but a loan used for a productive purpose that generates income can be useful if repaid on time.",NCFE,beginner,ऋण लेने के विभिन्न प्रकार क्या हैं?,"ऋण विभिन्न आवश्यकताओं के लिए लिया जा सकता है, जैसे कि आय अर्जित करने वाली गतिविधियों के लिए उत्पादक ऋण, दैनिक आवश्यकताओं के लिए उपभोग ऋण और अचानक होने वाले खर्चों के लिए आपातकालीन ऋण।","यह उन विभिन्न कारणों की तरह है जिनके लिए आप अपने पड़ोसी से मदद मांग सकते हैं: व्यवसाय शुरू करने के लिए, दैनिक भोजन खरीदने के लिए, या अचानक बीमार पड़ने पर।","एक दर्जी कपड़ा खरीदने के लिए उत्पादक ऋण लेता है, जबकि दूसरा व्यक्ति चिकित्सा आपात स्थिति से निपटने के लिए ऋण लेता है।","कुछ लोगों का मानना ​​है कि सभी प्रकार के उधार लेना बुरा है, लेकिन उत्पादक उद्देश्य के लिए लिया गया ऋण, जिससे आय उत्पन्न होती है, समय पर चुकाए जाने पर उपयोगी हो सकता है।",एनसीएफई,शुरुआत,कर्ज घेण्याचे वेगवेगळे प्रकार कोणते आहेत?,"कर्ज विविध गरजांसाठी घेतले जाऊ शकते, जसे की उत्पन्न मिळवणाऱ्या कामांसाठी उत्पादक कर्ज, दैनंदिन गरजांसाठी उपभोग कर्ज आणि अचानक उद्भवणाऱ्या खर्चांसाठी आपत्कालीन कर्ज.","हे अगदी त्या वेगवेगळ्या कारणांसारखे आहे, ज्या कारणांमुळे तुम्ही शेजाऱ्याकडे मदत मागू शकता: व्यवसाय सुरू करण्यासाठी, रोजच्या गरजेच्या वस्तू खरेदी करण्यासाठी किंवा अचानक उद्भवलेल्या आजाराला तोंड देण्यासाठी.","एक शिंपी कापड खरेदी करण्यासाठी उत्पादक कर्ज घेतो, तर दुसरी व्यक्ती वैद्यकीय आपत्कालीन परिस्थितीसाठी कर्ज घेते.","काहींना वाटते की सर्व प्रकारचे कर्ज घेणे वाईट असते, परंतु उत्पन्न मिळवून देणाऱ्या उत्पादक कामासाठी घेतलेले कर्ज, जर वेळेवर परतफेड केले तर उपयुक्त ठरू शकते.",एनसीएफई,नवशिक्या
What is the main objective of financial literacy programs described in the text?,To bring unbanked people into the banking fold by teaching financial concepts and helping them open and actively use bank accounts.,It's like a swimming instructor not only teaching theory at the poolside but also getting students into the water and checking they keep swimming.,"A village camp teaches villagers about savings, then helps them open accounts on the spot and follows up to ensure they actually use them.",Many think financial literacy is just about giving information; in reality it must lead to account opening and regular usage.,NCFE,beginner,पाठ में वर्णित वित्तीय साक्षरता कार्यक्रमों का मुख्य उद्देश्य क्या है?,बैंकिंग सेवाओं से वंचित लोगों को वित्तीय अवधारणाओं को सिखाकर और उन्हें बैंक खाते खोलने और सक्रिय रूप से उपयोग करने में मदद करके उन्हें बैंकिंग व्यवस्था से जोड़ना।,यह कुछ वैसा ही है जैसे कोई तैराकी प्रशिक्षक न केवल पूल के किनारे सिद्धांत सिखाता है बल्कि छात्रों को पानी में उतारता है और यह सुनिश्चित करता है कि वे तैरते रहें।,"एक ग्राम शिविर में ग्रामीणों को बचत के बारे में सिखाया जाता है, फिर उन्हें मौके पर ही खाते खोलने में मदद की जाती है और यह सुनिश्चित करने के लिए निगरानी की जाती है कि वे वास्तव में उनका उपयोग करें।",बहुत से लोग सोचते हैं कि वित्तीय साक्षरता का मतलब सिर्फ जानकारी देना है; वास्तविकता में इसका उद्देश्य खाता खोलना और उसका नियमित उपयोग करना होना चाहिए।,एनसीएफई,शुरुआत,मजकुरात वर्णन केलेल्या आर्थिक साक्षरता कार्यक्रमांचे मुख्य उद्दिष्ट काय आहे?,"ज्या लोकांकडे बँक खाते नाही, त्यांना आर्थिक संकल्पना शिकवून आणि बँक खाती उघडण्यास व ती सक्रियपणे वापरण्यास मदत करून, त्यांना बँकिंग व्यवस्थेच्या कक्षेत आणणे.","हे अगदी एखाद्या पोहण्याच्या प्रशिक्षकासारखं आहे, जो केवळ तलावाच्या काठावर सिद्धांत शिकवत नाही, तर विद्यार्थ्यांना पाण्यात उतरवून ते पोहत राहतात की नाही हे देखील तपासतो.","एका गाव शिबिरात गावकऱ्यांना बचतीबद्दल शिकवले जाते, त्यानंतर त्यांना जागेवरच खाती उघडण्यास मदत केली जाते आणि ते खरोखरच त्याचा वापर करतात की नाही याची खात्री करण्यासाठी पाठपुरावा केला जातो.",अनेकांना वाटते की आर्थिक साक्षरता म्हणजे केवळ माहिती देणे; पण प्रत्यक्षात त्यातून खाते उघडले जाणे आणि त्याचा नियमित वापर होणे अपेक्षित असते.,एनसीएफई,नवशिक्या
Why is close monitoring of account usage important after opening accounts?,Monitoring helps identify what stops people from using their accounts frequently so those problems can be fixed quickly.,"It's like a teacher checking homework regularly to spot which topics students struggle with, rather than just handing out books.","A bank reviews how often new account holders deposit money and finds travel distance is the barrier, so it adds a local agent.",Some believe the job ends once an account is opened; actually account opening is just the first step toward regular usage.,NCFE,beginner,खाता खोलने के बाद खाते के उपयोग की बारीकी से निगरानी करना क्यों महत्वपूर्ण है?,निगरानी से यह पहचानने में मदद मिलती है कि कौन सी चीजें लोगों को अपने खातों का बार-बार उपयोग करने से रोकती हैं ताकि उन समस्याओं को जल्दी से ठीक किया जा सके।,यह कुछ वैसा ही है जैसे कोई शिक्षक छात्रों को किताबें देने के बजाय नियमित रूप से उनका होमवर्क चेक करके यह पता लगाता है कि किन विषयों में उन्हें कठिनाई हो रही है।,"एक बैंक इस बात की समीक्षा करता है कि नए खाताधारक कितनी बार पैसे जमा करते हैं और पाता है कि यात्रा की दूरी ही इसमें बाधा है, इसलिए वह एक स्थानीय एजेंट नियुक्त करता है।",कुछ लोगों का मानना ​​है कि खाता खुल जाने के बाद काम खत्म हो जाता है; वास्तव में खाता खोलना नियमित उपयोग की दिशा में सिर्फ पहला कदम है।,एनसीएफई,शुरुआत,खाते उघडल्यानंतर त्याच्या वापरावर बारकाईने लक्ष ठेवणे का महत्त्वाचे आहे?,"देखरेखीमुळे लोकांना त्यांची खाती वारंवार वापरण्यापासून काय रोखते हे ओळखण्यास मदत होते, जेणेकरून त्या समस्या त्वरित सोडवता येतील.","हे अगदी एखाद्या शिक्षकाने केवळ पुस्तके वाटण्याऐवजी, विद्यार्थ्यांना कोणत्या विषयांमध्ये अडचण येते हे ओळखण्यासाठी त्यांचा गृहपाठ नियमितपणे तपासण्यासारखे आहे.","बँक नवीन खातेदार किती वेळा पैसे जमा करतात याचा आढावा घेते आणि प्रवासाचे अंतर हा अडथळा असल्याचे लक्षात आल्यावर, ती एक स्थानिक एजंट नियुक्त करते.","काहींना वाटते की खाते उघडल्यावर काम संपते; पण खरे तर, खाते उघडणे हे नियमित वापराच्या दिशेने फक्त पहिले पाऊल आहे.",एनसीएफई,नवशिक्या
Who should be involved when organizing financial literacy events in villages?,"Local Government officials, prominent villagers like the sarpanch or school teachers, and NGOs with a proven track record.",It's like getting well-known community leaders to endorse a local event so more people show up and trust it.,A bank invites the village sarpanch and a respected NGO to help run a financial literacy camp and boost attendance.,"Some assume banks should organize camps alone, but involving trusted local figures greatly improves participation.",NCFE,beginner,गांवों में वित्तीय साक्षरता कार्यक्रम आयोजित करते समय किन-किन लोगों को शामिल किया जाना चाहिए?,"स्थानीय सरकारी अधिकारी, सरपंच या स्कूल शिक्षकों जैसे प्रमुख ग्रामीण और सिद्ध ट्रैक रिकॉर्ड वाले गैर-सरकारी संगठन।",यह कुछ ऐसा ही है जैसे किसी स्थानीय कार्यक्रम के लिए जाने-माने सामुदायिक नेताओं से समर्थन प्राप्त करना ताकि अधिक लोग उसमें शामिल हों और उस पर भरोसा करें।,एक बैंक ने गांव के सरपंच और एक प्रतिष्ठित गैर सरकारी संगठन को वित्तीय साक्षरता शिविर चलाने और उसमें उपस्थिति बढ़ाने में मदद करने के लिए आमंत्रित किया।,"कुछ लोगों का मानना ​​है कि शिविरों का आयोजन अकेले बैंकों को ही करना चाहिए, लेकिन विश्वसनीय स्थानीय हस्तियों को शामिल करने से भागीदारी में काफी सुधार होता है।",एनसीएफई,शुरुआत,गावांमध्ये आर्थिक साक्षरतेचे कार्यक्रम आयोजित करताना कोणाचा सहभाग असावा?,"स्थानिक सरकारी अधिकारी, सरपंच किंवा शाळेतील शिक्षक यांसारखे गावातील प्रतिष्ठित व्यक्ती आणि सिद्ध कामगिरी असलेल्या स्वयंसेवी संस्था.","हे अगदी असं आहे की, समाजातील सुप्रसिद्ध नेत्यांनी एखाद्या स्थानिक कार्यक्रमाला पाठिंबा द्यावा, जेणेकरून अधिक लोक उपस्थित राहतील आणि त्यावर विश्वास ठेवतील.",एक बँक आर्थिक साक्षरता शिबिर चालवण्यासाठी आणि उपस्थिती वाढवण्यासाठी गावातील सरपंच आणि एका प्रतिष्ठित स्वयंसेवी संस्थेला आमंत्रित करते.,"काहींना वाटते की बँकांनीच शिबिरे आयोजित करावीत, परंतु विश्वासू स्थानिक व्यक्तींना सामील करून घेतल्यास सहभाग मोठ्या प्रमाणात वाढतो.",एनसीएफई,नवशिक्या
"In how many stages is the financial literacy camp program conducted, and over what period?","Three stages over three months, each with a session of at least two hours plus a follow-up visit.","It's like a three-part course spread across a term, with each lesson reinforced later.",Month one: awareness session. Month two: deeper session. Month three: final session and a visit to deliver cards.,"People often think a financial literacy camp is a single event, but it is a multi-session program over three months.",NCFE,beginner,वित्तीय साक्षरता शिविर कार्यक्रम कितने चरणों में और कितनी अवधि में आयोजित किया जाता है?,"तीन महीनों में तीन चरण, प्रत्येक चरण में कम से कम दो घंटे का एक सत्र और एक अनुवर्ती मुलाकात शामिल होगी।","यह एक सत्र में फैले तीन भागों वाले पाठ्यक्रम की तरह है, जिसमें प्रत्येक पाठ को बाद में दोहराया जाता है।",पहला महीना: जागरूकता सत्र। दूसरा महीना: गहन सत्र। तीसरा महीना: अंतिम सत्र और कार्ड वितरित करने के लिए एक मुलाकात।,"लोग अक्सर सोचते हैं कि वित्तीय साक्षरता शिविर एक ही कार्यक्रम होता है, लेकिन यह तीन महीने तक चलने वाला कई सत्रों का कार्यक्रम है।",एनसीएफई,शुरुआत,आर्थिक साक्षरता शिबिर कार्यक्रम किती टप्प्यांमध्ये आणि कोणत्या कालावधीत आयोजित केला जातो?,"तीन महिन्यांत तीन टप्पे, प्रत्येक टप्प्यात किमान दोन तासांचे एक सत्र आणि त्यानंतर एक पाठपुरावा भेट.","हा एका सत्रात पसरलेल्या तीन भागांच्या अभ्यासक्रमासारखा आहे, ज्यात प्रत्येक धड्याची नंतर उजळणी केली जाते.",पहिला महिना: जागरूकता सत्र. दुसरा महिना: अधिक सखोल सत्र. तिसरा महिना: अंतिम सत्र आणि कार्ड देण्यासाठी भेट.,"लोकांना अनेकदा वाटते की आर्थिक साक्षरता शिबिर हा एकच कार्यक्रम असतो, पण तो तीन महिन्यांचा, अनेक सत्रांचा कार्यक्रम असतो.",एनसीएफई,नवशिक्या
What is the focus of the first session of a financial literacy camp?,"Creating awareness about financial concepts, personal finance, and managing money among villagers.",It's like the introduction class of a course where you learn the basic ideas before the practical work begins.,"In the first session, villagers learn what budgeting means and why saving with a bank matters.","Some think the first session involves transactions or accounts, but it is mainly about building awareness and understanding.",NCFE,beginner,वित्तीय साक्षरता शिविर के पहले सत्र का मुख्य उद्देश्य क्या है?,"ग्रामीणों के बीच वित्तीय अवधारणाओं, व्यक्तिगत वित्त और धन प्रबंधन के बारे में जागरूकता पैदा करना।",यह किसी कोर्स की परिचयात्मक कक्षा की तरह है जहाँ आप व्यावहारिक कार्य शुरू होने से पहले बुनियादी अवधारणाओं को सीखते हैं।,"पहले सत्र में, ग्रामीण यह सीखते हैं कि बजट बनाने का क्या अर्थ है और बैंक में बचत करना क्यों महत्वपूर्ण है।","कुछ लोगों का मानना ​​है कि पहले सत्र में लेन-देन या खातों से संबंधित चर्चा होती है, लेकिन वास्तव में यह मुख्य रूप से जागरूकता और समझ विकसित करने के बारे में है।",एनसीएफई,शुरुआत,आर्थिक साक्षरता शिबिराच्या पहिल्या सत्राचा मुख्य उद्देश काय असतो?,"गावकऱ्यांमध्ये आर्थिक संकल्पना, वैयक्तिक वित्त आणि पैशाचे व्यवस्थापन याबद्दल जागरूकता निर्माण करणे.","हे एखाद्या अभ्यासक्रमाच्या प्रास्ताविक वर्गासारखं आहे, जिथे प्रत्यक्ष काम सुरू होण्यापूर्वी तुम्ही मूलभूत संकल्पना शिकता.","पहिल्या सत्रात, गावकऱ्यांना अर्थसंकल्प म्हणजे काय आणि बँकेत बचत करणे का महत्त्वाचे आहे हे शिकवले जाते.","काहींना वाटते की पहिल्या सत्रात व्यवहार किंवा खात्यांचा समावेश असतो, पण ते मुख्यत्वे जागरूकता आणि समज निर्माण करण्याबद्दल असते.",एनसीएफई,नवशिक्या
What is a financial diary and how is it used?,A financial diary is a notebook for preparing a budget and recording income and expenses periodically over time.,"It's like a fitness tracker but for money, showing where your cash is going every day.",A participant writes down weekly earnings and spending in the diary for a month to understand their money habits.,Some think a financial diary is only for the wealthy; in fact it helps anyone track and control their spending.,NCFE,beginner,वित्तीय डायरी क्या होती है और इसका उपयोग कैसे किया जाता है?,वित्तीय डायरी एक ऐसी नोटबुक है जिसका उपयोग बजट तैयार करने और समय-समय पर आय और व्यय को रिकॉर्ड करने के लिए किया जाता है।,"यह एक फिटनेस ट्रैकर की तरह है, लेकिन पैसे के लिए, जो दिखाता है कि आपका पैसा हर दिन कहाँ खर्च हो रहा है।",एक प्रतिभागी अपनी खर्च करने की आदतों को समझने के लिए एक महीने तक डायरी में साप्ताहिक आय और खर्च लिखता है।,कुछ लोगों का मानना ​​है कि वित्तीय डायरी केवल धनी लोगों के लिए होती है; वास्तव में यह किसी भी व्यक्ति को अपने खर्चों पर नज़र रखने और उन्हें नियंत्रित करने में मदद करती है।,एनसीएफई,शुरुआत,आर्थिक डायरी म्हणजे काय आणि तिचा वापर कसा केला जातो?,आर्थिक डायरी म्हणजे अंदाजपत्रक तयार करण्यासाठी आणि वेळोवेळी उत्पन्न व खर्चाची नोंद ठेवण्यासाठी असलेली एक वही.,"हे पैशांसाठीच्या फिटनेस ट्रॅकरसारखेच आहे, जे तुमचे पैसे दररोज कुठे खर्च होत आहेत हे दाखवते.",सहभागी व्यक्ती आपल्या पैशांच्या सवयी समजून घेण्यासाठी महिनाभर डायरीमध्ये साप्ताहिक कमाई आणि खर्च लिहून ठेवते.,"काहींना वाटते की आर्थिक डायरी फक्त श्रीमंतांसाठीच असते; पण खरे तर, त्यामुळे कोणालाही आपल्या खर्चाचा मागोवा घेण्यास आणि त्यावर नियंत्रण ठेवण्यास मदत होते.",एनसीएफई,नवशिक्या
What is a Business Correspondent in banking?,"A person or agent who provides basic banking services on behalf of a bank, especially in areas without a branch.",It's like a mobile postman who brings banking to your doorstep instead of you going to the post office.,Villagers deposit and withdraw small amounts through a local Business Correspondent instead of travelling to town.,Some believe a Business Correspondent is a separate bank; actually they represent an existing bank's services.,NCFE,beginner,बैंकिंग क्षेत्र में बिजनेस कॉरेस्पोंडेंट की भूमिका क्या होती है?,"वह व्यक्ति या एजेंट जो किसी बैंक की ओर से बुनियादी बैंकिंग सेवाएं प्रदान करता है, विशेष रूप से उन क्षेत्रों में जहां बैंक की कोई शाखा नहीं है।","यह एक चलते-फिरते डाकिया की तरह है जो आपके घर तक बैंकिंग सेवाएं पहुंचाता है, ताकि आपको डाकघर जाने की जरूरत न पड़े।",ग्रामीण लोग शहर जाने के बजाय स्थानीय बिजनेस कॉरेस्पोंडेंट के माध्यम से छोटी रकम जमा और निकालते हैं।,कुछ लोगों का मानना ​​है कि बिजनेस कॉरेस्पोंडेंट एक अलग बैंक होता है; वास्तव में वे किसी मौजूदा बैंक की सेवाओं का प्रतिनिधित्व करते हैं।,एनसीएफई,शुरुआत,बँकिंगमध्ये बिझनेस करस्पॉन्डंट म्हणजे काय?,"बँकेच्या वतीने मूलभूत बँकिंग सेवा पुरवणारी व्यक्ती किंवा एजंट, विशेषतः ज्या भागात शाखा नाही अशा ठिकाणी.","हे एका फिरत्या पोस्टमनसारखं आहे, जो तुम्हाला पोस्ट ऑफिसमध्ये जाण्याऐवजी बँकिंग सेवा थेट तुमच्या दारात आणून देतो.",गावकरी शहरात प्रवास करण्याऐवजी स्थानिक व्यवसाय प्रतिनिधीमार्फत लहान रक्कम जमा करतात आणि काढतात.,काहींना वाटते की बिझनेस करस्पॉन्डंट ही एक वेगळी बँक असते; प्रत्यक्षात ते विद्यमान बँकेच्या सेवांचे प्रतिनिधित्व करतात.,एनसीएफई,नवशिक्या
Why should banks prepare an annual calendar of camp locations in advance?,To plan and organize financial literacy camps in an orderly way so they reach many rural locations on time.,It's like a school preparing a yearly timetable so every class gets scheduled without clashes.,"A rural branch lists twelve villages, one camp per month, so villagers know when the camp will arrive.",Some think camps are spontaneous; in reality they are planned and publicized well ahead through an annual calendar.,NCFE,beginner,बैंकों को शिविर स्थलों का वार्षिक कैलेंडर पहले से क्यों तैयार करना चाहिए?,वित्तीय साक्षरता शिविरों की योजना और आयोजन इस प्रकार से करना ताकि वे समय पर कई ग्रामीण स्थानों तक पहुंच सकें।,यह ठीक वैसे ही है जैसे कोई स्कूल सालाना टाइमटेबल तैयार करता है ताकि हर क्लास का शेड्यूल बिना किसी टकराव के तय हो सके।,"ग्रामीण शाखा में बारह गांवों की सूची है, जहां प्रति माह एक शिविर आयोजित किया जाता है, ताकि ग्रामीणों को पता रहे कि शिविर कब आएगा।",कुछ लोगों का मानना ​​है कि शिविर स्वतःस्फूर्त होते हैं; वास्तविकता में वे वार्षिक कैलेंडर के माध्यम से काफी पहले से नियोजित और प्रचारित किए जाते हैं।,एनसीएफई,शुरुआत,बँकांनी शिबिरांच्या ठिकाणांचे वार्षिक वेळापत्रक आगाऊ का तयार करावे?,"आर्थिक साक्षरता शिबिरांचे सुव्यवस्थितपणे नियोजन आणि आयोजन करणे, जेणेकरून ती अनेक ग्रामीण भागांमध्ये वेळेवर पोहोचतील.","हे एखाद्या शाळेसारखं आहे, जी वार्षिक वेळापत्रक तयार करते जेणेकरून प्रत्येक वर्गाचे वेळापत्रक कोणत्याही संघर्षाशिवाय जुळेल.","ग्रामीण शाखेत बारा गावांची यादी आहे, दर महिन्याला एक शिबिर, त्यामुळे गावकऱ्यांना शिबिर केव्हा येणार आहे हे कळते.",काहींना वाटते की शिबिरे उत्स्फूर्तपणे होतात; पण प्रत्यक्षात त्यांचे नियोजन केलेले असते आणि वार्षिक दिनदर्शिकेद्वारे त्यांची खूप आधीच प्रसिद्धी केली जाते.,एनसीएफई,नवशिक्या
Why is advance publicity given before a financial literacy camp?,To make villagers aware of the camp in advance so that attendance is good and as many people as possible benefit.,It's like advertising a village fair beforehand so enough people turn up on the day.,Notice is spread through the sarpanch and school teachers a week before the camp so villagers mark the date.,"Some assume people will attend automatically; without publicity, attendance at such camps tends to be poor.",NCFE,beginner,वित्तीय साक्षरता शिविर से पहले अग्रिम प्रचार क्यों किया जाता है?,ग्रामीणों को शिविर के बारे में पहले से ही जागरूक करना ताकि उपस्थिति अच्छी हो और अधिक से अधिक लोग लाभान्वित हो सकें।,यह ठीक वैसा ही है जैसे किसी गांव के मेले का विज्ञापन पहले से कर दिया जाए ताकि उस दिन पर्याप्त संख्या में लोग आ सकें।,शिविर से एक सप्ताह पहले सरपंच और स्कूल शिक्षकों के माध्यम से सूचना प्रसारित की जाती है ताकि ग्रामीण उस तारीख को याद रख सकें।,"कुछ लोग यह मान लेते हैं कि लोग अपने आप ही भाग लेंगे; प्रचार-प्रसार के बिना, ऐसे शिविरों में उपस्थिति आमतौर पर कम रहती है।",एनसीएफई,शुरुआत,आर्थिक साक्षरता शिबिराच्या आधी पूर्वप्रसिद्धी का दिली जाते?,"शिबिराची आगाऊ माहिती गावकऱ्यांना देणे, जेणेकरून उपस्थिती चांगली राहील आणि जास्तीत जास्त लोकांना फायदा होईल.","हे अगदी एखाद्या गावच्या जत्रेची अगोदर जाहिरात करण्यासारखं आहे, जेणेकरून जत्रेच्या दिवशी पुरेसे लोक येतील.","शिबिराच्या एक आठवडा आधी सरपंच आणि शाळेतील शिक्षकांमार्फत सूचना प्रसारित केली जाते, जेणेकरून गावकरी ती तारीख लक्षात ठेवतील.",काही जण असे गृहीत धरतात की लोक आपोआपच उपस्थित राहतील; प्रसिद्धीशिवाय अशा शिबिरांमधील उपस्थिती सहसा कमी असते.,एनसीएफई,नवशिक्या
What is income?,"Income is money you earn from various sources, such as a salary, wages, or earnings from farming.","Income is like the water flowing into a bucket from a tap; the more sources you have, the more water (money) you collect.",A farmer who sells crops and also works part-time for wages has income from two sources: farming and wages.,"People often think income only means a fixed monthly salary and forget that farming, wages, or small business earnings also count as income.",NCFE,beginner,आय क्या है?,"आय वह धन है जो आप विभिन्न स्रोतों से कमाते हैं, जैसे कि वेतन, मजदूरी या खेती से होने वाली कमाई।","आय एक बाल्टी में नल से आने वाले पानी की तरह है; आपके पास जितने अधिक स्रोत होंगे, उतना ही अधिक पानी (पैसा) आप इकट्ठा कर पाएंगे।","एक किसान जो फसलें बेचता है और मजदूरी के लिए अंशकालिक काम भी करता है, उसकी आय के दो स्रोत होते हैं: खेती और मजदूरी।","लोग अक्सर सोचते हैं कि आय का मतलब केवल एक निश्चित मासिक वेतन है और वे भूल जाते हैं कि खेती, मजदूरी या छोटे व्यवसाय से होने वाली कमाई भी आय में गिनी जाती है।",एनसीएफई,शुरुआत,उत्पन्न म्हणजे काय?,"उत्पन्न म्हणजे विविध स्रोतांमधून मिळवलेला पैसा, जसे की पगार, मजुरी किंवा शेतीतून मिळणारी कमाई.","उत्पन्न हे नळातून बादलीत येणाऱ्या पाण्यासारखे आहे; तुमच्याकडे जितके जास्त स्रोत असतील, तितके जास्त पाणी (पैसा) तुम्ही गोळा करता.","जो शेतकरी पिके विकतो आणि मजुरीवर अर्धवेळ कामही करतो, त्याला शेती आणि मजुरी या दोन स्रोतांमधून उत्पन्न मिळते.","लोक अनेकदा असा विचार करतात की उत्पन्न म्हणजे फक्त एक निश्चित मासिक पगार, आणि शेती, मजुरी किंवा लहान व्यवसायातून मिळणारी कमाई देखील उत्पन्नात गणली जाते हे ते विसरतात.",एनसीएफई,नवशिक्या
What is a bank account?,"A bank account is a place at a bank where you keep your money safely and can deposit, withdraw, and receive money.",A bank account is like a locker or safe that the bank guards for you and lets you open whenever you need your money.,"Ramu opens an account, gives his savings to the bank, and later withdraws cash when he needs it for daily needs.","Many believe that money in a bank account is locked away and cannot be accessed easily, but you can deposit and withdraw as per the account rules.",NCFE,beginner,बैंक खाता क्या होता है?,"बैंक खाता बैंक में एक ऐसी जगह है जहाँ आप अपना पैसा सुरक्षित रूप से रखते हैं और पैसा जमा कर सकते हैं, निकाल सकते हैं और प्राप्त कर सकते हैं।","बैंक खाता एक लॉकर या तिजोरी की तरह है जिसकी बैंक आपके लिए सुरक्षा करता है और जब भी आपको अपने पैसे की जरूरत होती है, आप उसे खोल सकते हैं।","रामू एक खाता खोलता है, अपनी बचत बैंक में जमा करता है, और बाद में जब उसे दैनिक जरूरतों के लिए नकदी की आवश्यकता होती है तो वह उसे निकाल लेता है।","बहुत से लोग मानते हैं कि बैंक खाते में जमा पैसा सुरक्षित रहता है और उस तक आसानी से पहुंचा नहीं जा सकता, लेकिन आप खाते के नियमों के अनुसार पैसा जमा और निकाल सकते हैं।",एनसीएफई,शुरुआत,बँक खाते म्हणजे काय असते?,"बँक खाते हे बँकेतील असे ठिकाण आहे जिथे तुम्ही तुमचे पैसे सुरक्षितपणे ठेवता आणि पैसे जमा करू शकता, काढू शकता आणि स्वीकारू शकता.","बँक खाते हे एका लॉकर किंवा तिजोरीसारखे असते, ज्याचे बँक तुमच्यासाठी रक्षण करते आणि जेव्हा तुम्हाला तुमच्या पैशांची गरज असते तेव्हा तुम्ही ते उघडू शकता.","रामू खाते उघडतो, आपली बचत बँकेत जमा करतो आणि नंतर दैनंदिन गरजांसाठी लागेल तेव्हा रोख रक्कम काढतो.","अनेकांना असे वाटते की बँक खात्यातील पैसे बंदिस्त असतात आणि ते सहज काढता येत नाहीत, परंतु तुम्ही खात्याच्या नियमांनुसार पैसे जमा आणि काढू शकता.",एनसीएफई,नवशिक्या
What is a deposit?,A deposit is money you put into your bank account to keep it safe or to save.,A deposit is like putting grain into a storage bin so it is safe and grows your stock over time.,Sita earns 500 rupees from selling vegetables and deposits 300 rupees into her account to save for later.,"Some think a deposit is a fee paid to the bank, but a deposit is your own money kept in the account.",NCFE,beginner,डिपॉजिट क्या होता है?,डिपॉजिट वह पैसा है जिसे आप सुरक्षित रखने या बचत करने के लिए अपने बैंक खाते में जमा करते हैं।,जमा राशि अनाज को भंडारण पात्र में रखने के समान है ताकि वह सुरक्षित रहे और समय के साथ आपका भंडार बढ़ता रहे।,सीता सब्जियां बेचकर 500 रुपये कमाती है और बाद में बचत करने के लिए 300 रुपये अपने खाते में जमा कर देती है।,"कुछ लोग सोचते हैं कि जमा राशि बैंक को दी जाने वाली फीस है, लेकिन वास्तव में जमा राशि आपके खाते में जमा किया गया आपका अपना पैसा होता है।",एनसीएफई,शुरुआत,ठेव म्हणजे काय?,ठेव म्हणजे तुम्ही तुमच्या बँक खात्यात सुरक्षित ठेवण्यासाठी किंवा बचत करण्यासाठी जमा केलेले पैसे.,"ठेव म्हणजे धान्य साठवणुकीच्या कोठारात ठेवण्यासारखे आहे, ज्यामुळे ते सुरक्षित राहते आणि कालांतराने तुमचा साठा वाढतो.",सीता भाजीपाला विकून ५०० रुपये कमावते आणि त्यातील ३०० रुपये नंतरच्या वापरासाठी तिच्या खात्यात जमा करते.,"काहींना वाटते की ठेव म्हणजे बँकेला दिले जाणारे शुल्क आहे, पण ठेव म्हणजे खात्यात ठेवलेले तुमचे स्वतःचे पैसे असतात.",एनसीएफई,नवशिक्या
What is a withdrawal?,A withdrawal is taking money out of your bank account.,A withdrawal is like taking some grain out of your storage bin to use for today's meal.,Ravi withdraws 200 rupees from his account to buy medicine for his family.,"People sometimes think withdrawing money is free of limits, but accounts may have limits on how many or how much you can withdraw.",NCFE,beginner,निकासी क्या होती है?,निकासी का मतलब है अपने बैंक खाते से पैसे निकालना।,निकासी करना ठीक वैसे ही है जैसे आज के भोजन के लिए अपने भंडार से कुछ अनाज निकालना।,रवि अपने परिवार के लिए दवा खरीदने के लिए अपने खाते से 200 रुपये निकालता है।,"लोग अक्सर सोचते हैं कि पैसे निकालने पर कोई सीमा नहीं है, लेकिन खातों में इस बात की सीमा हो सकती है कि आप कितनी राशि निकाल सकते हैं।",एनसीएफई,शुरुआत,पैसे काढणे म्हणजे काय?,पैसे काढणे म्हणजे तुमच्या बँक खात्यातून पैसे काढून घेणे होय.,धान्याची कमतरता म्हणजे आजच्या जेवणासाठी आपल्या साठवलेल्या धान्याच्या कोठारातून थोडे धान्य काढण्यासारखे आहे.,रवी त्याच्या कुटुंबासाठी औषध खरेदी करण्याकरिता त्याच्या खात्यातून २०० रुपये काढतो.,"लोकांना कधीकधी वाटते की पैसे काढण्यावर कोणतीही मर्यादा नसते, पण खात्यातून किती रक्कम किंवा किती पैसे काढता येतील यावर मर्यादा असू शकतात.",एनसीएफई,नवशिक्या
What is a Business Correspondent (BC)?,A Business Correspondent is a person who works with a bank to provide banking services to villagers close to their homes.,A BC is like a mobile bank that comes to your village instead of you travelling far to the bank branch.,"The BC visits the village with an ICT device, lets villagers deposit and withdraw money, and helps them open accounts.","Some villagers fear the BC is a private moneylender, but the BC operates on behalf of and in relationship with the bank.",NCFE,beginner,बिजनेस कॉरेस्पोंडेंट (बीसी) क्या होता है?,बिजनेस कॉरेस्पोंडेंट वह व्यक्ति होता है जो बैंक के साथ मिलकर ग्रामीणों को उनके घरों के पास बैंकिंग सेवाएं प्रदान करता है।,"एक बीसी एक मोबाइल बैंक की तरह है जो आपके गांव में आता है, जिससे आपको बैंक शाखा तक दूर यात्रा करने की जरूरत नहीं पड़ती।","बीसी एक आईसीटी उपकरण लेकर गांव का दौरा करता है, ग्रामीणों को पैसे जमा करने और निकालने की सुविधा देता है और उन्हें खाते खोलने में मदद करता है।","कुछ ग्रामीणों को डर है कि बीसी एक निजी साहूकार है, लेकिन बीसी बैंक की ओर से और बैंक के साथ संबंध में काम करता है।",एनसीएफई,शुरुआत,बिझनेस करस्पॉन्डंट (BC) म्हणजे काय?,व्यवसाय प्रतिनिधी ही अशी व्यक्ती आहे जी बँकेसोबत काम करून गावकऱ्यांना त्यांच्या घरांजवळ बँकिंग सेवा पुरवते.,"बीसी (BC) म्हणजे एका फिरत्या बँकेसारखी आहे, जी तुम्हाला बँकेच्या शाखेत दूरवर प्रवास करण्याऐवजी थेट तुमच्या गावात येते.","बीसी (BC) आयसीटी (ICT) उपकरण घेऊन गावाला भेट देतात, गावकऱ्यांना पैसे जमा करू देतात आणि काढू देतात, तसेच त्यांना खाती उघडण्यास मदत करतात.","काही गावकऱ्यांना भीती वाटते की बीसी हा एक खाजगी सावकार आहे, परंतु बीसी बँकेच्या वतीने आणि बँकेशी संबंध ठेवून काम करतो.",एनसीएफई,नवशिक्या
What is an ICT device used by a Business Correspondent?,"An ICT device is a small electronic machine the BC uses to record deposits, withdrawals, and other transactions on the spot.",It works like a portable cash register or a mini bank counter that fits in the BC's hand.,"When a villager gives money to the BC, the BC enters it into the ICT device, and the villager gets a confirmation of the deposit.","Some think the ICT device is just a phone, but it is a secure tool connected to the bank for real transactions.",NCFE,beginner,बिजनेस कॉरेस्पोंडेंट द्वारा उपयोग किया जाने वाला आईसीटी उपकरण क्या होता है?,"आईसीटी उपकरण एक छोटी इलेक्ट्रॉनिक मशीन है जिसका उपयोग बीसी जमा, निकासी और अन्य लेनदेन को मौके पर ही रिकॉर्ड करने के लिए करता है।",यह एक पोर्टेबल कैश रजिस्टर या मिनी बैंक काउंटर की तरह काम करता है जो बीसी के हाथ में समा जाता है।,"जब कोई ग्रामीण बीसी को पैसे देता है, तो बीसी उसे आईसीटी डिवाइस में दर्ज कर लेता है, और ग्रामीण को जमा राशि की पुष्टि मिल जाती है।","कुछ लोगों को लगता है कि आईसीटी डिवाइस सिर्फ एक फोन है, लेकिन यह वास्तविक लेनदेन के लिए बैंक से जुड़ा एक सुरक्षित उपकरण है।",एनसीएफई,शुरुआत,व्यवसाय वार्ताहराद्वारे वापरले जाणारे आयसीटी उपकरण कोणते आहे?,"आयसीटी उपकरण हे एक लहान इलेक्ट्रॉनिक मशीन आहे, ज्याचा वापर बीसी ठेवी, पैसे काढणे आणि इतर व्यवहारांची जागेवरच नोंद करण्यासाठी करतो.",हे एका पोर्टेबल कॅश रजिस्टर किंवा मिनी बँक काउंटरप्रमाणे काम करते जे बीसीच्या हातात सहज मावते.,"जेव्हा एखादा गावकरी बीसीला पैसे देतो, तेव्हा बीसी ती रक्कम आयसीटी डिव्हाइसमध्ये नोंदवतो आणि गावकऱ्याला पैसे जमा झाल्याची पुष्टी मिळते.","काहींना वाटते की आयसीटी उपकरण म्हणजे फक्त एक फोन आहे, पण ते प्रत्यक्ष व्यवहारांसाठी बँकेशी जोडलेले एक सुरक्षित साधन आहे.",एनसीएफई,नवशिक्या
What are social benefits credited directly into a bank account?,"Social benefits are government payments, such as pensions or subsidies, sent straight into your account instead of through cash or middlemen.",It is like the government posting money directly into your personal mailbox (account) rather than handing it to someone else.,"An old-age pension amount is credited directly into the villager's account, and they withdraw it when needed.","People often believe they still need an agent to collect benefits, but direct credit sends the money straight to their own account.",NCFE,beginner,बैंक खाते में सीधे जमा होने वाले सामाजिक लाभ क्या होते हैं?,"सामाजिक लाभ सरकारी भुगतान होते हैं, जैसे पेंशन या सब्सिडी, जो नकद या बिचौलियों के माध्यम से भुगतान करने के बजाय सीधे आपके खाते में भेजे जाते हैं।",यह कुछ ऐसा है जैसे सरकार किसी और को पैसे देने के बजाय सीधे आपके व्यक्तिगत मेलबॉक्स (खाते) में पैसे भेज रही हो।,"वृद्धावस्था पेंशन की राशि सीधे ग्रामीण के खाते में जमा की जाती है, और वे जरूरत पड़ने पर इसे निकाल लेते हैं।","लोग अक्सर मानते हैं कि लाभ प्राप्त करने के लिए उन्हें अभी भी एक एजेंट की आवश्यकता है, लेकिन डायरेक्ट क्रेडिट के माध्यम से पैसा सीधे उनके अपने खाते में भेज दिया जाता है।",एनसीएफई,शुरुआत,थेट बँक खात्यात जमा होणारे सामाजिक लाभ म्हणजे काय?,"सामाजिक लाभ म्हणजे सरकारी देयके, जसे की निवृत्तीवेतन किंवा अनुदान, जे रोख रकमेमार्फत किंवा मध्यस्थांमार्फत न जाता थेट तुमच्या खात्यात पाठवले जातात.",हे म्हणजे सरकार पैसे दुसऱ्या कोणाच्या हातात देण्याऐवजी थेट तुमच्या वैयक्तिक मेलबॉक्समध्ये (खात्यात) जमा करण्यासारखेच आहे.,वृद्धापकाळ निवृत्तीवेतनाची रक्कम थेट गावकऱ्याच्या खात्यात जमा केली जाते आणि गरजेनुसार ते ती काढू शकतात.,"लोकांना अनेकदा असे वाटते की लाभ मिळवण्यासाठी त्यांना अजूनही एजंटची गरज आहे, पण डायरेक्ट क्रेडिटमुळे पैसे थेट त्यांच्या स्वतःच्या खात्यात जमा होतात.",एनसीएफई,नवशिक्या
What is a remittance?,"A remittance is money sent from one person to another, often from a family member working elsewhere back home.",A remittance is like passing a helping hand of money across a long distance to your family.,A son working in the city sends money to his parents in the village through the bank account.,"Some think remittances can only be sent by hand or through a friend, but they can be sent and received through bank accounts.",NCFE,beginner,प्रेषण क्या होता है?,"प्रेषण वह धनराशि है जो एक व्यक्ति से दूसरे व्यक्ति को भेजी जाती है, अक्सर यह धनराशि परिवार के किसी सदस्य द्वारा घर वापस आकर भेजी जाती है जो कहीं और काम कर रहा होता है।",धन प्रेषण एक तरह से लंबी दूरी के पार अपने परिवार को धन के रूप में मदद का हाथ बढ़ाने जैसा है।,शहर में काम करने वाला बेटा बैंक खाते के माध्यम से गांव में रहने वाले अपने माता-पिता को पैसे भेजता है।,"कुछ लोगों का मानना ​​है कि धन केवल हाथ से या किसी मित्र के माध्यम से ही भेजा जा सकता है, लेकिन वास्तव में इसे बैंक खातों के माध्यम से भी भेजा और प्राप्त किया जा सकता है।",एनसीएफई,शुरुआत,रेमिटन्स म्हणजे काय?,"रेमिटन्स म्हणजे एका व्यक्तीकडून दुसऱ्या व्यक्तीला पाठवलेला पैसा, जो बहुतेकदा मायदेशी दुसरीकडे काम करणाऱ्या कुटुंबातील सदस्याकडून पाठवला जातो.",रेमिटन्स म्हणजे दूर अंतरावरून आपल्या कुटुंबाला पैशांच्या स्वरूपात मदतीचा हात देण्यासारखे आहे.,शहरात काम करणारा मुलगा बँक खात्याद्वारे गावातील आपल्या आई-वडिलांना पैसे पाठवतो.,"काहींना वाटते की पैसे फक्त स्वतःच्या हातांनी किंवा मित्राच्या माध्यमातून पाठवता येतात, पण ते बँक खात्यांमार्फतही पाठवता आणि स्वीकारता येतात.",एनसीएफई,नवशिक्या
What are the documents required to open a bank account?,"You need identity and address proof documents, such as an ID card or a residence proof, to open a bank account.",Documents are like the keys and ID you show at a gate to prove who you are before being allowed in.,Villagers are asked to bring their required documents to the second session so their accounts can be opened through the BC.,"Some believe opening an account needs no proof, but banks require proper documents to verify who you are.",NCFE,beginner,बैंक खाता खोलने के लिए कौन-कौन से दस्तावेज़ आवश्यक हैं?,बैंक खाता खोलने के लिए आपको पहचान और पते के प्रमाण पत्र जैसे कि पहचान पत्र या निवास प्रमाण पत्र की आवश्यकता होती है।,दस्तावेज़ उन चाबियों और पहचान पत्र की तरह होते हैं जिन्हें आप प्रवेश करने से पहले अपनी पहचान साबित करने के लिए द्वार पर दिखाते हैं।,ग्रामीणों से अनुरोध किया जाता है कि वे अपने आवश्यक दस्तावेज दूसरे सत्र में लेकर आएं ताकि बीसी के माध्यम से उनके खाते खोले जा सकें।,"कुछ लोगों का मानना ​​है कि खाता खोलने के लिए किसी प्रमाण की आवश्यकता नहीं होती है, लेकिन बैंक आपकी पहचान सत्यापित करने के लिए उचित दस्तावेजों की मांग करते हैं।",एनसीएफई,शुरुआत,बँकेत खाते उघडण्यासाठी कोणती कागदपत्रे लागतात?,बँक खाते उघडण्यासाठी तुम्हाला ओळखपत्र किंवा रहिवासी पुरावा यांसारख्या ओळख आणि पत्त्याच्या पुराव्याच्या कागदपत्रांची आवश्यकता असते.,"कागदपत्रे म्हणजे त्या चाव्या आणि ओळखपत्रांसारखीच असतात, जी तुम्ही आत प्रवेश करण्यापूर्वी तुमची ओळख सिद्ध करण्यासाठी प्रवेशद्वारावर दाखवता.","गावकऱ्यांना दुसऱ्या सत्रात त्यांची आवश्यक कागदपत्रे आणण्यास सांगितले आहे, जेणेकरून बीसीमार्फत त्यांची खाती उघडता येतील.","काहींना वाटते की खाते उघडण्यासाठी कोणत्याही पुराव्याची गरज नसते, परंतु बँका तुम्ही कोण आहात हे पडताळण्यासाठी योग्य कागदपत्रांची मागणी करतात.",एनसीएफई,नवशिक्या
What documents are needed to open a bank account?,"Documents such as identity and address proof are required, and villagers should bring them to the session.","Like a ticket needed to board a train, documents are needed to open an account.",A villager brings their identity proof and a photograph to enroll for an account.,"People think no documents are needed to open a bank account, but proof of identity is necessary.",NCFE,beginner,बैंक खाता खोलने के लिए किन दस्तावेजों की आवश्यकता होती है?,"पहचान और पते के प्रमाण जैसे दस्तावेज आवश्यक हैं, और ग्रामीणों को इन्हें सत्र में लाना चाहिए।","जैसे ट्रेन में चढ़ने के लिए टिकट की जरूरत होती है, वैसे ही खाता खोलने के लिए दस्तावेजों की जरूरत होती है।",एक ग्रामीण खाता खोलने के लिए अपना पहचान पत्र और एक तस्वीर लेकर आता है।,"लोगों को लगता है कि बैंक खाता खोलने के लिए किसी दस्तावेज़ की आवश्यकता नहीं होती है, लेकिन पहचान का प्रमाण आवश्यक है।",एनसीएफई,शुरुआत,बँकेत खाते उघडण्यासाठी कोणत्या कागदपत्रांची आवश्यकता असते?,"ओळखपत्र आणि पत्त्याचा पुरावा यांसारखी कागदपत्रे आवश्यक असून, गावकऱ्यांनी ती सत्रासाठी सोबत आणावीत.","जसे रेल्वेमध्ये चढण्यासाठी तिकीट लागते, तसे खाते उघडण्यासाठी कागदपत्रांची गरज असते.",खाते उघडण्यासाठी एक गावकरी आपले ओळखपत्र आणि एक छायाचित्र घेऊन येतो.,"लोकांना वाटते की बँक खाते उघडण्यासाठी कोणत्याही कागदपत्रांची आवश्यकता नसते, परंतु ओळखीचा पुरावा आवश्यक असतो.",एनसीएफई,नवशिक्या
What is an ICT device used by the BC?,"An ICT device is a handheld tool the BC uses to record deposits, withdrawals, and other transactions in the village.","Like a card machine at a shop that confirms payment, the ICT device records your banking transaction.",The BC enters details on the ICT device when a villager makes a deposit.,"People think the ICT device keeps their money, but it only records the transaction.",NCFE,beginner,बीसी द्वारा उपयोग किया जाने वाला आईसीटी उपकरण क्या है?,"आईसीटी उपकरण एक हाथ में पकड़ने वाला उपकरण है जिसका उपयोग बीसी गांव में जमा, निकासी और अन्य लेनदेन को रिकॉर्ड करने के लिए करता है।","जैसे दुकान में कार्ड मशीन भुगतान की पुष्टि करती है, उसी तरह आईसीटी डिवाइस आपके बैंकिंग लेनदेन को रिकॉर्ड करती है।",जब कोई ग्रामीण धन जमा करता है तो बीसी आईसीटी डिवाइस पर विवरण दर्ज करता है।,"लोग सोचते हैं कि आईसीटी डिवाइस उनके पैसे सुरक्षित रखता है, लेकिन वास्तव में यह केवल लेनदेन को रिकॉर्ड करता है।",एनसीएफई,शुरुआत,बीसी द्वारे वापरले जाणारे आयसीटी उपकरण कोणते आहे?,"आयसीटी उपकरण हे एक हाताळण्याजोगे साधन आहे, जे बीसी गावातील ठेवी, पैसे काढणे आणि इतर व्यवहारांची नोंद ठेवण्यासाठी वापरते.","ज्याप्रमाणे दुकानात पेमेंटची पुष्टी करणारे कार्ड मशीन असते, त्याचप्रमाणे आयसीटी उपकरण तुमच्या बँकिंग व्यवहाराची नोंद ठेवते.","जेव्हा एखादा ग्रामस्थ रक्कम जमा करतो, तेव्हा बीसी आयसीटी डिव्हाइसवर तपशील नोंदवतो.","लोकांना वाटते की आयसीटी उपकरण त्यांचे पैसे सांभाळून ठेवते, पण ते फक्त व्यवहाराची नोंद करते.",एनसीएफई,नवशिक्या
What are social benefits credited directly into an account?,"Social benefits are government payments, such as pensions or subsidies, paid straight into the bank account.",It is like money being placed directly into your locker without a middleman.,A pension amount of 1000 rupees arrives directly into the villager's account.,"People think they must collect benefits in cash from an office, but they can be credited directly.",NCFE,beginner,खाते में सीधे जमा किए जाने वाले सामाजिक लाभ क्या हैं?,"सामाजिक लाभ सरकार द्वारा किए जाने वाले भुगतान होते हैं, जैसे पेंशन या सब्सिडी, जो सीधे बैंक खाते में जमा किए जाते हैं।",यह ऐसा है जैसे बिना किसी बिचौलिए के सीधे आपके लॉकर में पैसे जमा कर दिए गए हों।,1000 रुपये की पेंशन राशि सीधे ग्रामीण के खाते में पहुंच जाती है।,"लोगों को लगता है कि उन्हें कार्यालय से नकद में लाभ प्राप्त करना होगा, लेकिन वास्तव में इसे सीधे उनके खाते में जमा किया जा सकता है।",एनसीएफई,शुरुआत,खात्यात थेट जमा होणारे सामाजिक लाभ म्हणजे काय?,"सामाजिक लाभ म्हणजे सरकारकडून मिळणारी रक्कम, जसे की निवृत्तीवेतन किंवा अनुदान, जी थेट बँक खात्यात जमा केली जाते.",हे म्हणजे मध्यस्थाशिवाय थेट तुमच्या लॉकरमध्ये पैसे ठेवण्यासारखेच आहे.,१००० रुपयांची पेन्शनची रक्कम थेट गावकऱ्याच्या खात्यात जमा होते.,"लोकांना वाटते की त्यांना कार्यालयातून रोख स्वरूपात लाभ घ्यावा लागेल, पण ते थेट खात्यात जमा केले जाऊ शकतात.",एनसीएफई,नवशिक्या
How long does it take to get your account and card?,"The BC advises the approximate time, and branch officials visit after 15 days to ensure the cards are delivered.","Like waiting for a parcel after ordering, your card arrives once the account is opened.","After the second session, branch officials check the village after 15 days that cards have been delivered.","People think the card is given immediately at enrollment, but it comes after the account is opened.",NCFE,beginner,खाता और कार्ड प्राप्त करने में कितना समय लगता है?,"बीसी लगभग समय की जानकारी देता है, और शाखा के अधिकारी 15 दिनों के बाद यह सुनिश्चित करने के लिए आते हैं कि कार्ड वितरित कर दिए गए हैं।","जैसे ऑर्डर देने के बाद पार्सल का इंतजार करना पड़ता है, वैसे ही खाता खुलने के बाद आपका कार्ड आ जाता है।","दूसरे सत्र के बाद, शाखा के अधिकारी 15 दिनों के बाद गांव की जांच करते हैं ताकि यह सुनिश्चित हो सके कि कार्ड वितरित कर दिए गए हैं।","लोगों को लगता है कि नामांकन के तुरंत बाद कार्ड दे दिया जाता है, लेकिन यह खाता खोलने के बाद मिलता है।",एनसीएफई,शुरुआत,तुमचे खाते आणि कार्ड मिळायला किती वेळ लागतो?,बीसी अंदाजे वेळ कळवते आणि कार्ड वितरित झाली आहेत याची खात्री करण्यासाठी शाखा अधिकारी १५ दिवसांनी भेट देतात.,"ऑर्डर दिल्यानंतर पार्सलची वाट पाहण्याप्रमाणे, खाते उघडल्यानंतर तुमचे कार्ड येते.","दुसऱ्या सत्रानंतर, कार्ड वितरित झाली आहेत की नाही हे तपासण्यासाठी शाखा अधिकारी १५ दिवसांनी गावाची पाहणी करतात.","लोकांना वाटते की नोंदणीच्या वेळीच कार्ड दिले जाते, पण ते खाते उघडल्यानंतर मिळते.",एनसीएफई,नवशिक्या
Why should you start using the account right after getting the card?,You should use the account for day-to-day needs immediately to get comfortable with banking.,"Like learning to ride a bicycle, you improve only by practising regularly.",Using the new account to deposit small daily savings soon after receiving the card.,"People think the account should be used only for large amounts, but daily use is encouraged.",NCFE,beginner,कार्ड मिलने के तुरंत बाद आपको खाते का उपयोग क्यों शुरू कर देना चाहिए?,आपको बैंकिंग से परिचित होने के लिए तुरंत ही इस खाते का उपयोग रोजमर्रा की जरूरतों के लिए करना चाहिए।,"साइकिल चलाना सीखने की तरह ही, नियमित अभ्यास से ही आप इसमें सुधार कर सकते हैं।",कार्ड मिलने के तुरंत बाद नए खाते में छोटी दैनिक बचत जमा करना शुरू कर दें।,"लोगों का मानना ​​है कि इस खाते का उपयोग केवल बड़ी रकम के लिए ही किया जाना चाहिए, लेकिन दैनिक उपयोग को प्रोत्साहित किया जाता है।",एनसीएफई,शुरुआत,कार्ड मिळाल्यानंतर लगेचच तुम्ही खात्याचा वापर का सुरू करावा?,बँकिंगची सवय होण्यासाठी तुम्ही दैनंदिन गरजांसाठी खात्याचा वापर लगेचच केला पाहिजे.,"सायकल चालवायला शिकण्याप्रमाणेच, नियमित सरावानेच प्रगती होते.",कार्ड मिळाल्यानंतर लगेचच नवीन खात्यात दररोजची छोटी बचत जमा करणे.,"लोकांना वाटते की हे खाते फक्त मोठ्या रकमेसाठीच वापरावे, पण त्याचा दैनंदिन वापर करण्यास प्रोत्साहन दिले जाते.",एनसीएफई,नवशिक्या
What account limits and charges should you know?,You should know the number of deposits and withdrawals allowed per month and the charges that apply.,"Like a mobile plan with a monthly data limit, accounts have monthly transaction limits.",Knowing how many withdrawals you can make each month before extra charges apply.,"People think all transactions are always free with no limits, but some charges may apply.",NCFE,beginner,आपको किन खाता सीमाओं और शुल्कों के बारे में जानना चाहिए?,आपको प्रति माह अनुमत जमा और निकासी की संख्या और लागू शुल्कों के बारे में पता होना चाहिए।,"मोबाइल प्लान की तरह, जिसमें मासिक डेटा सीमा होती है, खातों में भी मासिक लेनदेन सीमा होती है।",यह जानना कि अतिरिक्त शुल्क लगने से पहले आप हर महीने कितनी बार पैसे निकाल सकते हैं।,"लोग सोचते हैं कि सभी लेन-देन हमेशा मुफ्त होते हैं और उन पर कोई सीमा नहीं होती, लेकिन कुछ शुल्क लागू हो सकते हैं।",एनसीएफई,शुरुआत,तुम्हाला खात्याच्या कोणत्या मर्यादा आणि शुल्कांबद्दल माहिती असायला हवी?,"तुम्हाला दरमहा किती रक्कम जमा करता येते आणि काढता येते, तसेच त्यासाठी लागणारे शुल्क माहित असले पाहिजे.","मोबाईल प्लॅनला मासिक डेटा मर्यादा असते त्याप्रमाणे, खात्यांनाही मासिक व्यवहार मर्यादा असतात.",अतिरिक्त शुल्क लागू होण्यापूर्वी तुम्ही दरमहा किती वेळा पैसे काढू शकता हे जाणून घेणे.,"लोकांना वाटते की सर्व व्यवहार नेहमीच अमर्याद आणि विनामूल्य असतात, परंतु काही शुल्क लागू होऊ शकतात.",एनसीएफई,नवशिक्या
What is expenditure?,"Expenditure is the money we spend on various items, including both essential and non-essential things. It is the money that goes out.",Expenditure is like water flowing out of a pitcher through a tap.,"Spending 2000 on food, shelter and clothes, 1000 on education, and 700 on loan repayment are all expenditures.","Some think expenditure only counts big purchases, but small daily spends on food, drinks or gambling are also expenditure.",NCFE,beginner,व्यय क्या है?,"व्यय वह धन है जो हम विभिन्न वस्तुओं पर खर्च करते हैं, जिसमें आवश्यक और गैर-आवश्यक दोनों चीजें शामिल हैं। यह वह धन है जो खर्च होता है।",खर्च करना एक नल से घड़े से बहते पानी की तरह है।,"भोजन, आवास और कपड़ों पर 2000 खर्च करना, शिक्षा पर 1000 खर्च करना और ऋण चुकाने पर 700 खर्च करना, ये सभी व्यय हैं।","कुछ लोगों का मानना ​​है कि व्यय में केवल बड़ी खरीदारी ही शामिल होती है, लेकिन भोजन, पेय पदार्थ या जुए पर होने वाले छोटे-मोटे दैनिक खर्च भी व्यय में गिने जाते हैं।",एनसीएफई,शुरुआत,खर्च म्हणजे काय?,"खर्च म्हणजे आपण विविध वस्तूंवर खर्च करत असलेला पैसा, ज्यामध्ये अत्यावश्यक आणि अनावश्यक दोन्ही गोष्टींचा समावेश असतो. हा तो पैसा आहे जो बाहेर जातो.",खर्च म्हणजे घागरीतून नळाद्वारे वाहून जाणाऱ्या पाण्यासारखा असतो.,"अन्न, निवारा आणि कपड्यांवर २०००, शिक्षणावर १००० आणि कर्जफेडीवर ७०० खर्च, हे सर्व खर्च आहेत.","काहींना वाटते की खर्चात फक्त मोठ्या खरेदीचाच समावेश होतो, पण खाणे, पिणे किंवा जुगार यावर होणारा छोटा दैनंदिन खर्चसुद्धा खर्चच मानला जातो.",एनसीएफई,नवशिक्या
What is investment?,"Investment is using money, often out of savings, with the hope of earning higher returns over time.",Investment is like planting a seed today so it grows into a bigger tree later.,Buying land or putting money in a bank fixed deposit with the expectation of earning higher returns is investment.,"People often think investment is the same as saving, but saving is keeping money aside, while investment aims to grow it.",NCFE,beginner,निवेश क्या है?,"निवेश का अर्थ है पैसे का उपयोग करना, अक्सर बचत में से, इस उम्मीद के साथ कि समय के साथ अधिक प्रतिफल प्राप्त होगा।","निवेश करना आज बीज बोने जैसा है, जिससे वह बाद में एक बड़ा पेड़ बन जाएगा।",अधिक प्रतिफल की उम्मीद में जमीन खरीदना या बैंक की सावधि जमा में पैसा लगाना निवेश कहलाता है।,"लोग अक्सर सोचते हैं कि निवेश और बचत एक ही चीज हैं, लेकिन बचत का मतलब पैसे को अलग रखना है, जबकि निवेश का उद्देश्य उसे बढ़ाना है।",एनसीएफई,शुरुआत,गुंतवणूक म्हणजे काय?,"गुंतवणूक म्हणजे कालांतराने अधिक परतावा मिळण्याच्या आशेने, अनेकदा बचतीतून, पैसे वापरणे.","गुंतवणूक म्हणजे आज एक बी पेरण्यासारखे आहे, जेणेकरून पुढे त्याचे एका मोठ्या झाडात रूपांतर होईल.",जास्त परतावा मिळण्याच्या अपेक्षेने जमीन खरेदी करणे किंवा बँकेच्या मुदत ठेवीत पैसे ठेवणे याला गुंतवणूक म्हणतात.,"लोकांना अनेकदा असे वाटते की गुंतवणूक आणि बचत एकच आहेत, पण बचत म्हणजे पैसे बाजूला ठेवणे, तर गुंतवणुकीचा उद्देश ते वाढवणे हा असतो.",एनसीएफई,नवशिक्या
What is debt?,"Debt is the shortage created when expenses are more than income and there are no savings, so money must be borrowed.",Debt is like borrowing water from a neighbour when your own pitcher is empty.,"If income is 5000 but expenses are 6000, there is a shortage of 1000 that may be covered by borrowing, creating debt.","People often think borrowing is always bad, but debt becomes a problem mainly when it is at high cost and cannot be repaid.",NCFE,beginner,ऋण क्या है?,"ऋण वह कमी है जो तब उत्पन्न होती है जब खर्च आय से अधिक हो जाते हैं और कोई बचत नहीं होती है, इसलिए पैसा उधार लेना पड़ता है।",कर्ज लेना ऐसा है जैसे अपना घड़ा खाली होने पर पड़ोसी से पानी उधार लेना।,"यदि आय 5000 है लेकिन खर्च 6000 है, तो 1000 की कमी है जिसे उधार लेकर पूरा किया जा सकता है, जिससे ऋण उत्पन्न होता है।","लोग अक्सर सोचते हैं कि उधार लेना हमेशा बुरा होता है, लेकिन कर्ज मुख्य रूप से तब समस्या बनता है जब वह बहुत अधिक लागत पर लिया जाता है और उसे चुकाया नहीं जा सकता।",एनसीएफई,शुरुआत,कर्ज म्हणजे काय?,"जेव्हा खर्च उत्पन्नापेक्षा जास्त असतो आणि बचत नसते, तेव्हा पैसे उधार घ्यावे लागतात, यालाच कर्ज म्हणतात.",कर्ज म्हणजे स्वतःचा माठ रिकामा असताना शेजाऱ्याकडून पाणी उसने घेण्यासारखे आहे.,"जर उत्पन्न ५००० असेल पण खर्च ६००० असेल, तर १००० ची तूट निर्माण होते, जी कर्ज घेऊन भरून काढता येते, ज्यामुळे कर्ज निर्माण होते.","लोकांना अनेकदा वाटते की कर्ज घेणे नेहमीच वाईट असते, पण कर्जाची समस्या प्रामुख्याने तेव्हा निर्माण होते, जेव्हा ते जास्त व्याजदराचे असते आणि त्याची परतफेड करता येत नाही.",एनसीएफई,नवशिक्या
How can we manage debt?,"If expenses exceed income in a month, use previous months' savings to cover the shortfall. If there are no savings, borrowing becomes necessary and often costly.",Using stored water in a dry season keeps you going without having to buy water at a high price.,"If you spend 6000 but earn 5000, you can use 1000 from previous savings instead of borrowing at high cost.","Some think taking a loan is the only solution to a shortfall, but using existing savings first avoids high-cost debt.",NCFE,beginner,हम कर्ज का प्रबंधन कैसे कर सकते हैं?,"यदि किसी महीने में खर्च आय से अधिक हो जाता है, तो कमी को पूरा करने के लिए पिछले महीनों की बचत का उपयोग करें। यदि बचत नहीं है, तो उधार लेना आवश्यक हो जाता है और अक्सर महंगा पड़ता है।",सूखे मौसम में संग्रहित पानी का उपयोग करने से आपको अधिक कीमत पर पानी खरीदने की आवश्यकता नहीं पड़ती और आपका काम चलता रहता है।,"यदि आप 6000 खर्च करते हैं लेकिन 5000 कमाते हैं, तो आप उच्च ब्याज दर पर उधार लेने के बजाय पिछली बचत से 1000 का उपयोग कर सकते हैं।","कुछ लोगों का मानना ​​है कि पैसों की कमी को पूरा करने का एकमात्र उपाय ऋण लेना है, लेकिन पहले से मौजूद बचत का उपयोग करने से उच्च लागत वाले ऋण से बचा जा सकता है।",एनसीएफई,शुरुआत,आपण कर्जाचे व्यवस्थापन कसे करू शकतो?,"एका महिन्यात खर्च उत्पन्नापेक्षा जास्त झाल्यास, तूट भरून काढण्यासाठी मागील महिन्याची बचत वापरा. ​​बचत नसल्यास, कर्ज घेणे आवश्यक ठरते आणि ते अनेकदा महागडेही ठरते.",कोरड्या हंगामात साठवलेले पाणी वापरल्याने तुम्हाला जास्त किंमत देऊन पाणी विकत घेण्याची गरज पडत नाही.,"जर तुम्ही ६००० खर्च केले पण ५००० कमावले, तर तुम्ही जास्त व्याजदराने कर्ज घेण्याऐवजी तुमच्या आधीच्या बचतीमधून १००० वापरू शकता.","काहींना वाटते की पैशांची कमतरता भागवण्यासाठी कर्ज घेणे हाच एकमेव उपाय आहे, पण आधी अस्तित्वात असलेली बचत वापरल्यास जास्त व्याजदराचे कर्ज टाळता येते.",एनसीएफई,नवशिक्या
What is the difference between essential and non-essential expenditure?,"Essential expenditure is money spent on basic needs that cannot be avoided, while non-essential expenditure is spending on wants that are not necessary for survival.","Essentials are like the staple food you must eat, while non-essentials are like dessert you enjoy but do not need.","Food, shelter, clothes, education and health are essential, while gambling, liquor, gutka and excessive festival spending are non-essential.","People often treat wants like luxurious goods or festivals as needs, but these are non-essential and can be reduced.",NCFE,beginner,आवश्यक और गैर-आवश्यक व्यय में क्या अंतर है?,"आवश्यक व्यय वह धन है जो उन बुनियादी जरूरतों पर खर्च किया जाता है जिनसे बचा नहीं जा सकता, जबकि गैर-आवश्यक व्यय उन इच्छाओं पर खर्च किया जाता है जो जीवित रहने के लिए आवश्यक नहीं हैं।","आवश्यक वस्तुएँ उस मुख्य भोजन की तरह हैं जिसे आपको खाना ही चाहिए, जबकि गैर-आवश्यक वस्तुएँ उस मिठाई की तरह हैं जिसका आप आनंद लेते हैं लेकिन जिसकी आपको आवश्यकता नहीं होती है।","भोजन, आवास, कपड़े, शिक्षा और स्वास्थ्य आवश्यक हैं, जबकि जुआ, शराब, गुटखा और त्योहारों पर अत्यधिक खर्च करना गैर-आवश्यक है।","लोग अक्सर विलासिता की वस्तुओं या त्योहारों जैसी इच्छाओं को आवश्यकता मान लेते हैं, लेकिन ये गैर-जरूरी हैं और इन्हें कम किया जा सकता है।",एनसीएफई,शुरुआत,अत्यावश्यक आणि अनावश्यक खर्चात काय फरक आहे?,"अत्यावश्यक खर्च म्हणजे टाळता न येणाऱ्या मूलभूत गरजांवर खर्च केलेला पैसा, तर अनावश्यक खर्च म्हणजे जगण्यासाठी आवश्यक नसलेल्या इच्छांवर केलेला खर्च होय.","अत्यावश्यक गोष्टी म्हणजे तुम्हाला खाव्याच लागणाऱ्या मुख्य अन्नासारख्या असतात, तर अनावश्यक गोष्टी म्हणजे तुम्हाला आवडणाऱ्या पण गरजेच्या नसलेल्या गोड पदार्थांसारख्या असतात.","अन्न, निवारा, वस्त्र, शिक्षण आणि आरोग्य या अत्यावश्यक गोष्टी आहेत, तर जुगार, दारू, गुटखा आणि सणासुदीचा अवाजवी खर्च या अनावश्यक गोष्टी आहेत.","लोक अनेकदा चैनीच्या वस्तू किंवा सणांसारख्या इच्छांना गरजा मानतात, पण त्या अनावश्यक असतात आणि कमी केल्या जाऊ शकतात.",एनसीएफई,नवशिक्या
How can we manage our money efficiently?,"We can manage money efficiently by doing financial planning, starting with maintaining a Financial Diary to keep accounts of income and expenses.","A Financial Diary is like a fitness tracker, but for your money habits.",Writing down all income and expenses in a Financial Diary helps you see your surplus or shortage each month.,"Some believe financial planning is only for the rich, but anyone can plan by simply tracking income and expenses.",NCFE,beginner,हम अपने पैसे का कुशलतापूर्वक प्रबंधन कैसे कर सकते हैं?,"हम वित्तीय नियोजन करके धन का कुशलतापूर्वक प्रबंधन कर सकते हैं, जिसकी शुरुआत आय और व्यय का हिसाब रखने के लिए वित्तीय डायरी बनाए रखने से होती है।","फाइनेंशियल डायरी एक फिटनेस ट्रैकर की तरह है, लेकिन यह आपकी पैसे से जुड़ी आदतों को ट्रैक करती है।",वित्तीय डायरी में अपनी सभी आय और व्यय को लिख लेने से आपको हर महीने अपनी बचत या कमी का पता लगाने में मदद मिलती है।,"कुछ लोगों का मानना ​​है कि वित्तीय नियोजन केवल अमीरों के लिए है, लेकिन कोई भी व्यक्ति अपनी आय और खर्चों पर नज़र रखकर आसानी से योजना बना सकता है।",एनसीएफई,शुरुआत,आपण आपल्या पैशांचे व्यवस्थापन कार्यक्षमतेने कसे करू शकतो?,"उत्पन्न आणि खर्चाचा हिशोब ठेवण्यासाठी आर्थिक डायरी ठेवण्यापासून सुरुवात करून, आपण आर्थिक नियोजन करून पैशांचे कार्यक्षमतेने व्यवस्थापन करू शकतो.","आर्थिक डायरी ही फिटनेस ट्रॅकरसारखीच असते, पण ती तुमच्या पैशांच्या सवयींसाठी असते.",आर्थिक डायरीमध्ये सर्व उत्पन्न आणि खर्च लिहून ठेवल्याने तुम्हाला दर महिन्याला तुमची शिल्लक किंवा तूट पाहण्यास मदत होते.,"काहींना वाटते की आर्थिक नियोजन फक्त श्रीमंतांसाठीच असते, पण केवळ उत्पन्न आणि खर्चाचा हिशोब ठेवून कोणीही नियोजन करू शकतो.",एनसीएफई,नवशिक्या
How does money management compare to managing water?,"Just as we store water when it is plentiful and use it when scarce, we should save money when income is high and use it when needed.",Your finance is like a pitcher with a tap: income flows in and expenses flow out.,"If municipal water comes all day sometimes and not at all other times, we store it; similarly we save money in good months for hard months.","People think if money stops coming they must stop spending entirely, but stored savings can cover the scarce times.",NCFE,beginner,धन प्रबंधन की तुलना जल प्रबंधन से कैसे की जा सकती है?,"जिस प्रकार हम पानी की प्रचुरता होने पर उसे संग्रहित करते हैं और कमी होने पर उसका उपयोग करते हैं, उसी प्रकार हमें आय अधिक होने पर धन की बचत करनी चाहिए और आवश्यकता पड़ने पर उसका उपयोग करना चाहिए।",आपकी वित्तीय स्थिति एक नल लगे घड़े की तरह है: आय आती है और खर्च बाहर जाते हैं।,"यदि नगरपालिका का पानी कभी-कभी पूरे दिन आता है और कभी-कभी बिल्कुल नहीं आता, तो हम उसे जमा कर लेते हैं; इसी प्रकार हम अच्छे महीनों में बुरे महीनों के लिए पैसे बचाते हैं।","लोग सोचते हैं कि अगर पैसा आना बंद हो जाए तो उन्हें खर्च करना पूरी तरह बंद कर देना चाहिए, लेकिन जमा की गई बचत मुश्किल समय में काम आ सकती है।",एनसीएफई,शुरुआत,पैशाच्या व्यवस्थापनाची तुलना पाण्याच्या व्यवस्थापनाशी कशी करता येईल?,"ज्याप्रमाणे पाणी मुबलक असताना आपण ते साठवून ठेवतो आणि टंचाई असताना वापरतो, त्याचप्रमाणे उत्पन्न जास्त असताना आपण पैसे वाचवून ते गरजेच्या वेळी वापरावेत.",तुमची आर्थिक स्थिती ही नळ असलेल्या घागरीसारखी आहे: उत्पन्न आत येते आणि खर्च बाहेर जातो.,"जर कधीकधी महानगरपालिकेचे पाणी दिवसभर येत असेल आणि इतर वेळी अजिबात येत नसेल, तर आम्ही ते साठवून ठेवतो; त्याचप्रमाणे, चांगल्या महिन्यांत मिळवलेले पैसे आम्ही कठीण महिन्यांसाठी वाचवून ठेवतो.","लोकांना वाटते की पैसे येणे थांबले की खर्च करणे पूर्णपणे थांबवावे, पण साठवलेली बचत अडचणीच्या काळात उपयोगी पडू शकते.",एनसीएफई,नवशिक्या
What should we do to increase our savings?,We should plug non-essential expenses and reduce wasteful spending to increase our savings.,Plugging non-essential expenses is like fixing a leaking tap so less water is wasted.,"Reducing spending on gambling, drinks, gutka and excessive festival expenses leaves more money to save each month.","Some think saving more requires earning more, but cutting non-essential spending can increase savings even on the same income.",NCFE,beginner,अपनी बचत बढ़ाने के लिए हमें क्या करना चाहिए?,हमें गैर-जरूरी खर्चों में कटौती करनी चाहिए और फिजूलखर्ची कम करनी चाहिए ताकि हमारी बचत बढ़ सके।,गैर-जरूरी खर्चों को रोकना उसी तरह है जैसे पानी की बर्बादी कम करने के लिए टपकते नल को ठीक करना।,"जुआ, शराब, गुटखा और त्योहारों पर होने वाले अनावश्यक खर्चों को कम करने से हर महीने बचत करने के लिए अधिक पैसे बचते हैं।","कुछ लोगों का मानना ​​है कि अधिक बचत करने के लिए अधिक कमाना आवश्यक है, लेकिन गैर-जरूरी खर्चों में कटौती करने से समान आय पर भी बचत बढ़ाई जा सकती है।",एनसीएफई,शुरुआत,आपली बचत वाढवण्यासाठी आपण काय केले पाहिजे?,आपली बचत वाढवण्यासाठी आपण अनावश्यक खर्च कमी केला पाहिजे.,"अनावश्यक खर्च टाळणे म्हणजे गळणारा नळ दुरुस्त करण्यासारखे आहे, जेणेकरून पाण्याची नासाडी कमी होईल.","जुगार, दारू, गुटखा आणि सणासुदीच्या अनावश्यक खर्चावर होणारा खर्च कमी केल्याने दर महिन्याला बचत करण्यासाठी अधिक पैसे शिल्लक राहतात.","काहींना वाटते की अधिक बचत करण्यासाठी अधिक कमाई करावी लागते, परंतु अनावश्यक खर्च कमी केल्याने तेवढ्याच उत्पन्नावरही बचत वाढू शकते.",एनसीएफई,नवशिक्या
What should you do when income is more than expenses?,"When income is more than expenses, you get a surplus, and you should move that surplus into savings.",It is like filling your storage tank when the water supply is abundant.,"With income of Rs 5000 and expenses of Rs 4000, the Rs 1000 surplus should be saved.",Many people spend the surplus immediately instead of saving it for future needs.,NCFE,beginner,जब आय खर्च से अधिक हो तो आपको क्या करना चाहिए?,"जब आय व्यय से अधिक होती है, तो आपको अधिशेष प्राप्त होता है, और आपको उस अधिशेष को बचत में लगाना चाहिए।",यह ठीक वैसा ही है जैसे पानी की प्रचुर आपूर्ति होने पर अपने भंडारण टैंक को भरना।,"5000 रुपये की आय और 4000 रुपये के व्यय के साथ, 1000 रुपये की अधिशेष राशि को बचाया जाना चाहिए।",बहुत से लोग भविष्य की जरूरतों के लिए बचत करने के बजाय अतिरिक्त धन को तुरंत खर्च कर देते हैं।,एनसीएफई,शुरुआत,जेव्हा उत्पन्न खर्चापेक्षा जास्त असते तेव्हा तुम्ही काय केले पाहिजे?,"जेव्हा उत्पन्न खर्चापेक्षा जास्त असते, तेव्हा तुमच्याकडे शिल्लक राहते आणि तुम्ही ती शिल्लक रक्कम बचतीमध्ये जमा केली पाहिजे.",हे म्हणजे पाणीपुरवठा मुबलक असताना आपली पाण्याची टाकी भरण्यासारखेच आहे.,"५००० रुपये उत्पन्न आणि ४००० रुपये खर्च असल्यास, १००० रुपये शिल्लक रक्कम वाचवली पाहिजे.",बरेच लोक भविष्यातील गरजांसाठी बचत करण्याऐवजी अतिरिक्त रक्कम लगेचच खर्च करतात.,एनसीएफई,नवशिक्या
How should you handle a situation where expenses exceed income?,"Use the savings from previous months to cover the shortfall; if you have no savings, decide carefully before borrowing, since debt is costly.",It is like using the water you stored earlier when the supply runs short.,"If income is Rs 5000 and expenses are Rs 6000, use prior savings to cover the Rs 1000 gap instead of borrowing.",Some resort to high-cost borrowing immediately instead of first using their own previous savings.,NCFE,beginner,यदि खर्च आय से अधिक हो जाए तो ऐसी स्थिति से कैसे निपटना चाहिए?,"कमी को पूरा करने के लिए पिछले महीनों की बचत का उपयोग करें; यदि आपके पास कोई बचत नहीं है, तो उधार लेने से पहले सावधानीपूर्वक निर्णय लें, क्योंकि ऋण महंगा होता है।",यह ठीक वैसा ही है जैसे पानी की कमी होने पर पहले से जमा किए गए पानी का उपयोग करना।,"यदि आय 5000 रुपये है और खर्च 6000 रुपये है, तो 1000 रुपये के अंतर को पूरा करने के लिए उधार लेने के बजाय पिछली बचत का उपयोग करें।",कुछ लोग अपनी पिछली बचत का उपयोग करने के बजाय तुरंत ही उच्च लागत वाले ऋण का सहारा लेते हैं।,एनसीएफई,शुरुआत,"जेव्हा खर्च उत्पन्नापेक्षा जास्त असतो, तेव्हा तुम्ही ती परिस्थिती कशी हाताळाल?","तूट भरून काढण्यासाठी मागील महिन्यांची बचत वापरा; जर तुमच्याकडे बचत नसेल, तर कर्ज घेण्यापूर्वी काळजीपूर्वक निर्णय घ्या, कारण कर्ज महागडे ठरते.","हे म्हणजे, पाणीपुरवठा कमी झाल्यावर तुम्ही पूर्वी साठवून ठेवलेले पाणी वापरण्यासारखेच आहे.","जर उत्पन्न ५००० रुपये आणि खर्च ६००० रुपये असेल, तर १००० रुपयांची तफावत भरून काढण्यासाठी कर्ज घेण्याऐवजी पूर्वीची बचत वापरा.",काही जण आधी स्वतःची आधीची बचत वापरण्याऐवजी लगेचच जास्त व्याजदराचे कर्ज घेतात.,एनसीएफई,नवशिक्या
How can you increase your savings?,You can increase savings by plugging or cutting down non-essential expenses.,It is like closing a leaking tap so that more water stays in the pitcher.,"Reducing Rs 500 spent on gutka, drinks, and gambling keeps more of your income as savings.","People often think they must earn more to save more, but reducing wasteful spending also raises savings.",NCFE,beginner,आप अपनी बचत कैसे बढ़ा सकते हैं?,आप गैर-जरूरी खर्चों को कम करके या उन पर रोक लगाकर बचत बढ़ा सकते हैं।,यह ठीक वैसा ही है जैसे टपकते नल को बंद कर देना ताकि घड़े में अधिक पानी बचा रहे।,"गुटखा, पेय पदार्थ और जुए पर खर्च होने वाले 500 रुपये कम करने से आपकी आय का अधिक हिस्सा बचत के रूप में बचता है।","लोग अक्सर सोचते हैं कि अधिक बचत करने के लिए उन्हें अधिक कमाना होगा, लेकिन फिजूलखर्ची कम करने से भी बचत बढ़ती है।",एनसीएफई,शुरुआत,तुम्ही तुमची बचत कशी वाढवू शकता?,अनावश्यक खर्च कमी करून किंवा बंद करून तुम्ही बचत वाढवू शकता.,"हे म्हणजे गळका नळ बंद करण्यासारखे आहे, जेणेकरून घागरीत अधिक पाणी टिकून राहील.","गुटखा, दारू आणि जुगारावर खर्च होणारे ५०० रुपये कमी केल्याने तुमच्या उत्पन्नातील अधिक रक्कम बचत म्हणून शिल्लक राहते.","लोकांना अनेकदा वाटते की जास्त बचत करण्यासाठी जास्त कमवावे लागेल, पण अनावश्यक खर्च कमी केल्याने बचतही वाढते.",एनसीएफई,नवशिक्या
Why should we do financial planning?,"Financial planning lets us plan our likely expenses in advance based on our income. It helps us save a portion of our income regularly and cut down spending on non-essential items, so we can pay off debt and build savings for goals like buying a house or higher education.","It is like packing only what you truly need before a trip, instead of carrying everything and running out of space.","Meena started planning early, so she could save monthly and later pay for her son's college without borrowing.",You should start financial planning only when you have a large income or are older.,NCFE,beginner,हमें वित्तीय नियोजन क्यों करना चाहिए?,"वित्तीय नियोजन हमें अपनी आय के आधार पर संभावित खर्चों की पहले से योजना बनाने में मदद करता है। इससे हमें अपनी आय का एक हिस्सा नियमित रूप से बचाने और गैर-जरूरी चीजों पर खर्च कम करने में सहायता मिलती है, जिससे हम कर्ज चुका सकते हैं और घर खरीदने या उच्च शिक्षा जैसी आकांक्षाओं के लिए बचत कर सकते हैं।","यह बिल्कुल वैसा ही है जैसे यात्रा से पहले केवल वही सामान पैक करना जिसकी आपको वास्तव में आवश्यकता है, बजाय इसके कि आप सब कुछ ले जाएं और जगह की कमी से परेशान हो जाएं।","मीना ने पहले से ही योजना बनाना शुरू कर दिया था, ताकि वह हर महीने बचत कर सके और बाद में बिना कर्ज लिए अपने बेटे की कॉलेज की फीस का भुगतान कर सके।",आपको वित्तीय नियोजन तभी शुरू करना चाहिए जब आपकी आय अधिक हो या आप अधिक उम्र के हों।,एनसीएफई,शुरुआत,आपण आर्थिक नियोजन का केले पाहिजे?,"आर्थिक नियोजनामुळे आपण आपल्या उत्पन्नाच्या आधारावर संभाव्य खर्चाचे आगाऊ नियोजन करू शकतो. यामुळे आपल्याला आपल्या उत्पन्नाचा काही भाग नियमितपणे वाचवता येतो आणि अनावश्यक वस्तूंवरील खर्च कमी करता येतो, जेणेकरून आपण कर्ज फेडू शकू आणि घर खरेदी करणे किंवा उच्च शिक्षण यांसारख्या उद्दिष्टांसाठी बचत करू शकू.","प्रवासाला जाताना सगळं सामान घेऊन जाण्याऐवजी आणि जागा अपुरी पडण्याऐवजी, फक्त खरोखर गरजेच्या वस्तूच पॅक करण्यासारखेच हे आहे.","मीनाने लवकर नियोजन करायला सुरुवात केली, जेणेकरून तिला दरमहा बचत करून नंतर कर्ज न घेता आपल्या मुलाच्या कॉलेजची फी भरता येईल.","तुमचे उत्पन्न जास्त असेल किंवा तुमचे वय जास्त असेल, तेव्हाच तुम्ही आर्थिक नियोजन सुरू केले पाहिजे.",एनसीएफई,नवशिक्या
What is the first step in financial planning?,"The first step is to assess your current financial position, that is, where you stand today in terms of income, expenses and savings.",It is like checking your current location on a map before deciding which route to take.,"Before planning, Sita listed her monthly income of Rs 5000 and all her current expenses to see where she stands.",You can plan your finances without knowing your current financial situation.,NCFE,beginner,वित्तीय नियोजन का पहला कदम क्या है?,"पहला कदम आपकी वर्तमान वित्तीय स्थिति का आकलन करना है, यानी आय, खर्च और बचत के मामले में आप आज कहां खड़े हैं।",यह ठीक वैसा ही है जैसे कोई मार्ग चुनने से पहले मानचित्र पर अपनी वर्तमान स्थिति की जांच करना।,"योजना बनाने से पहले, सीता ने अपनी मासिक आय 5000 रुपये और अपने सभी मौजूदा खर्चों की सूची बनाई ताकि वह अपनी वर्तमान स्थिति का आकलन कर सके।",आप अपनी वर्तमान वित्तीय स्थिति जाने बिना भी अपनी वित्तीय योजना बना सकते हैं।,एनसीएफई,शुरुआत,आर्थिक नियोजनातील पहिली पायरी कोणती आहे?,"पहिली पायरी म्हणजे तुमच्या सध्याच्या आर्थिक स्थितीचे मूल्यांकन करणे, म्हणजेच उत्पन्न, खर्च आणि बचत या बाबतीत आज तुमची काय स्थिती आहे हे पाहणे.","हे म्हणजे, कोणता मार्ग घ्यायचा हे ठरवण्यापूर्वी नकाशावर आपले सध्याचे स्थान तपासण्यासारखेच आहे.","नियोजन करण्यापूर्वी, आपली आर्थिक स्थिती काय आहे हे पाहण्यासाठी सीताने आपले ५००० रुपयांचे मासिक उत्पन्न आणि सध्याचे सर्व खर्च यांची यादी केली.",तुमची सध्याची आर्थिक परिस्थिती माहीत नसतानाही तुम्ही तुमच्या आर्थिक बाबींचे नियोजन करू शकता.,एनसीएफई,नवशिक्या
"What is a short term, medium term and long term financial goal?","A short term goal is something to achieve within 1 year, a medium term goal within 1-5 years, and a long term goal in more than 5 years.","It is like planning a day trip (short term), a holiday next year (medium term) and retirement (long term).","Buying a small appliance this year is short term, saving for a bike in three years is medium term, and saving for a house in ten years is long term.",All financial goals take the same amount of time to achieve.,NCFE,beginner,"अल्पकालिक, मध्यम अवधि और दीर्घकालिक वित्तीय लक्ष्य क्या हैं?","अल्पकालिक लक्ष्य वह होता है जिसे 1 वर्ष के भीतर प्राप्त किया जा सके, मध्यम अवधि का लक्ष्य 1-5 वर्षों के भीतर प्राप्त किया जा सके और दीर्घकालिक लक्ष्य 5 वर्षों से अधिक समय में प्राप्त किया जा सके।","यह एक दिन की यात्रा (अल्पकालिक), अगले साल की छुट्टी (मध्यम अवधि) और सेवानिवृत्ति (दीर्घकालिक) की योजना बनाने जैसा है।","इस साल कोई छोटा उपकरण खरीदना अल्पकालिक है, तीन साल में साइकिल के लिए बचत करना मध्यम अवधि है, और दस साल में घर के लिए बचत करना दीर्घकालिक है।",सभी वित्तीय लक्ष्यों को प्राप्त करने में समान समय लगता है।,एनसीएफई,शुरुआत,"अल्पकालीन, मध्यमकालीन आणि दीर्घकालीन आर्थिक ध्येय म्हणजे काय?","अल्पकालीन ध्येय म्हणजे १ वर्षाच्या आत साध्य करायचे ध्येय, मध्यमकालीन ध्येय म्हणजे १ ते ५ वर्षांच्या आत साध्य करायचे ध्येय, आणि दीर्घकालीन ध्येय म्हणजे ५ वर्षांपेक्षा जास्त कालावधीत साध्य करायचे ध्येय.","हे एका दिवसाच्या सहलीचे (अल्पकालीन), पुढच्या वर्षीच्या सुट्टीचे (मध्यमकालीन) आणि निवृत्तीचे (दीर्घकालीन) नियोजन करण्यासारखेच आहे.","या वर्षी एखादे छोटे उपकरण खरेदी करणे ही अल्पकालीन, तीन वर्षांत बाईकसाठी बचत करणे ही मध्यमकालीन आणि दहा वर्षांत घरासाठी बचत करणे ही दीर्घकालीन गुंतवणूक आहे.",सर्व आर्थिक उद्दिष्टे साध्य करण्यासाठी सारखाच वेळ लागतो.,एनसीएफई,नवशिक्या
How does maintaining a financial diary help you save money?,"It shows how much is spent on essential and non-essential items, so you can identify expenses to avoid or reduce. The money you cut back can then be saved.","It is like finding small leaks in a water pipe; once you spot them, you can plug them and stop wasting water.","With a monthly income of Rs 5000, cutting festival spending from Rs 500 to Rs 200 and avoiding Rs 500 on drinks freed up Rs 800 to save.","You cannot save anything on a small income, so tracking expenses is pointless.",NCFE,beginner,वित्तीय डायरी रखने से आपको पैसे बचाने में कैसे मदद मिलती है?,"इससे पता चलता है कि आवश्यक और गैर-आवश्यक वस्तुओं पर कितना खर्च होता है, जिससे आप उन खर्चों की पहचान कर सकते हैं जिन्हें टाला या कम किया जा सकता है। इस तरह खर्च की गई राशि को बचाया जा सकता है।","यह पानी के पाइप में छोटे-मोटे रिसाव ढूंढने जैसा है; एक बार जब आप उन्हें पहचान लेते हैं, तो आप उन्हें बंद कर सकते हैं और पानी की बर्बादी रोक सकते हैं।","5000 रुपये की मासिक आय के साथ, त्योहारों पर होने वाले खर्च को 500 रुपये से घटाकर 200 रुपये करने और पेय पदार्थों पर 500 रुपये खर्च न करने से 800 रुपये की बचत हुई।","कम आमदनी में आप कुछ भी बचा नहीं सकते, इसलिए खर्चों पर नज़र रखना व्यर्थ है।",एनसीएफई,शुरुआत,आर्थिक डायरी ठेवल्याने तुम्हाला पैसे वाचविण्यात कशी मदत होते?,"आवश्यक आणि अनावश्यक वस्तूंवर किती खर्च होतो हे यातून दिसते, त्यामुळे तुम्ही टाळण्यासारखे किंवा कमी करण्यासारखे खर्च ओळखू शकता. तुम्ही वाचवलेले पैसे मग वाचवता येतात.","हे पाण्याच्या पाईपमधील लहान गळती शोधण्यासारखे आहे; एकदा त्या सापडल्या की, तुम्ही त्या बंद करून पाण्याची नासाडी थांबवू शकता.","५००० रुपये मासिक उत्पन्न असताना, सणासुदीचा खर्च ५०० रुपयांवर आणून आणि पेयांवरील ५०० रुपये वाचवल्यामुळे ८०० रुपये वाचले.","कमी उत्पन्नावर काहीही बचत करता येत नाही, त्यामुळे खर्चाचा हिशोब ठेवणे निरर्थक आहे.",एनसीएफई,नवशिक्या
What is the difference between needs and wants?,"Needs are essential items required to live, such as food, clothes, shelter and education. Wants are non-essential items we would like but can live without, such as festivals, pilgrimage, refrigerators and luxury goods.",Water is a need; a fancy bottled drink is a want.,"Food, clothes and rent are needs, while pilgrimage and festival spending are wants that can be reduced.",Everything you spend money on is a need.,NCFE,beginner,आवश्यकता और इच्छा में क्या अंतर है?,"आवश्यकताएँ वे आवश्यक वस्तुएँ हैं जो जीवन जीने के लिए ज़रूरी हैं, जैसे भोजन, कपड़े, आवास और शिक्षा। इच्छाएँ वे गैर-ज़रूरी वस्तुएँ हैं जिन्हें हम चाहते तो हैं लेकिन जिनके बिना भी जीवन यापन किया जा सकता है, जैसे त्यौहार, तीर्थयात्रा, रेफ्रिजरेटर और विलासिता की वस्तुएँ।",पानी एक आवश्यकता है; एक महंगी बोतलबंद पेय एक चाहत है।,"भोजन, कपड़े और किराया आवश्यकताएँ हैं, जबकि तीर्थयात्रा और त्योहारों पर होने वाला खर्च ऐसी इच्छाएँ हैं जिन्हें कम किया जा सकता है।","आप जिस भी चीज़ पर पैसा खर्च करते हैं, वह एक आवश्यकता है।",एनसीएफई,शुरुआत,गरजा आणि इच्छा यांच्यात काय फरक आहे?,"गरजा म्हणजे जगण्यासाठी आवश्यक असलेल्या वस्तू, जसे की अन्न, वस्त्र, निवारा आणि शिक्षण. इच्छा म्हणजे अशा अनावश्यक वस्तू ज्या आपल्याला हव्या असतात पण त्यांच्याशिवाय आपण जगू शकतो, जसे की सण, तीर्थयात्रा, रेफ्रिजरेटर आणि चैनीच्या वस्तू.",पाणी ही गरज आहे; एखादे आकर्षक बाटलीबंद पेय ही इच्छा आहे.,"अन्न, वस्त्र आणि घराचे भाडे या गरजा आहेत, तर तीर्थयात्रा आणि सणांवरील खर्च या इच्छा आहेत ज्या कमी केल्या जाऊ शकतात.",तुम्ही ज्यावर पैसे खर्च करता ती प्रत्येक गोष्ट गरज असते.,एनसीएफई,नवशिक्या
"Why are vices like liquor, gutka, tobacco, alcohol and gambling harmful to your finances?","Spending on vices is a waste that can be avoided entirely. Money spent on them can instead be saved, helping break the cycle of poverty.","It is like pouring money down a drain, it gives nothing back and leaves you poorer.",Avoiding Rs 500 a month spent on drinks and gambling saves Rs 6000 a year.,Spending on vices is just a personal choice that does not affect your savings.,NCFE,beginner,"शराब, गुटखा, तंबाकू, मादक पेय और जुआ जैसी बुरी आदतें आपके वित्त के लिए हानिकारक क्यों हैं?","अनैतिक आदतों पर पैसा खर्च करना एक ऐसी बर्बादी है जिसे पूरी तरह से टाला जा सकता है। इन पर खर्च होने वाले पैसे को बचाया जा सकता है, जिससे गरीबी के दुष्चक्र को तोड़ने में मदद मिलेगी।","यह पैसे को नाली में बहाने जैसा है, इससे कुछ भी वापस नहीं मिलता और आप और गरीब हो जाते हैं।",शराब और जुए पर हर महीने खर्च होने वाले 500 रुपये बचाने से सालाना 6000 रुपये की बचत होती है।,अपनी बुरी आदतों पर खर्च करना महज एक व्यक्तिगत पसंद है जिसका आपकी बचत पर कोई असर नहीं पड़ता।,एनसीएफई,शुरुआत,"दारू, गुटखा, तंबाखू, मद्यपान आणि जुगार यांसारखी व्यसने तुमच्या आर्थिक स्थितीसाठी हानिकारक का आहेत?","व्यसनांवर होणारा खर्च हा एक असा अपव्यय आहे जो पूर्णपणे टाळता येऊ शकतो. त्याऐवजी त्यावर खर्च केलेले पैसे वाचवता येतात, ज्यामुळे गरिबीचे दुष्टचक्र तोडण्यास मदत होते.","हे म्हणजे गटारात पैसे ओतण्यासारखे आहे, त्यातून काहीही परत मिळत नाही आणि तुम्ही अधिक गरीबच राहता.",दारू आणि जुगारावर दरमहा खर्च होणारे ५०० रुपये टाळल्यास वर्षाला ६००० रुपयांची बचत होते.,"व्यसनांवर खर्च करणे ही केवळ एक वैयक्तिक निवड आहे, ज्याचा तुमच्या बचतीवर परिणाम होत नाही.",एनसीएफई,नवशिक्या
What should you do after saving money each week or month?,"You should review your savings to check whether they are as per your plan, determine the amount saved at the end of each week or month, and deposit the savings in a bank account.",It is like harvesting a crop and storing it safely in a granary instead of leaving it out to be lost.,"At the end of each month, Sita counts what she saved and deposits it into her bank account.",Keeping saved cash at home is as safe and effective as depositing it in a bank.,NCFE,beginner,हर सप्ताह या महीने पैसे बचाने के बाद आपको क्या करना चाहिए?,"आपको अपनी बचत की समीक्षा करनी चाहिए ताकि यह जांच सके कि वे आपकी योजना के अनुसार हैं या नहीं, प्रत्येक सप्ताह या माह के अंत में बचाई गई राशि निर्धारित करें और बचत को बैंक खाते में जमा करें।","यह ठीक उसी तरह है जैसे फसल काटकर उसे सुरक्षित रूप से भंडारगृह में रख देना, बजाय इसके कि उसे बाहर छोड़ दिया जाए और वह खराब हो जाए।","हर महीने के अंत में, सीता अपनी बचत की गिनती करती है और उसे अपने बैंक खाते में जमा कर देती है।",घर में नकदी बचाकर रखना उतना ही सुरक्षित और प्रभावी है जितना कि उसे बैंक में जमा करना।,एनसीएफई,शुरुआत,दर आठवड्याला किंवा महिन्याला पैसे वाचवल्यानंतर तुम्ही काय केले पाहिजे?,"तुमची बचत तुमच्या योजनेनुसार आहे की नाही हे तपासण्यासाठी तुम्ही तिचा आढावा घ्यावा, प्रत्येक आठवड्याच्या किंवा महिन्याच्या शेवटी जमा झालेली रक्कम निश्चित करावी आणि ती बचत बँक खात्यात जमा करावी.","हे म्हणजे एखादे पीक बाहेर वाया जाऊ न देता, त्याची कापणी करून ते धान्याच्या कोठारात सुरक्षितपणे साठवण्यासारखे आहे.","प्रत्येक महिन्याच्या शेवटी, सीता तिने वाचवलेल्या पैशांची मोजणी करते आणि ते तिच्या बँक खात्यात जमा करते.",बचत केलेली रोख रक्कम घरी ठेवणे हे बँकेत जमा करण्याइतकेच सुरक्षित आणि प्रभावी आहे.,एनसीएफई,नवशिक्या
How should you handle expenses if your savings are not as per plan?,"You should review your savings regularly and, if they are not as planned, look at your expenses for opportunity areas to cut back spending and increase savings.","It is like tuning a radio, if the signal is weak you adjust until it is clear.","When Sita noticed her savings were short, she reduced her pilgrimage budget by Rs 300 to get back on track.","Once you set a savings plan, you never need to check or adjust it.",NCFE,beginner,यदि आपकी बचत योजना के अनुसार नहीं हो रही है तो आपको खर्चों का प्रबंधन कैसे करना चाहिए?,"आपको नियमित रूप से अपनी बचत की समीक्षा करनी चाहिए और यदि वे योजना के अनुसार नहीं हैं, तो खर्चों में कटौती करने और बचत बढ़ाने के अवसरों की तलाश में अपने खर्चों पर ध्यान देना चाहिए।","यह रेडियो को ट्यून करने जैसा है, अगर सिग्नल कमजोर है तो आप उसे तब तक एडजस्ट करते हैं जब तक वह साफ न हो जाए।","जब सीता ने देखा कि उसकी बचत कम पड़ रही है, तो उसने अपनी तीर्थयात्रा के बजट में 300 रुपये की कटौती कर दी ताकि वह फिर से पटरी पर आ सके।","एक बार बचत योजना बना लेने के बाद, आपको इसे कभी भी जांचने या समायोजित करने की आवश्यकता नहीं होती है।",एनसीएफई,शुरुआत,तुमची बचत योजनेनुसार झाली नाही तर खर्चाचे नियोजन कसे करावे?,"तुम्ही तुमच्या बचतीचा नियमितपणे आढावा घेतला पाहिजे आणि, जर ती नियोजनानुसार नसेल, तर खर्च कमी करून बचत वाढवण्यासाठी संधीची क्षेत्रे शोधण्याकरिता तुमच्या खर्चाचे परीक्षण केले पाहिजे.","हे रेडिओ ट्यून करण्यासारखे आहे; सिग्नल कमकुवत असल्यास, तो स्पष्ट होईपर्यंत तुम्ही ट्यूनिंग समायोजित करता.","जेव्हा सीताच्या लक्षात आले की तिची बचत कमी पडत आहे, तेव्हा पुन्हा मार्गावर येण्यासाठी तिने तिच्या तीर्थयात्रेच्या खर्चात ३०० रुपयांची कपात केली.","एकदा तुम्ही बचत योजना आखली की, तुम्हाला ती पुन्हा तपासण्याची किंवा त्यात बदल करण्याची गरज भासत नाही.",एनसीएफई,नवशिक्या
What types of goals should we identify when financial planning?,"Short term (within 1 year), medium term (1 to 5 years), and long term (more than 5 years).","It is like planning a trip: today's bus fare is short term, next year's vacation is medium term, and your retirement home is long term.","Saving for a festival next month is short term, buying a bicycle in three years is medium term, and funding a child's college is long term.",Some think all goals should be saved for at once; actually different goals need different timelines and different saving amounts.,NCFE,beginner,वित्तीय योजना बनाते समय हमें किस प्रकार के लक्ष्य निर्धारित करने चाहिए?,"अल्पकालिक (1 वर्ष के भीतर), मध्यम अवधि (1 से 5 वर्ष) और दीर्घकालिक (5 वर्ष से अधिक)।","यह किसी यात्रा की योजना बनाने जैसा है: आज का बस किराया अल्पकालिक है, अगले साल की छुट्टियां मध्यम अवधि की हैं, और आपका सेवानिवृत्ति गृह दीर्घकालिक है।","अगले महीने आने वाले किसी त्योहार के लिए बचत करना अल्पकालिक है, तीन साल में साइकिल खरीदना मध्यम अवधि है, और बच्चे की कॉलेज की पढ़ाई के लिए धन जुटाना दीर्घकालिक है।","कुछ लोगों का मानना ​​है कि सभी लक्ष्यों के लिए एक साथ बचत करनी चाहिए; वास्तव में, अलग-अलग लक्ष्यों के लिए अलग-अलग समयसीमा और अलग-अलग बचत राशि की आवश्यकता होती है।",एनसीएफई,शुरुआत,आर्थिक नियोजन करताना आपण कोणत्या प्रकारची उद्दिष्ट्ये निश्चित केली पाहिजेत?,"अल्पकालीन (१ वर्षाच्या आत), मध्यमकालीन (१ ते ५ वर्षे), आणि दीर्घकालीन (५ वर्षांपेक्षा जास्त).","हे एखाद्या सहलीचे नियोजन करण्यासारखेच आहे: आजचे बसचे भाडे अल्पकालीन असते, पुढच्या वर्षीची सुट्टी मध्यमकालीन असते आणि तुमचे निवृत्तीनंतरचे घर दीर्घकालीन असते.","पुढच्या महिन्यात येणाऱ्या सणासाठी बचत करणे ही अल्पकालीन, तीन वर्षांनी सायकल घेणे ही मध्यमकालीन आणि मुलाच्या कॉलेजच्या खर्चासाठी निधी पुरवणे ही दीर्घकालीन गुंतवणूक आहे.","काहींना वाटते की सर्व ध्येयांसाठी एकाच वेळी बचत केली पाहिजे; पण प्रत्यक्षात, वेगवेगळ्या ध्येयांसाठी वेगवेगळी कालमर्यादा आणि वेगवेगळी बचत रक्कम आवश्यक असते.",एनसीएफई,नवशिक्या
What is the first step of financial planning?,"Assess your current financial position, that is, where you are today.",It is like checking your fuel gauge before starting a car journey so you know where you stand.,"Before saving, a person lists how much money they currently have and how much they owe.",Many people skip this step and jump straight to spending or investing; knowing your starting point comes first.,NCFE,beginner,वित्तीय नियोजन का पहला चरण क्या है?,"अपनी वर्तमान वित्तीय स्थिति का आकलन करें, यानी आप आज कहाँ हैं।",यह ठीक वैसा ही है जैसे कार यात्रा शुरू करने से पहले अपने ईंधन गेज की जांच करना ताकि आपको पता चल सके कि आपकी स्थिति क्या है।,"बचत शुरू करने से पहले, एक व्यक्ति यह सूची बनाता है कि उसके पास वर्तमान में कितना पैसा है और उस पर कितना कर्ज है।",कई लोग इस चरण को छोड़ देते हैं और सीधे खर्च करने या निवेश करने लगते हैं; लेकिन अपनी शुरुआती स्थिति को जानना सबसे पहले आता है।,एनसीएफई,शुरुआत,आर्थिक नियोजनाची पहिली पायरी कोणती आहे?,"तुमच्या सध्याच्या आर्थिक स्थितीचे मूल्यांकन करा, म्हणजेच आज तुम्ही कुठे आहात.","हे अगदी गाडीचा प्रवास सुरू करण्यापूर्वी इंधन मीटर तपासण्यासारखे आहे, जेणेकरून आपल्याला आपली स्थिती कळते.","बचत करण्यापूर्वी, व्यक्ती आपल्याकडे सध्या किती पैसे आहेत आणि किती कर्ज आहे याची नोंद करते.",बरेच लोक ही पायरी वगळून थेट खर्च किंवा गुंतवणूक करण्याकडे वळतात; पण आपली सुरुवात कुठून होते हे जाणून घेणे सर्वात महत्त्वाचे आहे.,एनसीएफई,नवशिक्या
How do you calculate how much to save for a goal?,"Estimate the cost of each item and the date you want to achieve it, then calculate how much you must save each week or month.",It is like dividing a long walk into daily steps so you know exactly how far to go each day.,"If a bicycle costs 6,000 and you want it in one year, you need to save about 500 per month.","People assume they must save the full amount at once; in fact, breaking it into weekly or monthly amounts makes it manageable.",NCFE,beginner,"किसी लक्ष्य के लिए कितनी बचत करनी चाहिए, इसकी गणना आप कैसे करते हैं?","प्रत्येक वस्तु की अनुमानित लागत और उसे प्राप्त करने की इच्छित तिथि का पता लगाएं, फिर गणना करें कि आपको प्रत्येक सप्ताह या माह कितनी बचत करनी होगी।",यह एक लंबी पैदल यात्रा को दैनिक चरणों में विभाजित करने जैसा है ताकि आपको ठीक-ठीक पता चल सके कि आपको हर दिन कितनी दूरी तय करनी है।,"अगर एक साइकिल की कीमत 6,000 है और आप उसे एक साल में चाहते हैं, तो आपको हर महीने लगभग 500 की बचत करनी होगी।","लोग मान लेते हैं कि उन्हें पूरी रकम एक ही बार में बचानी होगी; वास्तव में, इसे साप्ताहिक या मासिक किस्तों में बांटने से यह आसान हो जाता है।",एनसीएफई,शुरुआत,एखाद्या ध्येयासाठी किती बचत करावी हे तुम्ही कसे ठरवता?,"प्रत्येक गोष्टीच्या खर्चाचा आणि ती साध्य करण्याच्या तारखेचा अंदाज घ्या, त्यानंतर तुम्हाला दर आठवड्याला किंवा दर महिन्याला किती बचत करावी लागेल याची गणना करा.","हे एखाद्या लांबच्या प्रवासाला रोजच्या टप्प्यांमध्ये विभागण्यासारखे आहे, जेणेकरून तुम्हाला प्रत्येक दिवशी नेमके किती अंतर जायचे आहे हे कळते.","जर एका सायकलची किंमत ६,००० रुपये असेल आणि तुम्हाला ती एका वर्षात हवी असेल, तर तुम्हाला दरमहा सुमारे ५०० रुपये वाचवावे लागतील.","लोकांना वाटते की त्यांना संपूर्ण रक्कम एकाच वेळी वाचवावी लागेल; पण खरे तर, ती रक्कम साप्ताहिक किंवा मासिक हप्त्यांमध्ये विभागल्यास ते अधिक सोपे होते.",एनसीएफई,नवशिक्या
What is a financial diary and why keep one?,"A financial diary is a record of your weekly or monthly income and expenses, helping you see where money goes and where you can save.","It is like a food diary for a diet: once you see what you actually eat, it is easier to cut out the junk.","By writing down income and spending, a person discovers they spend on drinks and gambling and can stop that spending to save.","Some think they can remember everything in their head; without writing it down, they usually forget and spend more.",NCFE,beginner,वित्तीय डायरी क्या होती है और इसे क्यों रखना चाहिए?,"वित्तीय डायरी आपके साप्ताहिक या मासिक आय और खर्चों का रिकॉर्ड है, जिससे आपको यह देखने में मदद मिलती है कि पैसा कहाँ जाता है और आप कहाँ बचत कर सकते हैं।","यह एक तरह से डाइट के लिए फूड डायरी की तरह है: एक बार जब आप देख लेते हैं कि आप वास्तव में क्या खाते हैं, तो जंक फूड को छोड़ना आसान हो जाता है।",आय और खर्च का हिसाब रखने से व्यक्ति को पता चलता है कि वह शराब और जुए पर कितना खर्च करता है और वह उस खर्च को रोककर बचत कर सकता है।,"कुछ लोगों को लगता है कि वे सब कुछ अपने दिमाग में याद रख सकते हैं; बिना लिखे, वे आमतौर पर भूल जाते हैं और अधिक खर्च करते हैं।",एनसीएफई,शुरुआत,आर्थिक डायरी म्हणजे काय आणि ती का ठेवावी?,"आर्थिक डायरी म्हणजे तुमच्या साप्ताहिक किंवा मासिक उत्पन्न आणि खर्चाची नोंद असते, ज्यामुळे पैसा कुठे खर्च होतो आणि कुठे बचत करता येईल हे समजण्यास मदत होते.","हे डाएटसाठीच्या फूड डायरीसारखे आहे: एकदा का तुम्ही प्रत्यक्षात काय खाता हे तुमच्या लक्षात आले की, जंक फूड टाळणे सोपे जाते.","उत्पन्न आणि खर्च लिहून ठेवल्याने, एखाद्या व्यक्तीला कळते की ती मद्यपान आणि जुगारावर खर्च करते आणि तो खर्च थांबवून बचत करू शकते.",काहींना वाटते की त्यांना सर्व काही डोक्यात आठवते; पण लिहून न ठेवल्यामुळे ते सहसा विसरतात आणि जास्त खर्च करतात.,एनसीएफई,नवशिक्या
What are vices in the context of financial planning?,"Vices are harmful habits like liquor, alcohol, gambling, gutka, and tobacco that waste money and health.",It is like pouring water into a leaking bucket: money keeps going out and nothing is ever kept.,Spending money on drinking and gambling is a vice that drains savings and should be avoided completely.,Some think small vices do not matter; a habit spending a little daily becomes a large loss over a month or year.,NCFE,beginner,वित्तीय नियोजन के संदर्भ में दुर्गुण क्या हैं?,"व्यसन ऐसी हानिकारक आदतें हैं जैसे शराब, जुआ, गुटखा और तंबाकू, जो धन और स्वास्थ्य को बर्बाद करती हैं।",यह एक लीक हो रही बाल्टी में पानी डालने जैसा है: पैसा निकलता रहता है और कुछ भी बचता नहीं है।,शराब पीने और जुआ खेलने पर पैसा खर्च करना एक ऐसी बुरी आदत है जो बचत को खत्म कर देती है और इससे पूरी तरह बचना चाहिए।,कुछ लोगों का मानना ​​है कि छोटी-मोटी बुरी आदतें मायने नहीं रखतीं; लेकिन रोजाना थोड़ा-थोड़ा खर्च करने की आदत एक महीने या साल में बड़ा नुकसान बन जाती है।,एनसीएफई,शुरुआत,आर्थिक नियोजनाच्या संदर्भात दुर्गुण म्हणजे काय?,"व्यसने म्हणजे दारू, जुगार, गुटखा आणि तंबाखू यांसारख्या हानिकारक सवयी आहेत, ज्यामुळे पैसा आणि आरोग्याचा अपव्यय होतो.",हे गळक्या बादलीत पाणी ओतण्यासारखे आहे: पैसे बाहेर जात राहतात आणि काहीही शिल्लक राहत नाही.,मद्यपान आणि जुगारावर पैसे खर्च करणे हे एक असे व्यसन आहे जे बचत संपवते आणि ते पूर्णपणे टाळले पाहिजे.,काहींना वाटते की लहानसहान व्यसनांनी काही फरक पडत नाही; पण दररोज थोडा खर्च होणारी एखादी सवय महिना किंवा वर्षभरात मोठ्या नुकसानीचे कारण बनते.,एनसीएफई,नवशिक्या
How did the family in the example save money using a financial diary?,"They reduced festival spending from 500 to 200 and cut out 500 on drinks and gambling, saving 800 in total.",It is like finding coins under the sofa cushions; small cuts in a few places add up to a meaningful amount.,"With a monthly income of 5,000, after listing all expenses they trimmed wants and vices to free up 800 for savings.",Many believe saving requires a big income; this example shows you can save by controlling existing spending.,NCFE,beginner,उदाहरण में दिए गए परिवार ने वित्तीय डायरी का उपयोग करके पैसे कैसे बचाए?,"उन्होंने त्योहारों पर होने वाला खर्च 500 से घटाकर 200 कर दिया और पेय पदार्थों और जुए पर होने वाले 500 रुपये की कटौती की, जिससे कुल मिलाकर 800 रुपये की बचत हुई।",यह सोफे के कुशन के नीचे सिक्के ढूंढने जैसा है; कुछ जगहों पर छोटे-छोटे कट लगाने से कुल मिलाकर एक अच्छी-खासी रकम बन जाती है।,"5,000 की मासिक आय के साथ, सभी खर्चों की सूची बनाने के बाद उन्होंने अपनी इच्छाओं और बुरी आदतों में कटौती की ताकि बचत के लिए 800 रुपये बच सकें।",बहुत से लोग मानते हैं कि बचत के लिए बड़ी आय की आवश्यकता होती है; यह उदाहरण दिखाता है कि आप मौजूदा खर्चों को नियंत्रित करके भी बचत कर सकते हैं।,एनसीएफई,शुरुआत,उदाहरणातील कुटुंबाने आर्थिक डायरी वापरून पैशांची बचत कशी केली?,त्यांनी उत्सवावरील खर्च ५०० वरून २०० पर्यंत कमी केला आणि मद्यपान व जुगारावरील ५०० रुपये वाचवून एकूण ८०० रुपये वाचवले.,हे सोफ्याच्या गाद्यांखाली नाणी सापडण्यासारखं आहे; काही ठिकाणी केलेल्या लहान लहान कापांची बेरीज होऊन एक मोठी रक्कम तयार होते.,"५,००० च्या मासिक उत्पन्नातून, सर्व खर्चांची यादी केल्यानंतर त्यांनी अनावश्यक गोष्टी आणि व्यसने कमी करून बचतीसाठी ८०० रुपये वाचवले.",अनेकांना वाटते की बचत करण्यासाठी मोठे उत्पन्न लागते; हे उदाहरण दाखवते की सध्याच्या खर्चावर नियंत्रण ठेवूनही तुम्ही बचत करू शकता.,एनसीएफई,नवशिक्या
Why should you review your savings regularly?,"To check whether your savings are following the plan, and if not, find areas where you can cut spending and save more.",It is like checking a map while travelling to make sure you are still heading the right way.,"At the end of each month, a person compares planned savings with actual savings and adjusts their next month's budget.",Some set a savings plan once and never check it; reviewing regularly is what keeps the plan working.,NCFE,beginner,आपको अपनी बचत की नियमित रूप से समीक्षा क्यों करनी चाहिए?,"यह जांचने के लिए कि आपकी बचत योजना के अनुसार हो रही है या नहीं, और यदि नहीं, तो उन क्षेत्रों का पता लगाएं जहां आप खर्च में कटौती कर सकते हैं और अधिक बचत कर सकते हैं।",यह ठीक वैसे ही है जैसे यात्रा के दौरान नक्शा देखकर यह सुनिश्चित करना कि आप अभी भी सही दिशा में जा रहे हैं।,"प्रत्येक माह के अंत में, एक व्यक्ति नियोजित बचत की तुलना वास्तविक बचत से करता है और अगले माह के अपने बजट को समायोजित करता है।",कुछ लोग एक बार बचत योजना बनाते हैं और फिर कभी उसकी जांच नहीं करते; नियमित रूप से समीक्षा करना ही योजना को कारगर बनाए रखने की कुंजी है।,एनसीएफई,शुरुआत,तुम्ही तुमच्या बचतीचा नियमितपणे आढावा का घ्यावा?,"तुमची बचत योजनेनुसार होत आहे की नाही हे तपासा, आणि तसे नसल्यास, खर्च कमी करून अधिक बचत करता येईल अशी क्षेत्रे शोधा.",हे प्रवासात आपण योग्य मार्गावरच जात आहोत याची खात्री करण्यासाठी नकाशा तपासण्यासारखे आहे.,"प्रत्येक महिन्याच्या शेवटी, व्यक्ती नियोजित बचतीची प्रत्यक्ष बचतीशी तुलना करते आणि त्यानुसार पुढच्या महिन्याच्या बजेटमध्ये बदल करते.",काही लोक एकदा बचत योजना आखतात आणि तिची कधीच तपासणी करत नाहीत; नियमितपणे आढावा घेतल्यानेच योजना कार्यरत राहते.,एनसीएफई,नवशिक्या
What should you do with the money you save?,Deposit the savings in a bank account.,It is like keeping your harvest in a safe granary instead of leaving it in an open field.,"After determining the amount saved at the end of each week, the family deposits that money in a bank account.",People sometimes keep savings at home where they may be tempted to spend it; a bank keeps it safer and growing.,NCFE,beginner,आप बचाए गए पैसों का क्या करेंगे?,बचत राशि को बैंक खाते में जमा करें।,यह ठीक वैसा ही है जैसे अपनी फसल को खुले खेत में छोड़ने के बजाय उसे किसी सुरक्षित भंडारगृह में रखना।,"प्रत्येक सप्ताह के अंत में बचत की गई राशि का निर्धारण करने के बाद, परिवार उस राशि को बैंक खाते में जमा कर देता है।",लोग कभी-कभी अपनी बचत घर पर रखते हैं जहाँ उन्हें इसे खर्च करने का प्रलोभन हो सकता है; बैंक इसे सुरक्षित रखता है और इसे बढ़ाता है।,एनसीएफई,शुरुआत,तुम्ही वाचवलेल्या पैशांचे काय करावे?,बचत बँकेच्या खात्यात जमा करा.,हे म्हणजे आपले पीक उघड्या शेतात सोडून देण्याऐवजी सुरक्षित धान्याच्या कोठारात ठेवण्यासारखे आहे.,"प्रत्येक आठवड्याच्या शेवटी जमा झालेली रक्कम निश्चित करून, कुटुंब ते पैसे बँक खात्यात जमा करते.","लोक कधीकधी बचत घरी ठेवतात, जिथे त्यांना ती खर्च करण्याचा मोह होऊ शकतो; बँक मात्र ती अधिक सुरक्षित ठेवते आणि वाढवते.",एनसीएफई,नवशिक्या
What is a need?,"A need is something you really cannot do without, such as food, clothing, house repair, seeds, farming tools, children's education or healthcare.","A need is like the foundation of a house - without it, everything else falls apart.",Buying food and paying for your child's education are needs because you must have them to live and survive every day.,"People often think a need is anything they strongly want, but a need is only something required for survival.",NCFE,beginner,आवश्यकता क्या है?,"आवश्यकता वह चीज है जिसके बिना आप वास्तव में काम नहीं चला सकते, जैसे भोजन, कपड़े, घर की मरम्मत, बीज, खेती के उपकरण, बच्चों की शिक्षा या स्वास्थ्य सेवा।","आवश्यकता घर की नींव की तरह होती है - इसके बिना, बाकी सब कुछ ढह जाता है।",भोजन खरीदना और अपने बच्चे की शिक्षा का खर्च उठाना आवश्यक शर्तें हैं क्योंकि आपको हर दिन जीने और जीवित रहने के लिए इनकी आवश्यकता होती है।,"लोग अक्सर सोचते हैं कि आवश्यकता वह सब कुछ है जिसे वे दिल से चाहते हैं, लेकिन आवश्यकता केवल जीवित रहने के लिए आवश्यक चीज है।",एनसीएफई,शुरुआत,गरज म्हणजे काय?,"गरज म्हणजे अशी गोष्ट ज्याशिवाय तुम्ही खरोखरच जगू शकत नाही, जसे की अन्न, वस्त्र, घराची दुरुस्ती, बियाणे, शेतीची अवजारे, मुलांचे शिक्षण किंवा आरोग्यसेवा.",गरज ही घराच्या पायासारखी असते - तिच्याशिवाय बाकी सर्व काही कोसळून पडते.,"अन्न विकत घेणे आणि मुलांच्या शिक्षणाचा खर्च करणे या गरजा आहेत, कारण दररोज जगण्यासाठी आणि तग धरण्यासाठी त्यांची आवश्यकता असते.","लोकांना अनेकदा वाटते की गरज म्हणजे अशी कोणतीही गोष्ट जी त्यांना तीव्रतेने हवी असते, पण गरज ही केवळ जगण्यासाठी आवश्यक असलेली गोष्ट असते.",एनसीएफई,नवशिक्या
What is a non-essential item?,"A non-essential item is an 'extra' in life that you enjoy but can avoid, reduce or postpone, like drinks, drugs, gutka, gambling, expensive festivals, TV, scooter, car or jewellery.","Non-essential items are like dessert after a meal - nice to have, but you can skip them without going hungry.","Spending money on gambling can be avoided, and buying a new car can be postponed, freeing up money for essential things.","Many feel non-essential spending is compulsory, but these extras can usually be avoided, reduced or postponed.",NCFE,beginner,गैर-जरूरी वस्तु क्या होती है?,"एक गैर-जरूरी वस्तु जीवन में एक 'अतिरिक्त' चीज है जिसका आप आनंद लेते हैं लेकिन जिसे टाला जा सकता है, कम किया जा सकता है या स्थगित किया जा सकता है, जैसे कि पेय पदार्थ, ड्रग्स, गुटखा, जुआ, महंगे त्योहार, टीवी, स्कूटर, कार या आभूषण।","गैर-जरूरी चीजें भोजन के बाद मिठाई की तरह होती हैं - खाने में अच्छी लगती हैं, लेकिन आप उन्हें छोड़े बिना भी भूखे रह सकते हैं।","जुए पर पैसा खर्च करने से बचा जा सकता है, और नई कार खरीदने को टाला जा सकता है, जिससे जरूरी चीजों के लिए पैसा बचाया जा सकता है।","बहुत से लोग गैर-जरूरी खर्च को अनिवार्य मानते हैं, लेकिन इन अतिरिक्त खर्चों से आमतौर पर बचा जा सकता है, इन्हें कम किया जा सकता है या स्थगित किया जा सकता है।",एनसीएफई,शुरुआत,अनावश्यक वस्तू म्हणजे काय?,"अनावश्यक वस्तू म्हणजे आयुष्यातील एक 'अतिरिक्त' गोष्ट, जिचा तुम्ही आनंद घेता पण ती टाळू शकता, कमी करू शकता किंवा पुढे ढकलू शकता; जसे की मद्य, अमली पदार्थ, गुटखा, जुगार, महागडे उत्सव, टीव्ही, स्कूटर, कार किंवा दागिने.","अनावश्यक पदार्थ हे जेवणानंतरच्या गोड पदार्थांसारखे असतात - खायला छान वाटतात, पण ते वगळले तरी भूक लागत नाही.","जुगारावर पैसे खर्च करणे टाळता येते आणि नवीन गाडी घेणे पुढे ढकलता येते, ज्यामुळे अत्यावश्यक गोष्टींसाठी पैसे उपलब्ध होतात.","अनेकांना अनावश्यक खर्च करणे अनिवार्य वाटते, परंतु हा अतिरिक्त खर्च सहसा टाळता येतो, कमी करता येतो किंवा पुढे ढकलता येतो.",एनसीएफई,नवशिक्या
How can we reduce expenses?,"We can reduce expenses on extra items by spending judiciously, so the money saved becomes extra income for essential items without earning more.","Reducing expenses is like finding a leak in a bucket and sealing it, so more water stays in.","If you drink 4 cups of tea a day at Rs 5 each, that is Rs 600 a month. Cutting to 2 cups saves Rs 300 a month.","People think saving requires earning more, but cutting wasteful spending saves money without any extra income.",NCFE,beginner,हम खर्चों को कैसे कम कर सकते हैं?,"हम विवेकपूर्ण खर्च करके अतिरिक्त वस्तुओं पर होने वाले खर्च को कम कर सकते हैं, जिससे बचा हुआ पैसा बिना अधिक आय अर्जित किए आवश्यक वस्तुओं के लिए अतिरिक्त आय बन जाता है।","खर्च कम करना बाल्टी में रिसाव ढूंढकर उसे बंद करने जैसा है, जिससे अधिक पानी अंदर ही रह जाता है।","यदि आप प्रतिदिन 5 रुपये प्रति कप के हिसाब से 4 कप चाय पीते हैं, तो यह प्रति माह 600 रुपये होता है। इसे घटाकर 2 कप करने से प्रति माह 300 रुपये की बचत होती है।","लोग सोचते हैं कि बचत करने के लिए अधिक कमाना जरूरी है, लेकिन फिजूलखर्ची कम करने से बिना किसी अतिरिक्त आय के भी पैसे की बचत होती है।",एनसीएफई,शुरुआत,आपण खर्च कसा कमी करू शकतो?,"विचारपूर्वक खर्च केल्यास आपण अनावश्यक वस्तूंवरील खर्च कमी करू शकतो, जेणेकरून वाचलेले पैसे अधिक कमाई न करताच गरजेच्या वस्तूंसाठी अतिरिक्त उत्पन्नात रूपांतरित होतील.","खर्च कमी करणे म्हणजे बादलीला लागलेली गळती शोधून ती बंद करण्यासारखे आहे, जेणेकरून अधिक पाणी आतच राहील.","जर तुम्ही दिवसातून प्रत्येकी ५ रुपये दराने ४ कप चहा पीत असाल, तर महिन्याला ६०० रुपये खर्च येतो. चहाचे प्रमाण २ कपवर आणल्यास महिन्याला ३०० रुपयांची बचत होते.","लोकांना वाटते की बचत करण्यासाठी जास्त पैसे कमवावे लागतात, पण अनावश्यक खर्च कमी केल्याने कोणतेही अतिरिक्त उत्पन्न न मिळवता पैशांची बचत होते.",एनसीएफई,नवशिक्या
What does the saying 'money saved is money earned' mean?,"It means that when you save money by cutting unnecessary spending, it is just as valuable as earning that same amount as extra income.",Money saved is like coins you pick up off the floor - it adds to your pocket just the same as being paid.,"Saving Rs 300 a month on tea equals Rs 3,600 a year, which is like earning an extra Rs 3,600 without doing more work.","Some think only earning more increases wealth, but money saved adds to wealth in the same way as money earned.",NCFE,beginner,'बचाया गया पैसा कमाया गया पैसा है' इस कहावत का क्या अर्थ है?,"इसका मतलब यह है कि जब आप अनावश्यक खर्चों में कटौती करके पैसे बचाते हैं, तो यह अतिरिक्त आय के रूप में उतनी ही राशि अर्जित करने के बराबर ही मूल्यवान होता है।",बचाया गया पैसा ठीक वैसे ही है जैसे आप फर्श से सिक्के उठाते हैं - यह आपकी जेब में ठीक उसी तरह जुड़ता है जैसे वेतन मिलता है।,"चाय पर हर महीने 300 रुपये बचाने से साल में 3,600 रुपये की बचत होती है, जो बिना अतिरिक्त काम किए 3,600 रुपये अतिरिक्त कमाने के बराबर है।","कुछ लोगों का मानना ​​है कि केवल अधिक कमाने से ही धन बढ़ता है, लेकिन बचत किया गया पैसा भी उसी तरह धन में वृद्धि करता है जैसे कमाया गया पैसा।",एनसीएफई,शुरुआत,'बचत केलेला पैसा म्हणजे कमावलेला पैसा' या म्हणीचा अर्थ काय आहे?,"याचा अर्थ असा की, अनावश्यक खर्च कमी करून जेव्हा तुम्ही पैसे वाचवता, तेव्हा तेवढीच रक्कम अतिरिक्त उत्पन्न म्हणून मिळवण्याइतकेच मौल्यवान असते.",वाचवलेले पैसे म्हणजे जमिनीवरून उचललेल्या नाण्यांसारखेच असतात - पगार मिळाल्याप्रमाणेच ते तुमच्या खिशात जमा होतात.,"चहावर दरमहा ३०० रुपये वाचवणे म्हणजे वर्षाला ३,६०० रुपये वाचवणे, जे अधिक काम न करता ३,६०० रुपये अतिरिक्त कमावण्यासारखे आहे.","काहींना वाटते की केवळ जास्त कमाई केल्यानेच संपत्ती वाढते, पण कमावलेल्या पैशांप्रमाणेच बचत केलेल्या पैशांनेही संपत्तीत भर पडते.",एनसीएफई,नवशिक्या
Why should we save?,We should save regularly so we have money to use when our expenditure is more than our income and we need more money.,"Savings are like a spare tyre - you may not need it daily, but it rescues you on the day something goes wrong.","If you fall ill or have an accident, your savings help cover the costs when regular income is not enough.","People think saving is only for the rich, but the truth is everyone needs to save for hard times.",NCFE,beginner,हमें बचत क्यों करनी चाहिए?,"हमें नियमित रूप से बचत करनी चाहिए ताकि जब हमारा खर्च हमारी आय से अधिक हो और हमें अधिक धन की आवश्यकता हो, तो हमारे पास उपयोग करने के लिए धन हो।","बचत एक स्पेयर टायर की तरह होती है - आपको इसकी रोज़ाना ज़रूरत नहीं पड़ सकती है, लेकिन जब कुछ गड़बड़ हो जाती है तो यह आपको बचा लेती है।","यदि आप बीमार पड़ जाते हैं या आपका कोई दुर्घटना हो जाती है, तो आपकी बचत उन खर्चों को पूरा करने में मदद करती है जब नियमित आय पर्याप्त नहीं होती है।","लोग सोचते हैं कि बचत करना केवल अमीरों का काम है, लेकिन सच्चाई यह है कि हर किसी को मुश्किल समय के लिए बचत करने की जरूरत होती है।",एनसीएफई,शुरुआत,आपण बचत का करावी?,"आपण नियमितपणे बचत केली पाहिजे, जेणेकरून जेव्हा आपला खर्च उत्पन्नापेक्षा जास्त असेल आणि आपल्याला अधिक पैशांची गरज भासेल, तेव्हा ते वापरण्यासाठी आपल्याकडे पैसे असतील.","बचत ही स्पेअर टायरसारखी असते - तुम्हाला तिची रोज गरज भासणार नाही, पण जेव्हा काही बिघडते तेव्हा ती तुमच्या मदतीला येते.","तुम्ही आजारी पडल्यास किंवा तुमचा अपघात झाल्यास, जेव्हा नियमित उत्पन्न पुरेसे नसते, तेव्हा तुमची बचत खर्च भागवण्यास मदत करते.","लोकांना वाटते की बचत फक्त श्रीमंतांसाठीच असते, पण सत्य हे आहे की कठीण काळासाठी प्रत्येकाला बचत करण्याची गरज असते.",एनसीएफई,नवशिक्या
What are the two ways to save money?,We can save either by cutting expenses or by increasing our income.,Saving is like filling a water tank - either turn down the tap of spending or turn up the inflow of income.,"If your income stays the same, you can still save by reducing what you spend on non-essential items.","Many assume savings only come from earning more, but cutting expenses is an equally valid way to save.",NCFE,beginner,पैसे बचाने के दो तरीके क्या हैं?,हम खर्चों में कटौती करके या अपनी आय बढ़ाकर बचत कर सकते हैं।,बचत करना पानी की टंकी भरने जैसा है - या तो खर्च कम करो या आय बढ़ाओ।,"यदि आपकी आय समान रहती है, तो भी आप गैर-जरूरी वस्तुओं पर खर्च कम करके बचत कर सकते हैं।","बहुत से लोग मानते हैं कि बचत केवल अधिक कमाने से ही होती है, लेकिन खर्चों में कटौती करना भी बचत करने का उतना ही वैध तरीका है।",एनसीएफई,शुरुआत,पैसे वाचवण्याचे दोन मार्ग कोणते आहेत?,आपण खर्च कमी करून किंवा उत्पन्न वाढवून बचत करू शकतो.,बचत करणे म्हणजे पाण्याची टाकी भरण्यासारखे आहे - एकतर खर्चाचा नळ कमी करा किंवा उत्पन्नाचा ओघ वाढवा.,"तुमचे उत्पन्न तेच राहिल्यास, अनावश्यक वस्तूंवरील खर्च कमी करून तुम्ही बचत करू शकता.","अनेकांना असे वाटते की बचत केवळ जास्त कमाई केल्यानेच होते, परंतु खर्च कमी करणे हा देखील बचत करण्याचा तितकाच योग्य मार्ग आहे.",एनसीएफई,नवशिक्या
Why should we save for emergencies?,"We should save so that we have money for unexpected events like illness, accident, death or natural calamity; during emergencies, savings come to our rescue.","Emergency savings are like an umbrella you keep handy - when the storm comes, you stay protected.","If a natural calamity damages your home, your savings help you repair it without borrowing.","Some believe emergencies can be handled by borrowing later, but savings are what actually rescue you without debt.",NCFE,beginner,हमें आपात स्थितियों के लिए बचत क्यों करनी चाहिए?,"हमें बचत करनी चाहिए ताकि हमारे पास बीमारी, दुर्घटना, मृत्यु या प्राकृतिक आपदा जैसी अप्रत्याशित घटनाओं के लिए धन हो; आपात स्थिति में, बचत ही हमारी सहायता करती है।","आपातकालीन बचत एक छाते की तरह होती है जिसे आप हमेशा अपने पास रखते हैं - जब तूफान आता है, तो आप सुरक्षित रहते हैं।","यदि किसी प्राकृतिक आपदा से आपके घर को नुकसान पहुंचता है, तो आपकी बचत आपको बिना उधार लिए उसकी मरम्मत करने में मदद करती है।","कुछ लोगों का मानना ​​है कि आपात स्थिति में बाद में उधार लेकर काम चलाया जा सकता है, लेकिन वास्तव में बचत ही आपको कर्ज से बचाती है।",एनसीएफई,शुरुआत,आपण आपत्कालीन परिस्थितीसाठी बचत का करावी?,"आपण बचत केली पाहिजे जेणेकरून आजारपण, अपघात, मृत्यू किंवा नैसर्गिक आपत्ती यांसारख्या अनपेक्षित घटनांसाठी आपल्याकडे पैसे असतील; आणीबाणीच्या काळात बचत आपल्या मदतीला येते.",आपत्कालीन बचत ही हाताशी ठेवलेल्या छत्रीसारखी असते - वादळ आल्यावर तुम्ही सुरक्षित राहता.,"जर नैसर्गिक आपत्तीमुळे तुमच्या घराचे नुकसान झाले, तर तुमची बचत तुम्हाला कर्ज न घेता त्याची दुरुस्ती करण्यास मदत करते.","काहींना वाटते की आपत्कालीन परिस्थिती नंतर कर्ज घेऊन हाताळता येते, पण खरी बचतच तुम्हाला कर्जमुक्त ठेवते.",एनसीएफई,नवशिक्या
Why do we need savings for lean periods?,"We need savings for lean periods, that is, when we are not able to earn, so we can meet our expenses during that time.","Lean-period savings are like storing grain for the dry season, so you do not starve when crops fail.","If seasonal work means no income for a few months, your earlier savings pay the bills until work returns.","People often think savings are only for buying things, but they are also a safety net when income stops.",NCFE,beginner,आर्थिक तंगी के दौर के लिए हमें बचत की आवश्यकता क्यों होती है?,"हमें आर्थिक तंगी के समय के लिए बचत की आवश्यकता होती है, यानी जब हम कमाने में सक्षम नहीं होते हैं, ताकि हम उस दौरान अपने खर्चों को पूरा कर सकें।","आर्थिक तंगी के समय की बचत, सूखे मौसम के लिए अनाज जमा करने की तरह है, ताकि फसल खराब होने पर आपको भूखा न रहना पड़े।","यदि मौसमी काम का मतलब कुछ महीनों तक कोई आय न होना है, तो काम दोबारा शुरू होने तक आपकी पहले से की गई बचत से बिलों का भुगतान हो जाएगा।","लोग अक्सर सोचते हैं कि बचत केवल चीजें खरीदने के लिए होती है, लेकिन आय बंद होने पर यह एक सुरक्षा कवच भी होती है।",एनसीएफई,शुरुआत,अडचणीच्या काळात आपल्याला बचतीची गरज का असते?,"आपल्याला अडचणीच्या काळासाठी, म्हणजेच जेव्हा आपण कमवू शकत नाही, तेव्हा बचतीची गरज असते, जेणेकरून त्या काळात आपण आपला खर्च भागवू शकू.","दुष्काळकाळातील बचत म्हणजे कोरड्या हंगामासाठी धान्य साठवण्यासारखे आहे, जेणेकरून पिके वाया गेल्यास तुम्हाला उपासमार सहन करावी लागणार नाही.","जर हंगामी कामामुळे काही महिने उत्पन्न मिळत नसेल, तर काम पुन्हा सुरू होईपर्यंत तुमची आधीची बचत खर्च भागवते.","लोकांना अनेकदा वाटते की बचत फक्त वस्तू खरेदी करण्यासाठीच असते, पण उत्पन्न थांबल्यावर ती एक आधारही ठरते.",एनसीएफई,नवशिक्या
Why should we save for our old age?,"We need to save for our old age, when we may not be able to earn, so that we can meet our expenses then.",Old-age savings are like planting a tree today so you have shade to rest under in your later years.,Putting aside money throughout your working life gives you funds to live on after you stop earning.,"Some assume children will always support them in old age, but having your own savings gives you security.",NCFE,beginner,हमें बुढ़ापे के लिए बचत क्यों करनी चाहिए?,"हमें अपने बुढ़ापे के लिए बचत करनी चाहिए, जब हम शायद कमाने में सक्षम न हों, ताकि हम उस समय अपने खर्चों को पूरा कर सकें।",वृद्धावस्था के लिए बचत करना आज एक पेड़ लगाने जैसा है ताकि बाद के वर्षों में आपको आराम करने के लिए छाया मिल सके।,अपने कामकाजी जीवन के दौरान पैसे बचाकर रखने से आपको कमाई बंद होने के बाद भी जीवनयापन के लिए धन मिल जाता है।,"कुछ लोग मानते हैं कि बुढ़ापे में बच्चे हमेशा उनका सहारा बनेंगे, लेकिन अपनी बचत होने से आपको सुरक्षा मिलती है।",एनसीएफई,शुरुआत,आपण आपल्या म्हातारपणासाठी बचत का करावी?,"आपल्याला म्हातारपणासाठी बचत करणे आवश्यक आहे, जेव्हा आपण कदाचित कमवू शकणार नाही, जेणेकरून तेव्हाचा आपला खर्च भागवता येईल.","वृद्धापकाळातील बचत म्हणजे आज एक झाड लावण्यासारखे आहे, जेणेकरून तुमच्या उतारवयात तुम्हाला विश्रांतीसाठी सावली मिळेल.","तुमच्या नोकरीच्या काळात पैसे बाजूला ठेवल्याने, तुमची कमाई थांबल्यानंतर जगण्यासाठी तुमच्याकडे निधी उपलब्ध होतो.","काहींना असे वाटते की म्हातारपणी मुले नेहमीच त्यांचा सांभाळ करतील, पण स्वतःची बचत असणे तुम्हाला सुरक्षितता देते.",एनसीएफई,नवशिक्या
Why do we need to save for big purchases?,"We need to save to buy something we cannot afford from our regular income, such as a house, or to meet higher expenses on birth, education and marriage.",Saving for a big purchase is like building a brick wall one brick a day until it is complete.,"If a house costs more than your monthly income, small regular savings over time make the purchase possible.","People think they must earn a lot at once to buy big things, but steady saving makes large purchases achievable.",NCFE,beginner,हमें बड़ी खरीदारी के लिए पैसे बचाने की जरूरत क्यों पड़ती है?,"हमें घर जैसी कोई ऐसी चीज खरीदने के लिए बचत करने की जरूरत है जिसे हम अपनी नियमित आय से वहन नहीं कर सकते, या फिर जन्म, शिक्षा और विवाह जैसे अधिक खर्चों को पूरा करने के लिए बचत करने की जरूरत है।","किसी बड़ी खरीदारी के लिए पैसे बचाना, ईंट की दीवार को एक-एक ईंट करके तब तक बनाने जैसा है जब तक वह पूरी न हो जाए।","यदि घर की कीमत आपकी मासिक आय से अधिक है, तो समय के साथ थोड़ी-थोड़ी नियमित बचत करके इसे खरीदना संभव हो सकता है।","लोगों को लगता है कि बड़ी चीजें खरीदने के लिए उन्हें एक ही बार में बहुत सारा पैसा कमाना होगा, लेकिन लगातार बचत करने से बड़ी खरीदारी संभव हो जाती है।",एनसीएफई,शुरुआत,मोठ्या खरेदीसाठी आपल्याला बचत करण्याची गरज का असते?,"आपल्या नियमित उत्पन्नातून परवडत नसलेल्या गोष्टी, जसे की घर, विकत घेण्यासाठी किंवा जन्म, शिक्षण आणि लग्नासारख्या वाढीव खर्चांची पूर्तता करण्यासाठी आपल्याला बचत करणे आवश्यक आहे.","मोठी खरेदी करण्यासाठी बचत करणे म्हणजे, भिंत पूर्ण होईपर्यंत रोज एक वीट रचून ती बांधण्यासारखे आहे.","जर घराची किंमत तुमच्या मासिक उत्पन्नापेक्षा जास्त असेल, तर कालांतराने नियमितपणे केलेली थोडी बचत ते घर खरेदी करणे शक्य करते.","लोकांना वाटते की मोठ्या वस्तू खरेदी करण्यासाठी एकदम खूप पैसे कमवावे लागतील, पण नियमित बचतीमुळे मोठ्या खरेदी करणे शक्य होते.",एनसीएफई,नवशिक्या
How can we reduce our expenses?,"We can reduce expenses by spending judiciously on extra items, and the money saved becomes like extra income for the things we truly need.",It is like trimming the fat off a meal so you still get full nutrition while eating less food.,Cutting from 4 cups of tea a day to 2 cups saves about 300 rupees in a month and 3600 rupees in a year.,Many think you must earn more money to save; in reality you can save just by spending wisely.,NCFE,beginner,हम अपने खर्चों को कैसे कम कर सकते हैं?,"हम अतिरिक्त वस्तुओं पर सोच-समझकर खर्च करके खर्चों को कम कर सकते हैं, और बचा हुआ पैसा उन चीजों के लिए अतिरिक्त आय की तरह काम करता है जिनकी हमें वास्तव में आवश्यकता होती है।","यह भोजन से अतिरिक्त वसा को हटाने जैसा है, जिससे कम भोजन खाने पर भी आपको पूरा पोषण मिलता है।",दिन में चार कप चाय पीने की आदत को घटाकर दो कप करने से एक महीने में लगभग 300 रुपये और एक साल में 3600 रुपये की बचत होती है।,"बहुत से लोग सोचते हैं कि बचत करने के लिए अधिक पैसा कमाना जरूरी है; वास्तविकता में, आप केवल समझदारी से खर्च करके भी बचत कर सकते हैं।",एनसीएफई,शुरुआत,आपण आपला खर्च कसा कमी करू शकतो?,अनावश्यक वस्तूंवर विचारपूर्वक खर्च केल्याने आपण खर्च कमी करू शकतो आणि वाचलेले पैसे आपल्या खऱ्या गरजेच्या गोष्टींसाठी अतिरिक्त उत्पन्नासारखे ठरतात.,"हे जेवणातील अनावश्यक भाग काढून टाकण्यासारखे आहे, जेणेकरून कमी अन्न खाऊनही तुम्हाला पूर्ण पोषण मिळेल.",दिवसातून ४ कप चहा पिण्याऐवजी २ कप प्यायल्याने महिन्यात सुमारे ३०० रुपये आणि वर्षात ३६०० रुपयांची बचत होते.,"अनेकांना वाटते की बचत करण्यासाठी जास्त पैसे कमवावे लागतात; पण प्रत्यक्षात, केवळ विचारपूर्वक खर्च करूनही बचत करता येते.",एनसीएफई,नवशिक्या
Why should we save money regularly?,We should save regularly so money is available when our expenses are more than our income and we need more than we earn.,Savings are like a water tank that stores water in good times to use during a dry spell.,"Savings help pay for birth, education, marriage, buying farm seeds, or purchasing a house.",Some believe savings are only for the rich; actually everyone needs savings for emergencies.,NCFE,beginner,हमें नियमित रूप से पैसे क्यों बचाने चाहिए?,"हमें नियमित रूप से बचत करनी चाहिए ताकि जब हमारे खर्च हमारी आय से अधिक हों और हमें अपनी कमाई से अधिक की आवश्यकता हो, तब हमारे पास पैसा उपलब्ध हो।",बचत एक पानी की टंकी की तरह है जो अच्छे समय में पानी जमा करती है ताकि सूखे के दौरान उसका उपयोग किया जा सके।,"बचत से बच्चे के जन्म, शिक्षा, विवाह, कृषि बीज खरीदने या घर खरीदने जैसे खर्चों को पूरा करने में मदद मिलती है।",कुछ लोगों का मानना ​​है कि बचत केवल अमीरों के लिए होती है; वास्तव में आपात स्थितियों के लिए हर किसी को बचत की आवश्यकता होती है।,एनसीएफई,शुरुआत,आपण नियमितपणे पैसे का वाचवले पाहिजेत?,"आपण नियमितपणे बचत केली पाहिजे, जेणेकरून जेव्हा आपला खर्च उत्पन्नापेक्षा जास्त असेल आणि आपल्याला आपल्या कमाईपेक्षा जास्त गरज असेल, तेव्हा पैसे उपलब्ध असतील.","बचत म्हणजे पाण्याच्या टाकीसारखी असते, जी चांगल्या काळात पाणी साठवून ठेवते आणि दुष्काळात वापरते.","बचतीमुळे जन्म, शिक्षण, लग्न, शेतीसाठी बियाणे खरेदी करणे किंवा घर विकत घेणे यांसारख्या खर्चांसाठी पैसे मिळतात.","काहींना वाटते की बचत फक्त श्रीमंतांसाठीच असते; पण वास्तविक पाहता, आपत्कालीन परिस्थितीसाठी प्रत्येकाला बचतीची गरज असते.",एनसीएफई,नवशिक्या
What is the difference between essential and non-essential items?,"Essential items are things we truly cannot do without, while non-essential items are extras we enjoy but can avoid, reduce, or postpone.",Essentials are like the roots of a tree; non-essentials are like decorative leaves you can trim without harm.,"Food, clothing, seeds, and healthcare are essential; drinks, drugs, and gambling are non-essential.","People often think all spending is equally important, but extras can be cut without hurting survival.",NCFE,beginner,आवश्यक और गैर-आवश्यक वस्तुओं में क्या अंतर है?,"आवश्यक वस्तुएं वे चीजें हैं जिनके बिना हम वास्तव में नहीं रह सकते, जबकि गैर-आवश्यक वस्तुएं वे अतिरिक्त चीजें हैं जिनका हम आनंद लेते हैं लेकिन जिनसे बचा जा सकता है, कम किया जा सकता है या जिन्हें स्थगित किया जा सकता है।",आवश्यक चीजें पेड़ की जड़ों की तरह होती हैं; गैर-आवश्यक चीजें सजावटी पत्तियों की तरह होती हैं जिन्हें आप बिना नुकसान पहुंचाए काट-छांट सकते हैं।,"भोजन, वस्त्र, बीज और स्वास्थ्य सेवा आवश्यक हैं; पेय पदार्थ, नशीली दवाएं और जुआ गैर-आवश्यक हैं।","लोग अक्सर सोचते हैं कि सभी खर्च समान रूप से महत्वपूर्ण हैं, लेकिन जीवनयापन को नुकसान पहुंचाए बिना अतिरिक्त खर्चों में कटौती की जा सकती है।",एनसीएफई,शुरुआत,अत्यावश्यक आणि अनावश्यक वस्तूंमध्ये काय फरक आहे?,"अत्यावश्यक वस्तू म्हणजे अशा गोष्टी ज्यांच्याशिवाय आपण खरोखरच जगू शकत नाही, तर अनावश्यक वस्तू म्हणजे अशा अतिरिक्त गोष्टी ज्यांचा आपण आनंद घेतो, पण त्या टाळता येतात, कमी करता येतात किंवा पुढे ढकलता येतात.","आवश्यक गोष्टी झाडाच्या मुळांसारख्या असतात; अनावश्यक गोष्टी शोभेच्या पानांसारख्या असतात, ज्यांना तुम्ही इजा न पोहोचवता छाटू शकता.","अन्न, वस्त्र, बियाणे आणि आरोग्यसेवा या अत्यावश्यक गोष्टी आहेत; पेये, अमली पदार्थ आणि जुगार या अनावश्यक गोष्टी आहेत.","लोकांना अनेकदा वाटते की सर्व खर्च सारखाच महत्त्वाचा असतो, पण उदरनिर्वाहावर परिणाम न करता अनावश्यक खर्च कमी करता येतो.",एनसीएफई,नवशिक्या
What makes spending on vices like drinks and gambling risky?,"Such spending is wasteful, harms health, and drains money that could have been saved for important needs.",It is like pouring money down a drain; once spent this way it brings no lasting benefit.,Money spent daily on gutka or gambling could instead be saved toward a child's education.,"Some treat these as normal entertainment, not realizing how much they quietly add up over time.",NCFE,beginner,शराब और जुए जैसी बुरी आदतों पर पैसा खर्च करना जोखिम भरा क्यों होता है?,"इस तरह का खर्च फिजूलखर्ची है, स्वास्थ्य को नुकसान पहुंचाता है और उस पैसे को बर्बाद कर देता है जिसे महत्वपूर्ण जरूरतों के लिए बचाया जा सकता था।",यह पैसे को नाली में बहाने जैसा है; एक बार इस तरह खर्च करने के बाद इससे कोई स्थायी लाभ नहीं मिलता।,गुटखा या जुए पर रोजाना खर्च होने वाला पैसा बच्चे की शिक्षा के लिए बचाया जा सकता है।,"कुछ लोग इन्हें सामान्य मनोरंजन मानते हैं, उन्हें यह एहसास नहीं होता कि समय के साथ ये चुपचाप कितना कुछ जोड़ देते हैं।",एनसीएफई,शुरुआत,मद्यपान आणि जुगार यांसारख्या व्यसनांवर खर्च करणे धोकादायक का ठरते?,"असा खर्च उधळपट्टीचा आहे, आरोग्याला हानी पोहोचवतो आणि महत्त्वाच्या गरजांसाठी वाचवता येणारा पैसा वाया घालवतो.",हे म्हणजे गटारात पैसे ओतण्यासारखे आहे; एकदा अशा प्रकारे खर्च केल्यावर त्याचा कोणताही शाश्वत फायदा होत नाही.,गुटखा किंवा जुगारावर दररोज खर्च होणारे पैसे त्याऐवजी मुलांच्या शिक्षणासाठी वाचवता येतील.,"काही लोक याला सामान्य मनोरंजन समजतात, पण कालांतराने यातून नकळतपणे किती मोठी रक्कम जमा होते, याची त्यांना कल्पना नसते.",एनसीएफई,नवशिक्या
How can we save money by postponing expenses?,"Some non-essential items can be bought later instead of now, so the money is freed up for more urgent needs today.",It is like waiting for a sale instead of buying at full price straight away.,"Delaying the purchase of a TV, scooter, car, or jewellery lets you save for essentials first.","People think postponing means giving up forever, but it simply means buying it at a better time.",NCFE,beginner,खर्चों को टालकर हम पैसे कैसे बचा सकते हैं?,"कुछ गैर-जरूरी चीजें अभी खरीदने के बजाय बाद में खरीदी जा सकती हैं, जिससे आज की अधिक जरूरी जरूरतों के लिए पैसा बच जाएगा।",यह ठीक वैसा ही है जैसे सीधे पूरी कीमत पर खरीदने के बजाय छूट का इंतजार करना।,"टीवी, स्कूटर, कार या आभूषण खरीदने में देरी करने से आपको पहले आवश्यक चीजों के लिए बचत करने का मौका मिलता है।","लोग सोचते हैं कि टालने का मतलब हमेशा के लिए हार मान लेना है, लेकिन इसका मतलब सिर्फ इतना है कि इसे बेहतर समय पर खरीदना।",एनसीएफई,शुरुआत,खर्च पुढे ढकलून आपण पैसे कसे वाचवू शकतो?,"काही अनावश्यक वस्तू आता घेण्याऐवजी नंतर खरेदी करता येतात, त्यामुळे आजच्या अधिक तातडीच्या गरजांसाठी पैसे वाचतात.",हे म्हणजे थेट पूर्ण किंमतीत खरेदी करण्याऐवजी सवलतीची वाट पाहण्यासारखे आहे.,"टीव्ही, स्कूटर, कार किंवा दागिन्यांची खरेदी पुढे ढकलल्याने तुम्हाला आधी जीवनावश्यक वस्तूंसाठी बचत करता येते.","लोकांना वाटते की पुढे ढकलणे म्हणजे कायमचे सोडून देणे, पण त्याचा साधा अर्थ म्हणजे योग्य वेळी ती वस्तू खरेदी करणे.",एनसीएफई,नवशिक्या
What two ways can we use to increase our savings?,Either by cutting our expenses or by increasing our income.,It is like filling a bucket faster by both plugging leaks and turning up the tap.,"If income stays the same, reducing extras like excessive festival spending leaves more to save.","Many assume saving is only about earning more, ignoring that controlling spending works too.",NCFE,beginner,हम अपनी बचत बढ़ाने के लिए किन दो तरीकों का उपयोग कर सकते हैं?,या तो अपने खर्चों में कटौती करके या अपनी आय बढ़ाकर।,यह ठीक उसी तरह है जैसे रिसाव को बंद करके और नल का पानी तेज करके बाल्टी को तेजी से भरना।,"यदि आय समान रहती है, तो त्योहारों पर होने वाले अत्यधिक खर्च जैसे अतिरिक्त खर्चों में कटौती करने से बचत के लिए अधिक धन उपलब्ध होता है।","बहुत से लोग यह मान लेते हैं कि बचत का मतलब केवल अधिक कमाना है, वे इस बात को नजरअंदाज कर देते हैं कि खर्च पर नियंत्रण रखना भी कारगर होता है।",एनसीएफई,शुरुआत,आपली बचत वाढवण्यासाठी आपण कोणते दोन मार्ग वापरू शकतो?,एकतर आपला खर्च कमी करून किंवा आपले उत्पन्न वाढवून.,हे म्हणजे गळती थांबवून आणि नळ वाढवून बादली अधिक वेगाने भरण्यासारखे आहे.,"उत्पन्न तेच राहिल्यास, सणासुदीच्या खर्चासारखे अनावश्यक खर्च कमी केल्याने बचत करण्यासाठी अधिक पैसे शिल्लक राहतात.","बरेच लोक असे मानतात की बचत करणे म्हणजे फक्त जास्त पैसे कमावणे, आणि खर्चावर नियंत्रण ठेवणे देखील उपयुक्त ठरते याकडे ते दुर्लक्ष करतात.",एनसीएफई,नवशिक्या
In what situations do savings come to our rescue?,Savings help during emergencies and lean periods when we cannot earn or when unexpected costs arise.,Savings are like an umbrella you keep ready before the rain starts.,"Illness, an accident, a natural calamity, or old age are times when savings protect a family.",Some think emergencies can always be handled by borrowing; savings avoid the burden of debt.,NCFE,beginner,किन परिस्थितियों में बचत हमारे काम आती है?,"बचत आपात स्थितियों और आर्थिक तंगी के समय में मददगार होती है, जब हम कमा नहीं पाते या जब अप्रत्याशित खर्चे सामने आते हैं।",बचत उस छाते की तरह है जिसे आप बारिश शुरू होने से पहले तैयार रखते हैं।,"बीमारी, दुर्घटना, प्राकृतिक आपदा या बुढ़ापा, ये ऐसे समय होते हैं जब बचत परिवार की रक्षा करती है।",कुछ लोगों का मानना ​​है कि आपात स्थितियों से निपटने के लिए हमेशा उधार लिया जा सकता है; बचत करने से कर्ज के बोझ से बचा जा सकता है।,एनसीएफई,शुरुआत,कोणत्या परिस्थितीत बचत आपल्या मदतीला येते?,"आणीबाणीच्या काळात आणि जेव्हा आपण कमवू शकत नाही किंवा अनपेक्षित खर्च उद्भवतात, तेव्हा बचत उपयोगी पडते.",बचत म्हणजे पाऊस सुरू होण्यापूर्वी तयार ठेवलेल्या छत्रीसारखी असते.,"आजारपण, अपघात, नैसर्गिक आपत्ती किंवा वृद्धापकाळ यांसारख्या प्रसंगी बचत कुटुंबाचे रक्षण करते.",काहींना वाटते की आपत्कालीन परिस्थिती कर्ज घेऊन नेहमीच हाताळता येते; बचतीमुळे कर्जाचे ओझे टाळता येते.,एनसीएफई,नवशिक्या
What is the difference between what we want and what we need?,"A need is what truly fulfils us, while a want is more than necessary and can be reduced without real loss.",It is like eating enough to satisfy hunger rather than stuffing yourself just for taste.,"We may want 4 cups of tea a day, but 2 cups may fully meet our actual need.",People often confuse wants with needs and spend on all of them as if they were unavoidable.,NCFE,beginner,हमारी चाहत और हमारी जरूरत में क्या अंतर है?,"आवश्यकता वह है जो वास्तव में हमें तृप्त करती है, जबकि चाहत जरूरत से ज्यादा होती है और इसे वास्तविक नुकसान के बिना कम किया जा सकता है।","यह भूख मिटाने के लिए पर्याप्त भोजन करने जैसा है, न कि केवल स्वाद के लिए पेट भरने जैसा।","हमें दिन में चार कप चाय पीने की इच्छा हो सकती है, लेकिन दो कप चाय ही हमारी वास्तविक आवश्यकता को पूरी तरह से पूरा कर सकती है।",लोग अक्सर चाहतों और जरूरतों में भ्रमित हो जाते हैं और उन सभी पर इस तरह खर्च करते हैं मानो वे अपरिहार्य हों।,एनसीएफई,शुरुआत,"आपल्याला जे हवे आहे आणि ज्याची आपल्याला गरज आहे, यांमध्ये काय फरक आहे?","गरज ही आपल्याला खऱ्या अर्थाने समाधान देते, तर इच्छा ही गरजेपेक्षा जास्त असते आणि ती कमी केल्यास फारसे नुकसान होत नाही.","हे केवळ चवीसाठी गच्च खाण्याऐवजी, भूक शमेपर्यंत खाण्यासारखे आहे.","आपल्याला दिवसातून ४ कप चहा प्यावासा वाटत असेल, पण आपली खरी गरज २ कपांनीच भागू शकते.",लोक अनेकदा गरजा आणि इच्छांमध्ये गोंधळ करतात आणि त्या अटळ आहेत असे समजून त्या सर्वांवर खर्च करतात.,एनसीएफई,नवशिक्या
"What is a common excuse people give for not saving, and why is it untrue?","People say they do not earn enough to save, but the truth is that everyone needs to save regardless of income.","It is like saying you cannot stay dry because it rains, when carrying an umbrella solves it.","Even a small daily saving, like cutting one cup of tea, grows into a large amount over a year.","Believing saving is impossible on a low income ignores how small, regular cuts add up.",NCFE,beginner,"लोग बचत न करने के लिए आमतौर पर क्या बहाना बनाते हैं, और यह बहाना गलत क्यों है?","लोग कहते हैं कि वे बचत करने के लिए पर्याप्त कमाई नहीं करते हैं, लेकिन सच्चाई यह है कि आय की परवाह किए बिना हर किसी को बचत करने की आवश्यकता होती है।","यह ऐसा कहने जैसा है कि बारिश होने पर आप सूखे नहीं रह सकते, जबकि छाता ले जाने से समस्या हल हो जाती है।","यहां तक ​​कि रोजाना की थोड़ी सी बचत, जैसे कि एक कप चाय कम पीना, एक साल में एक बड़ी रकम बन जाती है।","यह मानना ​​कि कम आय पर बचत करना असंभव है, इस बात को नजरअंदाज करना है कि छोटी-छोटी, नियमित कटौतियाँ मिलकर कितनी बड़ी रकम बन जाती हैं।",एनसीएफई,शुरुआत,बचत न करण्यासाठी लोक कोणते सर्रास कारण देतात आणि ते खोटे का असते?,"लोक म्हणतात की बचत करण्यासाठी त्यांची कमाई पुरेशी नाही, पण सत्य हे आहे की उत्पन्नाची पर्वा न करता प्रत्येकाला बचत करणे आवश्यक आहे.","हे असं म्हणण्यासारखं आहे की, पाऊस पडत आहे म्हणून तुम्ही कोरडे राहू शकत नाही, पण छत्री घेतल्याने तो प्रश्न सुटतो.","रोजची छोटी बचत, जसे की एक कप चहा कमी करणे, वर्षभरात मोठ्या रकमेत रूपांतरित होते.","कमी उत्पन्नात बचत करणे अशक्य आहे असे मानणे म्हणजे, नियमितपणे केलेल्या छोट्या छोट्या कपातींचा एकत्रितपणे कसा परिणाम होतो याकडे दुर्लक्ष करण्यासारखे आहे.",एनसीएफई,नवशिक्या
When should you start saving?,"You should start saving early and regularly, from day one of your earning life, even if the amount is small.",Starting to save early is like planting a tree when young so it grows big and shady by the time you need it.,A person who saves 1000 rupees every year from age 25 ends up with far more at 65 than someone who starts at 45.,"Many believe they can start saving later, but starting late means losing many years of growth and interest.",NCFE,beginner,आपको बचत करना कब शुरू करना चाहिए?,"आपको अपनी कमाई शुरू करने के पहले दिन से ही नियमित रूप से बचत करना शुरू कर देना चाहिए, भले ही राशि कम ही क्यों न हो।",जल्दी बचत शुरू करना ठीक वैसे ही है जैसे किसी पेड़ को कम उम्र में लगाना ताकि जरूरत पड़ने तक वह बड़ा और छायादार हो जाए।,"जो व्यक्ति 25 वर्ष की आयु से हर साल 1000 रुपये बचाता है, उसके पास 65 वर्ष की आयु में 45 वर्ष की आयु से बचत शुरू करने वाले व्यक्ति की तुलना में कहीं अधिक धन होता है।","बहुत से लोग मानते हैं कि वे बाद में बचत शुरू कर सकते हैं, लेकिन देर से शुरू करने का मतलब है कई वर्षों की वृद्धि और ब्याज का नुकसान होना।",एनसीएफई,शुरुआत,तुम्ही बचत कधीपासून सुरू करावी?,"तुम्ही तुमच्या कमाईच्या पहिल्या दिवसापासूनच, रक्कम कमी असली तरी, लवकर आणि नियमितपणे बचत करायला सुरुवात केली पाहिजे.","लवकर बचत करायला सुरुवात करणे म्हणजे लहानपणीच झाड लावण्यासारखे आहे, म्हणजे जेव्हा तुम्हाला त्याची गरज लागेल तेव्हा ते मोठे होऊन दाट सावली देईल.","जो व्यक्ती वयाच्या २५ व्या वर्षापासून दरवर्षी १००० रुपये वाचवतो, त्याच्याकडे वयाच्या ६५ व्या वर्षी, ४५ व्या वर्षी बचत करण्यास सुरुवात करणाऱ्या व्यक्तीपेक्षा खूप जास्त रक्कम असते.","अनेकांना वाटते की ते नंतर बचत सुरू करू शकतात, पण उशिरा सुरुवात केल्याने अनेक वर्षांची वाढ आणि व्याज गमवावे लागते.",एनसीएफई,नवशिक्या
Why should you save part of an unexpected profit or earning?,"You should save all or most of an unexpected profit, because it is extra money that can boost your savings quickly without affecting your normal spending.","An unexpected profit is like finding a bonus basket of fruit, so you can store it rather than eat it all at once.","If you receive a surprise 5000 rupee bonus, saving most of it adds a large chunk to your savings.","People often spend windfalls entirely on wants, missing a chance to strengthen their savings.",NCFE,beginner,आपको अप्रत्याशित लाभ या कमाई का कुछ हिस्सा क्यों बचाना चाहिए?,"आपको अप्रत्याशित लाभ का पूरा या अधिकांश हिस्सा बचा लेना चाहिए, क्योंकि यह अतिरिक्त धन है जो आपके सामान्य खर्चों को प्रभावित किए बिना आपकी बचत को तेजी से बढ़ा सकता है।","अप्रत्याशित लाभ मिलना फलों की एक अतिरिक्त टोकरी मिलने जैसा है, जिसे आप एक ही बार में खाने के बजाय स्टोर करके रख सकते हैं।","यदि आपको अप्रत्याशित रूप से 5000 रुपये का बोनस मिलता है, तो इसका अधिकांश हिस्सा बचाने से आपकी बचत में एक बड़ा हिस्सा जुड़ जाता है।","लोग अक्सर अप्रत्याशित रूप से प्राप्त धन को पूरी तरह से अपनी इच्छाओं पर खर्च कर देते हैं, जिससे वे अपनी बचत को मजबूत करने का मौका चूक जाते हैं।",एनसीएफई,शुरुआत,अनपेक्षित नफ्याचा किंवा कमाईचा काही भाग तुम्ही का वाचवावा?,"तुम्ही अनपेक्षित नफ्यातील सर्व किंवा बहुतेक रक्कम वाचवून ठेवली पाहिजे, कारण हे अतिरिक्त पैसे तुमच्या नेहमीच्या खर्चावर परिणाम न करता तुमची बचत झपाट्याने वाढवू शकतात.","अनपेक्षित नफा म्हणजे बोनस म्हणून फळांची टोपली मिळण्यासारखे आहे, ज्यामुळे तुम्ही ती एकाच वेळी खाण्याऐवजी साठवून ठेवू शकता.","जर तुम्हाला ५००० रुपयांचा अनपेक्षित बोनस मिळाला, तर त्यातील बहुतांश रक्कम वाचवल्याने तुमच्या बचतीत मोठी भर पडते.",लोक अनेकदा अनपेक्षितपणे मिळालेला पैसा केवळ स्वतःच्या इच्छांवर खर्च करतात आणि त्यामुळे आपली बचत वाढवण्याची संधी गमावून बसतात.,एनसीएफई,नवशिक्या
How can saving help you in the future?,"Saving reduces your worries about future financial needs, helps you handle unexpected expenses, and prepares you for emergencies and old age without depending on others.",Savings are like an umbrella you keep ready so a sudden rain does not leave you stranded.,"If a medical emergency costs 5000 rupees, your savings can cover it without borrowing.","Some think savings are only for big goals, but they are also a shield against everyday unexpected costs.",NCFE,beginner,बचत करना भविष्य में आपके लिए कैसे फायदेमंद हो सकता है?,"बचत करने से भविष्य की वित्तीय जरूरतों के बारे में आपकी चिंताएं कम होती हैं, अप्रत्याशित खर्चों से निपटने में मदद मिलती है, और दूसरों पर निर्भर हुए बिना आपात स्थितियों और बुढ़ापे के लिए आपको तैयार करती है।",बचत एक छाते की तरह है जिसे आप हमेशा तैयार रखते हैं ताकि अचानक आने वाली बारिश में आप फंसे न रह जाएं।,"यदि किसी चिकित्सा आपात स्थिति में 5000 रुपये का खर्च आता है, तो आपकी बचत बिना उधार लिए इसे कवर कर सकती है।","कुछ लोग सोचते हैं कि बचत केवल बड़े लक्ष्यों के लिए होती है, लेकिन यह रोजमर्रा के अप्रत्याशित खर्चों से बचाव का एक कवच भी है।",एनसीएफई,शुरुआत,बचत तुम्हाला भविष्यात कशी मदत करू शकते?,"बचत केल्याने भविष्यातील आर्थिक गरजांची चिंता कमी होते, अनपेक्षित खर्च हाताळण्यास मदत होते आणि इतरांवर अवलंबून न राहता तुम्ही आपत्कालीन परिस्थिती व वृद्धापकाळासाठी तयार राहता.","बचत म्हणजे एका छत्रीसारखी असते, जी तुम्ही तयार ठेवता, जेणेकरून अचानक आलेल्या पावसात तुम्ही अडकून पडणार नाही.","जर वैद्यकीय आपत्कालीन परिस्थितीसाठी ५००० रुपये खर्च आला, तर तुमची बचत कर्ज न घेता तो खर्च भागवू शकते.","काहींना वाटते की बचत फक्त मोठ्या ध्येयांसाठीच असते, पण ती रोजच्या अनपेक्षित खर्चांपासून संरक्षण करणारी ढालसुद्धा असते.",एनसीएफई,नवशिक्या
What is interest?,Interest is the extra money your savings earn over time when it is kept in a place like a bank.,Interest is like a tree giving you extra fruit each year simply because you planted and kept it.,Saving 7200 rupees in a year at 8% per annum earns about 318 rupees as interest.,"People think money kept idle stays the same, but only money that earns interest actually grows.",NCFE,beginner,ब्याज क्या है?,ब्याज वह अतिरिक्त धनराशि है जो आपकी बचत समय के साथ अर्जित करती है जब उसे बैंक जैसी किसी जगह पर रखा जाता है।,"ब्याज उस पेड़ की तरह है जो आपको हर साल अतिरिक्त फल देता है, सिर्फ इसलिए कि आपने उसे लगाया और उसकी देखभाल की।",एक वर्ष में 7200 रुपये की बचत करने पर 8% प्रति वर्ष की दर से लगभग 318 रुपये ब्याज प्राप्त होता है।,"लोग सोचते हैं कि निष्क्रिय पड़ा पैसा वैसा ही रहता है, लेकिन वास्तव में केवल वही पैसा बढ़ता है जिस पर ब्याज मिलता है।",एनसीएफई,शुरुआत,व्याज म्हणजे काय?,बँकेसारख्या ठिकाणी ठेवलेल्या तुमच्या बचतीवर कालांतराने मिळणाऱ्या अतिरिक्त रकमेला व्याज म्हणतात.,"व्याज म्हणजे एखाद्या झाडासारखं आहे, जे तुम्ही लावलं आणि जपलं म्हणून दरवर्षी तुम्हाला जास्त फळं देतं.",एका वर्षात ७२०० रुपये वार्षिक ८% दराने वाचवल्यास सुमारे ३१८ रुपये व्याज मिळते.,"लोकांना वाटते की पडून असलेला पैसा तसाच राहतो, पण फक्त व्याज मिळणारा पैसाच खऱ्या अर्थाने वाढतो.",एनसीएफई,नवशिक्या
Does the length of time you save matter?,"Yes, the longer you save, the more your savings grow, because your money keeps earning interest and multiplies over the years.",Saving longer is like letting a snowball roll down a hill; it gathers more snow the further it travels.,"Saving 1000 rupees a year from age 25 for 40 years grows to about 462878 rupees at age 65, much more than starting at 45.","Many think the total amount saved is what matters most, but the time your money grows is just as important.",NCFE,beginner,क्या आपके द्वारा बचाए गए समय की अवधि मायने रखती है?,"जी हां, आप जितनी अधिक अवधि तक बचत करेंगे, आपकी बचत उतनी ही अधिक बढ़ेगी, क्योंकि आपका पैसा वर्षों में ब्याज अर्जित करता रहता है और कई गुना बढ़ जाता है।","अधिक समय तक बचत करना एक बर्फ के गोले को पहाड़ी से नीचे लुढ़काने जैसा है; यह जितनी दूर जाता है, उतनी ही अधिक बर्फ जमा करता जाता है।","25 वर्ष की आयु से 40 वर्षों तक प्रति वर्ष 1000 रुपये बचाने से 65 वर्ष की आयु तक लगभग 462878 रुपये हो जाते हैं, जो 45 वर्ष की आयु से शुरू करने की तुलना में कहीं अधिक है।","बहुत से लोग सोचते हैं कि कुल बचत राशि ही सबसे ज्यादा मायने रखती है, लेकिन आपके पैसे के बढ़ने का समय भी उतना ही महत्वपूर्ण है।",एनसीएफई,शुरुआत,तुम्ही वाचवलेल्या वेळेचा कालावधी महत्त्वाचा आहे का?,"होय, तुम्ही जितका जास्त काळ बचत कराल, तितकी तुमची बचत वाढत जाईल, कारण तुमच्या पैशांवर व्याज मिळत राहते आणि वर्षानुवर्षे ते अनेक पटींनी वाढत जाते.","जास्त काळ बचत करणे म्हणजे डोंगरावरून खाली घरंगळू देणाऱ्या बर्फाच्या गोळ्यासारखे आहे; तो जितका दूर जातो, तितका जास्त बर्फ गोळा करतो.","वयाच्या २५ व्या वर्षापासून ४० वर्षे दरवर्षी १००० रुपये वाचवल्यास, वयाच्या ६५ व्या वर्षी सुमारे ४६२८७८ रुपये जमा होतात, जे ४५ व्या वर्षी सुरुवात करण्यापेक्षा खूप जास्त आहे.","बऱ्याच जणांना वाटते की एकूण वाचवलेली रक्कम सर्वात महत्त्वाची असते, पण तुमचे पैसे वाढण्यासाठी लागणारा वेळही तितकाच महत्त्वाचा असतो.",एनसीएफई,नवशिक्या
Why is it better to save in a bank than at home?,"Money in a bank is safe, grows with interest, is not charged a deposit fee, and can be used whenever needed, unlike money kept at home.","Keeping money at home is like leaving your harvest in an open field, where it can be stolen or spoiled.","Money kept in a Gullak at home earns no interest and can be stolen or eaten by pests, while a bank protects it and adds interest.","People think keeping cash at home is safest, but it can be lost, stolen, or spent and it never grows.",NCFE,beginner,घर में बचत करने की तुलना में बैंक में बचत करना बेहतर क्यों है?,"बैंक में रखा पैसा सुरक्षित होता है, उस पर ब्याज मिलता है, कोई जमा शुल्क नहीं लगता और घर में रखे पैसे के विपरीत, जरूरत पड़ने पर इसका इस्तेमाल किया जा सकता है।","घर में पैसा रखना वैसा ही है जैसे अपनी फसल को खुले मैदान में छोड़ देना, जहां से वह चोरी हो सकती है या खराब हो सकती है।","घर में गुल्लक में रखा पैसा ब्याज नहीं कमाता और चोरी हो सकता है या कीड़े-मकोड़ों द्वारा खाया जा सकता है, जबकि बैंक इसे सुरक्षित रखता है और ब्याज भी देता है।","लोग सोचते हैं कि नकदी को घर में रखना सबसे सुरक्षित है, लेकिन यह खो सकती है, चोरी हो सकती है या खर्च हो सकती है और यह कभी बढ़ती नहीं है।",एनसीएफई,शुरुआत,घरी बचत करण्यापेक्षा बँकेत बचत करणे अधिक चांगले का आहे?,"घरी ठेवलेल्या पैशांच्या विपरीत, बँकेतील पैसे सुरक्षित असतात, त्यावर व्याज मिळते, त्यावर ठेव शुल्क आकारले जात नाही आणि ते गरजेनुसार कधीही वापरता येतात.","घरी पैसे ठेवणे म्हणजे आपले पीक उघड्या शेतात सोडून देण्यासारखे आहे, जिथे ते चोरीला जाऊ शकते किंवा खराब होऊ शकते.","घरातल्या गुलकात ठेवलेल्या पैशांवर व्याज मिळत नाही आणि ते चोरीला जाऊ शकतात किंवा कीटक खाऊ शकतात, तर दुसरीकडे बँक त्याचे संरक्षण करते आणि त्यावर व्याजही देते.","लोकांना वाटते की घरात रोख रक्कम ठेवणे सर्वात सुरक्षित आहे, पण ती हरवू शकते, चोरीला जाऊ शकते किंवा खर्च होऊ शकते आणि त्यात कधीच वाढ होत नाही.",एनसीएफई,नवशिक्या
What are the risks of keeping savings at home?,"Money kept at home can be stolen, eaten by rats or pests, or tempt you or others to spend or borrow it, and it does not grow.",Storing cash at home is like keeping ice outside in the sun; it does not stay safe or last long.,Savings kept under a pillow may be taken by a thief or used up in a moment of temptation.,"Some feel home savings are always accessible and safe, but accessibility often leads to spending it away.",NCFE,beginner,घर में बचत रखने के क्या जोखिम हैं?,"घर में रखा पैसा चोरी हो सकता है, चूहों या कीड़ों द्वारा खाया जा सकता है, या आपको या दूसरों को इसे खर्च करने या उधार लेने के लिए लुभा सकता है, और यह बढ़ता नहीं है।",घर में नकदी रखना वैसा ही है जैसे बर्फ को धूप में बाहर रखना; यह न तो सुरक्षित रहती है और न ही लंबे समय तक टिकती है।,तकिए के नीचे रखी बचत को कोई चोर चुरा सकता है या लालच के क्षण में खर्च कर सकता है।,"कुछ लोगों को लगता है कि घर में जमा की गई बचत हमेशा सुलभ और सुरक्षित होती है, लेकिन सुलभता अक्सर इसे खर्च करने की ओर ले जाती है।",एनसीएफई,शुरुआत,बचत घरी ठेवण्याचे धोके कोणते आहेत?,"घरात ठेवलेले पैसे चोरीला जाऊ शकतात, उंदीर किंवा कीटक त्यांना खाऊ शकतात, किंवा ते तुम्हाला व इतरांना खर्च करण्याचा किंवा उसने घेण्याचा मोह निर्माण करू शकतात, आणि ते वाढत नाहीत.",घरात रोख रक्कम ठेवणे म्हणजे उन्हात बाहेर बर्फ ठेवण्यासारखे आहे; ते सुरक्षित राहत नाही किंवा जास्त काळ टिकत नाही.,उशीखाली ठेवलेली बचत चोर घेऊ शकतो किंवा मोहाच्या क्षणी खर्च होऊ शकते.,"काहींना वाटते की घरासाठी केलेली बचत नेहमी उपलब्ध आणि सुरक्षित असते, पण अनेकदा ही उपलब्धताच ती खर्च करून टाकण्यास कारणीभूत ठरते.",एनसीएफई,नवशिक्या
How do banks make saving beneficial?,"Banks keep your money safe, charge no fee for depositing, pay you interest, allow you to withdraw when needed, and carry out transparent transactions.",A bank is like a trusted locker that also pays you rent for storing your money there.,"You deposit money in a bank account, it stays safe, earns interest, and you can take it out whenever required.","People worry banks will charge them for saving, but banks pay interest instead of charging a deposit fee.",NCFE,beginner,बैंक बचत को लाभकारी कैसे बनाते हैं?,"बैंक आपके पैसे को सुरक्षित रखते हैं, जमा करने पर कोई शुल्क नहीं लेते, आपको ब्याज देते हैं, जरूरत पड़ने पर आपको पैसे निकालने की अनुमति देते हैं और पारदर्शी लेनदेन करते हैं।",बैंक एक भरोसेमंद लॉकर की तरह है जो आपके पैसे को वहां रखने के बदले आपको किराया भी देता है।,"आप बैंक खाते में पैसा जमा करते हैं, वह सुरक्षित रहता है, उस पर ब्याज मिलता है, और आप जब चाहें उसे निकाल सकते हैं।","लोगों को चिंता रहती है कि बैंक बचत पर शुल्क लगाएंगे, लेकिन बैंक जमा शुल्क लेने के बजाय ब्याज देते हैं।",एनसीएफई,शुरुआत,बँका बचत कशी फायदेशीर बनवतात?,"बँका तुमचे पैसे सुरक्षित ठेवतात, पैसे जमा करण्यासाठी कोणतेही शुल्क आकारत नाहीत, तुम्हाला व्याज देतात, गरजेनुसार पैसे काढण्याची परवानगी देतात आणि पारदर्शक व्यवहार पार पाडतात.","बँक म्हणजे एका विश्वासू लॉकरसारखी असते, जी तुमचे पैसे तिथे ठेवल्याबद्दल तुम्हाला भाडेदेखील देते.","तुम्ही बँक खात्यात पैसे जमा करता, ते सुरक्षित राहतात, त्यावर व्याज मिळते आणि गरजेनुसार तुम्ही ते कधीही काढू शकता.","लोकांना भीती वाटते की बँका त्यांच्याकडून बचतीसाठी शुल्क आकारतील, पण बँका ठेव शुल्क आकारण्याऐवजी व्याज देतात.",एनसीएफई,नवशिक्या
What is an emergency fund?,"An emergency fund is the savings you build up to deal with unexpected expenses and future financial needs, so you are not caught off guard.","An emergency fund is like a spare tyre kept in your car for a sudden flat, so the journey is not stopped.","By saving 20 out of every 100 rupees earned, in 5 earning days you save one full day's earning for emergencies.","Many think emergencies can be managed by borrowing, but an emergency fund lets you meet needs without going into debt.",NCFE,beginner,आपातकालीन निधि क्या होती है?,"आपातकालीन निधि वह बचत है जिसे आप अप्रत्याशित खर्चों और भविष्य की वित्तीय जरूरतों से निपटने के लिए जमा करते हैं, ताकि आप अचानक आने वाली मुश्किलों के लिए तैयार रहें।","आपातकालीन निधि आपकी कार में रखे गए अतिरिक्त टायर की तरह है, ताकि अचानक पंचर होने पर आपकी यात्रा न रुके।","हर 100 रुपये में से 20 रुपये बचाकर, आप 5 दिनों की कमाई में आपात स्थिति के लिए एक पूरे दिन की कमाई बचा सकते हैं।","बहुत से लोग सोचते हैं कि आपात स्थितियों से निपटने के लिए उधार लिया जा सकता है, लेकिन आपातकालीन निधि आपको कर्ज में डूबे बिना अपनी जरूरतों को पूरा करने की सुविधा देती है।",एनसीएफई,शुरुआत,आपत्कालीन निधी म्हणजे काय?,"आपत्कालीन निधी म्हणजे अशी बचत जी तुम्ही अनपेक्षित खर्च आणि भविष्यातील आर्थिक गरजांना तोंड देण्यासाठी तयार करता, जेणेकरून तुम्ही अचानक अडचणीत सापडणार नाही.",आपत्कालीन निधी म्हणजे गाडीत अचानक पंक्चर झाल्यास प्रवासात अडथळा येऊ नये म्हणून ठेवलेल्या अतिरिक्त टायरसारखा असतो.,"कमावलेल्या प्रत्येक १०० रुपयांपैकी २० रुपये वाचवल्यास, ५ कमाईच्या दिवसांमध्ये तुम्ही आपत्कालीन परिस्थितीसाठी एका दिवसाची पूर्ण कमाई वाचवता.","अनेकांना वाटते की कर्ज घेऊन आपत्कालीन परिस्थिती हाताळता येते, परंतु आपत्कालीन निधीमुळे तुम्ही कर्ज न घेता गरजा पूर्ण करू शकता.",एनसीएफई,नवशिक्या
"How much should a person save out of their daily income, according to the text?","A person should save a portion of their earnings from the very first day of their earning life, saving regularly even if the amount is small. For example, if you earn ₹100, save ₹20; if you earn ₹10, save ₹2.","Saving is like planting a seed the day you start earning — even a tiny seed, watered regularly, grows into a big tree over time.","If you earn ₹100 a day and set aside ₹20 daily, then in 5 earning days you have saved one full day's earning (₹100). In 100 earning days you would have saved the equivalent of 20 earning days, plus interest.","Many people think you can only start saving once you earn a large income; in reality even a small, regular saving from the very first day makes a big difference.",NCFE,beginner,"पाठ के अनुसार, किसी व्यक्ति को अपनी दैनिक आय में से कितनी बचत करनी चाहिए?","व्यक्ति को अपनी कमाई का एक हिस्सा, चाहे राशि कम ही क्यों न हो, नियमित रूप से बचाना शुरू कर देना चाहिए। उदाहरण के लिए, यदि आप ₹100 कमाते हैं, तो ₹20 बचाएं; यदि आप ₹10 कमाते हैं, तो ₹2 बचाएं।","बचत करना ठीक वैसे ही है जैसे कमाई शुरू करने के दिन ही बीज बोना - एक छोटा सा बीज भी, जिसे नियमित रूप से पानी दिया जाता है, समय के साथ एक बड़ा पेड़ बन जाता है।","यदि आप प्रतिदिन ₹100 कमाते हैं और ₹20 बचाते हैं, तो 5 दिनों की कमाई में आप एक पूरे दिन की कमाई (₹100) बचा लेंगे। 100 दिनों की कमाई में आप 20 दिनों की कमाई के बराबर राशि, साथ ही ब्याज भी बचा लेंगे।","बहुत से लोग सोचते हैं कि बचत तभी शुरू की जा सकती है जब आपकी आमदनी अच्छी हो जाए; वास्तविकता में, पहले दिन से ही थोड़ी-थोड़ी नियमित बचत भी बहुत बड़ा फर्क ला सकती है।",एनसीएफई,शुरुआत,"मजकुरानुसार, एखाद्या व्यक्तीने आपल्या दैनंदिन उत्पन्नातून किती बचत करावी?","प्रत्येक व्यक्तीने आपल्या कमाईच्या पहिल्या दिवसापासूनच, रक्कम कमी असली तरी नियमितपणे आपल्या कमाईचा काही भाग वाचवला पाहिजे. उदाहरणार्थ, जर तुम्ही ₹100 कमवत असाल, तर ₹20 वाचवा; जर तुम्ही ₹10 कमवत असाल, तर ₹2 वाचवा.","बचत करणे म्हणजे ज्या दिवशी तुम्ही कमवायला सुरुवात करता त्या दिवशी एक बी पेरण्यासारखे आहे — अगदी लहानशा बीला नियमित पाणी घातल्यास, कालांतराने त्याचे एका मोठ्या झाडात रूपांतर होते.","जर तुम्ही दिवसाला ₹100 कमवत असाल आणि दररोज ₹20 बाजूला ठेवत असाल, तर 5 कमाईच्या दिवसांत तुम्ही एका पूर्ण दिवसाची कमाई (₹100) वाचवलेली असेल. 100 कमाईच्या दिवसांत तुम्ही 20 कमाईच्या दिवसांइतकी रक्कम, व्याजासह, वाचवलेली असेल.","बऱ्याच लोकांना वाटते की जास्त उत्पन्न झाल्यावरच बचत सुरू करता येते; पण प्रत्यक्षात, अगदी पहिल्या दिवसापासून केलेली छोटी आणि नियमित बचतसुद्धा खूप मोठा फरक घडवते.",एनसीएफई,नवशिक्या
What is the benefit of starting to save early in life?,"The earlier and longer you save, the more your money grows, because it earns interest for more years. Starting early gives you far more at retirement than starting late with the same yearly amount.","Think of a snowball rolling down a hill — the earlier it starts rolling, the bigger it becomes by the bottom.","Saving ₹1,000 every year and starting at age 25 gives about ₹4,62,878 by age 65. Starting at age 35 gives about ₹1,72,033, and starting at 45 gives only about ₹59,900 — even though the same ₹1,000 is saved each year.",People often believe saving a little for many years matters little; actually the number of years saved matters enormously because of compounding interest.,NCFE,beginner,कम उम्र से ही बचत शुरू करने के क्या फायदे हैं?,"जितनी जल्दी और जितने लंबे समय तक आप बचत करेंगे, आपका पैसा उतना ही अधिक बढ़ेगा, क्योंकि इस पर कई वर्षों तक ब्याज मिलता रहेगा। जल्दी बचत शुरू करने से सेवानिवृत्ति के समय आपको उतनी ही राशि से देर से बचत शुरू करने की तुलना में कहीं अधिक लाभ मिलेगा।","एक बर्फ के गोले की कल्पना करें जो पहाड़ी से नीचे लुढ़क रहा है - जितनी जल्दी वह लुढ़कना शुरू करेगा, नीचे पहुंचते-पहुंचते वह उतना ही बड़ा हो जाएगा।","हर साल 1,000 रुपये की बचत करने और 25 साल की उम्र से शुरू करने पर 65 साल की उम्र तक लगभग 4,62,878 रुपये जमा हो जाते हैं। 35 साल की उम्र से शुरू करने पर लगभग 1,72,033 रुपये और 45 साल की उम्र से शुरू करने पर केवल लगभग 59,900 रुपये ही जमा होते हैं - भले ही हर साल 1,000 रुपये की समान बचत की जाए।","लोग अक्सर मानते हैं कि कई वर्षों तक थोड़ी-थोड़ी बचत करने से कोई खास फर्क नहीं पड़ता; वास्तव में, चक्रवृद्धि ब्याज के कारण बचत के वर्षों की संख्या बहुत मायने रखती है।",एनसीएफई,शुरुआत,लहान वयातच बचत सुरू करण्याचे फायदे काय आहेत?,"तुम्ही जितक्या लवकर आणि जास्त काळ बचत कराल, तितके तुमचे पैसे अधिक वाढतील, कारण त्यावर जास्त वर्षे व्याज मिळत राहते. उशिरा आणि तेवढ्याच वार्षिक रकमेने बचत सुरू करण्यापेक्षा, लवकर बचत सुरू केल्यास निवृत्तीच्या वेळी तुम्हाला खूप जास्त फायदा मिळतो.","डोंगरावरून खाली घरंगळणाऱ्या बर्फाच्या गोळ्याचा विचार करा — तो जेवढ्या लवकर घरंगळायला लागतो, तेवढा तो तळाशी पोहोचेपर्यंत मोठा होत जातो.","दरवर्षी ₹१,००० ची बचत केल्यास आणि वयाच्या २५ व्या वर्षी सुरुवात केल्यास, वयाच्या ६५ व्या वर्षापर्यंत सुमारे ₹४,६२,८७८ जमा होतात. वयाच्या ३५ व्या वर्षी सुरुवात केल्यास सुमारे ₹१,७२,०३३ जमा होतात, आणि वयाच्या ४५ व्या वर्षी सुरुवात केल्यास केवळ सुमारे ₹५९,९०० जमा होतात — जरी दरवर्षी तेच ₹१,००० वाचवले जात असले तरी.",लोकांना अनेकदा असे वाटते की अनेक वर्षे थोडी थोडी बचत करण्याने फारसा फरक पडत नाही; पण प्रत्यक्षात चक्रवाढ व्याजामुळे बचत केलेल्या वर्षांची संख्या खूप महत्त्वाची ठरते.,एनसीएफई,नवशिक्या
How does regular monthly saving add up over a year?,"Small daily savings quickly add up. Saving ₹20 a day means ₹600 a month and ₹7,200 a year. With interest, the amount grows further.","Saving a little each day is like collecting drops of water — individually tiny, but together they fill a whole bucket.","Income ₹100/day, expenses ₹80/day, saving ₹20/day → saving per month = 20 × 30 = ₹600; saving per year = 600 × 12 = ₹7,200. At 8% interest per annum, interest is about ₹318, giving ₹7,518 at year end — equal to 75 days of income.",It is a common misconception that daily savings of a small amount are too little to matter; in fact they compound into meaningful sums.,NCFE,beginner,हर महीने नियमित रूप से बचत करने से एक साल में कितनी रकम जमा हो जाती है?,"रोजाना की छोटी-छोटी बचतें जल्दी ही बड़ी रकम बन जाती हैं। प्रतिदिन ₹20 बचाने से महीने में ₹600 और साल में ₹7,200 जमा हो जाते हैं। ब्याज के साथ यह रकम और भी बढ़ जाती है।","हर दिन थोड़ा-थोड़ा बचाना पानी की बूंदों को इकट्ठा करने जैसा है - व्यक्तिगत रूप से छोटी, लेकिन मिलकर वे एक पूरी बाल्टी भर देती हैं।","आय ₹100/दिन, व्यय ₹80/दिन, बचत ₹20/दिन → प्रति माह बचत = 20 × 30 = ₹600; प्रति वर्ष बचत = 600 × 12 = ₹7,200। 8% वार्षिक ब्याज दर पर, ब्याज लगभग ₹318 है, जिससे वर्ष के अंत में ₹7,518 प्राप्त होते हैं — जो 75 दिनों की आय के बराबर है।","यह एक आम गलत धारणा है कि थोड़ी-थोड़ी राशि की दैनिक बचत का कोई महत्व नहीं होता; वास्तव में, वे मिलकर एक अच्छी-खासी रकम बन जाती हैं।",एनसीएफई,शुरुआत,नियमित मासिक बचत वर्षभरात कशी जमा होते?,"दररोजची छोटी बचत लवकरच मोठी रक्कम बनते. दररोज ₹२० वाचवल्यास महिन्याला ₹६०० आणि वर्षाला ₹७,२०० होतात. व्याजामुळे ही रक्कम आणखी वाढते.","दररोज थोडी बचत करणे म्हणजे पाण्याचे थेंब गोळा करण्यासारखे आहे — वैयक्तिकरित्या लहान असले तरी, एकत्र येऊन ते संपूर्ण बादली भरतात.","उत्पन्न ₹१००/दिवस, खर्च ₹८०/दिवस, बचत ₹२०/दिवस → मासिक बचत = २० × ३० = ₹६००; वार्षिक बचत = ६०० × १२ = ₹७,२००. वार्षिक ८% व्याजाने, व्याज सुमारे ₹३१८ होते, ज्यामुळे वर्षाच्या शेवटी ₹७,५१८ जमा होतात — जे ७५ दिवसांच्या उत्पन्नाइतके आहे.","दररोजची थोडी बचत नगण्य असते आणि त्यामुळे काही फरक पडत नाही, असा एक सामान्य गैरसमज आहे; वास्तविक पाहता, ही बचत वाढत जाऊन एक मोठी रक्कम बनते.",एनसीएफई,नवशिक्या
Why is it better to save money in a bank than to keep it at home?,"At home, money is at risk of theft, pests like rats, and temptation to spend it, and it does not grow. In a bank your money is safe, earns interest, and can be used whenever needed.",Keeping money at home is like leaving your crops out in the open — safe from nothing; depositing in a bank is like storing them in a secure granary that also adds more grain.,"Money kept under a pillow or in a Gullak may be eaten by rats, stolen, spent on impulse, or borrowed by others, and it never grows. The same money in a bank account stays safe and earns interest.","Some believe money at home is safest because they can see it; actually a regulated bank protects it better and even pays interest, whereas home cash is vulnerable and stagnant.",NCFE,beginner,घर में पैसा रखने की तुलना में बैंक में पैसा बचाना बेहतर क्यों है?,"घर में पैसा चोरी होने, चूहों जैसे कीटों से परेशान होने और उसे खर्च करने के लालच में पड़ने का खतरा रहता है, और यह बढ़ता भी नहीं है। बैंक में आपका पैसा सुरक्षित रहता है, उस पर ब्याज मिलता है और जरूरत पड़ने पर आप उसका इस्तेमाल कर सकते हैं।",घर में पैसा रखना वैसा ही है जैसे अपनी फसलों को खुले में छोड़ देना - किसी भी चीज से सुरक्षित नहीं; बैंक में जमा करना उन्हें एक सुरक्षित भंडार में रखने जैसा है जो और अधिक अनाज भी जोड़ता है।,"तकिये के नीचे या गुल्लक में रखा पैसा चूहों द्वारा खाया जा सकता है, चोरी हो सकता है, आवेग में खर्च किया जा सकता है या दूसरों द्वारा उधार लिया जा सकता है, और यह कभी बढ़ता नहीं है। वही पैसा बैंक खाते में सुरक्षित रहता है और ब्याज कमाता है।","कुछ लोगों का मानना ​​है कि घर में रखा पैसा सबसे सुरक्षित होता है क्योंकि वे उसे देख सकते हैं; वास्तव में एक विनियमित बैंक इसे बेहतर ढंग से सुरक्षित रखता है और ब्याज भी देता है, जबकि घर में रखा पैसा असुरक्षित और स्थिर होता है।",एनसीएफई,शुरुआत,घरी पैसे ठेवण्यापेक्षा बँकेत वाचवणे अधिक चांगले का आहे?,"घरात पैशांना चोरीचा, उंदरांसारख्या उपद्रवी प्राण्यांचा आणि ते उधळण्याच्या मोहाचा धोका असतो, आणि त्यांची वाढही होत नाही. बँकेत तुमचे पैसे सुरक्षित असतात, त्यावर व्याज मिळते आणि गरजेनुसार कधीही वापरता येतात.","घरी पैसे ठेवणे म्हणजे आपली पिके उघड्यावर, कशापासूनही सुरक्षित न ठेवण्यासारखे आहे; तर बँकेत जमा करणे म्हणजे त्यांना एका सुरक्षित धान्याच्या कोठारात साठवण्यासारखे आहे, जिथे त्यात आणखी धान्याची भरही पडते.","उशीखाली किंवा गुल्लकात ठेवलेले पैसे उंदीर खाऊ शकतात, चोरीला जाऊ शकतात, अविचारीपणे खर्च केले जाऊ शकतात किंवा इतरांकडून उसने घेतले जाऊ शकतात आणि ते कधीच वाढत नाहीत. तेच पैसे बँकेच्या खात्यात सुरक्षित राहतात आणि त्यावर व्याजही मिळते.","काहींना वाटते की घरातला पैसा सर्वात सुरक्षित असतो कारण तो त्यांना दिसतो; पण प्रत्यक्षात, एक नियामक बँक त्याचे अधिक चांगले संरक्षण करते आणि त्यावर व्याजही देते, याउलट घरातील रोकड असुरक्षित आणि स्थिर असते.",एनसीएफई,नवशिक्या
What should you do with any unexpected profit or extra earning?,"When you receive an unexpected profit or extra earning, you should save all or most of it rather than spend it.",An unexpected windfall is like a surprise bonus harvest — storing it away prepares you for a lean season instead of feasting today.,"If you normally save ₹20 from ₹100, then when you receive an unexpected profit, save most of that extra amount too, which speeds up your progress toward financial security.",Many treat unexpected money as 'free money' to spend immediately; the wiser approach is to save most of it to strengthen future security.,NCFE,beginner,अप्रत्याशित लाभ या अतिरिक्त आय होने पर आपको क्या करना चाहिए?,"जब आपको अप्रत्याशित लाभ या अतिरिक्त आय प्राप्त हो, तो आपको उसे खर्च करने के बजाय उसका पूरा या अधिकांश हिस्सा बचा लेना चाहिए।",अप्रत्याशित रूप से प्राप्त धन किसी अप्रत्याशित बोनस फसल की तरह होता है - इसे बचाकर रखने से आप आज दावत उड़ाने के बजाय आने वाले कठिन समय के लिए तैयार हो जाते हैं।,"यदि आप सामान्यतः ₹100 में से ₹20 बचाते हैं, तो जब आपको अप्रत्याशित लाभ प्राप्त हो, तो उस अतिरिक्त राशि का अधिकांश भाग भी बचा लें, जिससे वित्तीय सुरक्षा की ओर आपकी प्रगति तेज हो जाएगी।",कई लोग अप्रत्याशित धन को तुरंत खर्च करने के लिए 'मुफ्त धन' मानते हैं; समझदारी भरा तरीका यह है कि भविष्य की सुरक्षा को मजबूत करने के लिए इसका अधिकांश हिस्सा बचाया जाए।,एनसीएफई,शुरुआत,अनपेक्षितपणे मिळालेल्या नफ्याचे किंवा अतिरिक्त कमाईचे तुम्ही काय करावे?,"जेव्हा तुम्हाला अनपेक्षित नफा किंवा अतिरिक्त कमाई मिळते, तेव्हा ती खर्च करण्याऐवजी तुम्ही त्यातील सर्व किंवा बहुतेक रक्कम वाचवली पाहिजे.",अनपेक्षितपणे मिळालेला लाभ म्हणजे एखाद्या अनपेक्षित बोनस पिकासारखा असतो — तो साठवून ठेवल्याने आजच्या मेजवानीऐवजी तुम्ही भविष्यातील टंचाईच्या काळासाठी तयार राहता.,"जर तुम्ही साधारणपणे १०० रुपयांमधून २० रुपये वाचवत असाल, तर जेव्हा तुम्हाला अनपेक्षित नफा मिळेल, तेव्हा त्या अतिरिक्त रकमेतील बहुतेक भागही वाचवा, ज्यामुळे तुमची आर्थिक सुरक्षिततेकडे वाटचाल अधिक वेगाने होते.",बरेच लोक अनपेक्षितपणे मिळालेल्या पैशांना 'फुकटचे पैसे' समजून लगेच खर्च करतात; पण त्यातील बहुतांश रक्कम भविष्यातील सुरक्षितता मजबूत करण्यासाठी वाचवणे हा अधिक शहाणपणाचा मार्ग आहे.,एनसीएफई,नवशिक्या
How does saving help during emergencies and old age?,Savings reduce worries about future financial needs and help you handle unexpected expenses. They also prepare you for emergencies and a non-working old age without depending on others.,Savings are like an umbrella kept ready before the rain — you are protected when the storm of an emergency or old age arrives.,"A person who saves regularly has money set aside to cover a sudden medical bill or a period of no income, and can meet needs in old age without borrowing from others.",People often assume they will always be able to borrow when needed; but growing savings mean you will not have to borrow to meet your needs.,NCFE,beginner,आपातकालीन स्थितियों और बुढ़ापे के दौरान बचत कैसे सहायक होती है?,बचत भविष्य की वित्तीय जरूरतों की चिंताओं को कम करती है और अप्रत्याशित खर्चों से निपटने में मदद करती है। यह आपको आपात स्थितियों और दूसरों पर निर्भर हुए बिना काम किए बुढ़ापे के लिए भी तैयार करती है।,बचत बारिश से पहले तैयार रखी गई छतरी की तरह होती है - यह आपको आपातकाल या बुढ़ापे के तूफान से बचाती है।,"जो व्यक्ति नियमित रूप से बचत करता है, उसके पास अचानक आने वाले किसी चिकित्सा खर्च या आय न होने की अवधि को पूरा करने के लिए पर्याप्त धन होता है, और वह दूसरों से उधार लिए बिना बुढ़ापे में अपनी जरूरतों को पूरा कर सकता है।",लोग अक्सर यह मान लेते हैं कि जरूरत पड़ने पर वे हमेशा उधार ले सकेंगे; लेकिन बचत बढ़ाने का मतलब है कि आपको अपनी जरूरतों को पूरा करने के लिए उधार लेने की जरूरत नहीं पड़ेगी।,एनसीएफई,शुरुआत,आणीबाणीच्या काळात आणि वृद्धापकाळात बचत कशी मदत करते?,"बचतीमुळे भविष्यातील आर्थिक गरजांची चिंता कमी होते आणि अनपेक्षित खर्च हाताळण्यास मदत होते. तसेच, ती तुम्हाला इतरांवर अवलंबून न राहता आपत्कालीन परिस्थितीसाठी आणि काम न करता जगता येणाऱ्या वृद्धापकाळासाठी तयार करते.","बचत म्हणजे पावसापूर्वी तयार ठेवलेल्या छत्रीसारखी आहे — जेव्हा एखादी आपत्कालीन परिस्थिती किंवा वृद्धापकाळाचे वादळ येते, तेव्हा ती तुमचे रक्षण करते.","नियमित बचत करणाऱ्या व्यक्तीकडे अचानक येणारे वैद्यकीय बिल किंवा उत्पन्नाविना असलेला काळ यांसारख्या गोष्टींसाठी पैसे जमा झालेले असतात, आणि त्यामुळे ती वृद्धापकाळात इतरांकडून कर्ज न घेता आपल्या गरजा भागवू शकते.",लोक अनेकदा असे गृहीत धरतात की गरजेच्या वेळी ते नेहमीच कर्ज घेऊ शकतील; परंतु बचत वाढवल्याने तुम्हाला तुमच्या गरजा पूर्ण करण्यासाठी कर्ज घेण्याची गरज भासणार नाही.,एनसीएफई,नवशिक्या
Why does saving for longer periods multiply your money?,"The longer you save, the more your savings grow, because the money earns interest over more years and the interest itself earns further interest (compounding), multiplying the amount many times.",Compounding is like a tree that not only grows taller but drops seeds that grow into more trees — your money multiplies over time.,"In the text, saving ₹1,000 a year from age 25 for 40 years (₹40,000 saved) grows to about ₹4,62,878 by age 65 at 10% interest, showing how long periods multiply savings.",A common mistake is thinking that the total saved is just the sum of deposits; compounding interest makes the final amount far larger than the money you put in.,NCFE,beginner,लंबे समय तक बचत करने से आपका पैसा कई गुना क्यों बढ़ जाता है?,"आप जितनी अधिक अवधि तक बचत करेंगे, आपकी बचत उतनी ही अधिक बढ़ेगी, क्योंकि पैसा कई वर्षों तक ब्याज अर्जित करता है और ब्याज स्वयं भी आगे ब्याज अर्जित करता है (चक्रवृद्धि ब्याज), जिससे राशि कई गुना बढ़ जाती है।",चक्रवृद्धि ब्याज एक पेड़ की तरह है जो न केवल लंबा होता जाता है बल्कि ऐसे बीज भी गिराता है जिनसे और पेड़ उगते हैं - आपका पैसा समय के साथ कई गुना बढ़ जाता है।,"इस पाठ में, 25 वर्ष की आयु से 40 वर्षों तक प्रति वर्ष ₹1,000 की बचत (कुल ₹40,000 की बचत) 10% ब्याज दर पर 65 वर्ष की आयु तक लगभग ₹4,62,878 हो जाती है, जो दर्शाता है कि लंबी अवधि में बचत कितनी तेजी से बढ़ती है।",एक आम गलती यह सोचना है कि कुल बचत केवल जमा राशि का योग है; चक्रवृद्धि ब्याज के कारण अंतिम राशि आपके द्वारा जमा की गई राशि से कहीं अधिक हो जाती है।,एनसीएफई,शुरुआत,दीर्घकाळ बचत केल्याने तुमचे पैसे का वाढतात?,"तुम्ही जितका जास्त काळ बचत कराल, तितकी तुमची बचत जास्त वाढेल, कारण अधिक वर्षांमध्ये पैशावर व्याज मिळत राहते आणि त्या व्याजावरही आणखी व्याज मिळत राहते (चक्रवाढ), ज्यामुळे रक्कम अनेक पटींनी वाढते.","चक्रवाढ म्हणजे एका झाडासारखी आहे, जे केवळ उंचच वाढत नाही, तर त्यातून पडणाऱ्या बियांपासून आणखी झाडे उगवतात — म्हणजेच, कालांतराने तुमचे पैसे अनेक पटींनी वाढतात.","मजकुरात, वयाच्या २५ व्या वर्षापासून ४० वर्षांपर्यंत दरवर्षी ₹१,००० ची बचत केल्यास (₹४०,००० जमा होतात), १०% व्याजाने वयाच्या ६५ व्या वर्षापर्यंत ती रक्कम सुमारे ₹४,६२,८७८ होते, यावरून दीर्घ कालावधीमुळे बचत कशी अनेक पटींनी वाढते हे दिसून येते.",एक सामान्य चूक म्हणजे एकूण बचत ही केवळ जमा केलेल्या रकमेची बेरीज आहे असे समजणे; चक्रवाढ व्याजामुळे अंतिम रक्कम तुम्ही गुंतवलेल्या पैशांपेक्षा खूप जास्त होते.,एनसीएफई,नवशिक्या
What role does the bank play with the money you deposit?,"Banks keep your money safe, pool the savings for nation-building, do not charge a fee for depositing, pay you interest, and let you use your money whenever needed through transparent transactions.","A bank is like a community well — everyone's small contributions are stored safely and used to nourish the whole village, while also giving back to each contributor.","When you deposit money in a bank, it is safe because banks are regulated, you earn interest so your money grows, and you can withdraw it when required — with no charge for depositing.","Some think banks simply hold your money idle and may charge for deposits; in fact banks pay interest, charge no deposit fee, and pool savings to support nation-building.",NCFE,beginner,आपके द्वारा जमा किए गए धन के संबंध में बैंक की क्या भूमिका होती है?,"बैंक आपके पैसे को सुरक्षित रखते हैं, राष्ट्र निर्माण के लिए बचत राशि एकत्रित करते हैं, जमा करने पर कोई शुल्क नहीं लेते, आपको ब्याज देते हैं, और पारदर्शी लेनदेन के माध्यम से आपको जरूरत पड़ने पर अपने पैसे का उपयोग करने की सुविधा देते हैं।","बैंक एक सामुदायिक कुएं की तरह है - हर किसी का छोटा-सा योगदान सुरक्षित रूप से जमा किया जाता है और पूरे गांव के पोषण के लिए उपयोग किया जाता है, साथ ही प्रत्येक योगदानकर्ता को भी लाभ मिलता है।","जब आप बैंक में पैसा जमा करते हैं, तो यह सुरक्षित होता है क्योंकि बैंक विनियमित होते हैं, आपको ब्याज मिलता है जिससे आपका पैसा बढ़ता है, और आप जरूरत पड़ने पर इसे निकाल सकते हैं - जमा करने के लिए कोई शुल्क नहीं लगता है।","कुछ लोगों का मानना ​​है कि बैंक आपके पैसे को सिर्फ निष्क्रिय रखते हैं और जमा पर शुल्क लेते हैं; वास्तव में बैंक ब्याज देते हैं, कोई जमा शुल्क नहीं लेते हैं, और राष्ट्र निर्माण में सहयोग के लिए बचत राशि एकत्रित करते हैं।",एनसीएफई,शुरुआत,तुम्ही जमा केलेल्या पैशांच्या बाबतीत बँकेची काय भूमिका असते?,"बँका तुमचे पैसे सुरक्षित ठेवतात, राष्ट्रउभारणीसाठी बचतीचे एकत्रीकरण करतात, पैसे जमा करण्यासाठी कोणतेही शुल्क आकारत नाहीत, तुम्हाला व्याज देतात आणि पारदर्शक व्यवहारांद्वारे तुम्हाला गरजेनुसार तुमचे पैसे वापरू देतात.","बँक ही एका सामुदायिक विहिरीसारखी असते — प्रत्येकाचे छोटे योगदान सुरक्षितपणे साठवले जाते आणि संपूर्ण गावाच्या पोषणासाठी वापरले जाते, तसेच प्रत्येक योगदानकर्त्यालाही त्याचा परतावा मिळतो.","जेव्हा तुम्ही बँकेत पैसे जमा करता, तेव्हा ते सुरक्षित असतात कारण बँका नियामक मंडळावर अवलंबून असतात, तुम्हाला त्यावर व्याज मिळते त्यामुळे तुमचे पैसे वाढतात आणि आवश्यकतेनुसार तुम्ही ते कोणत्याही शुल्काशिवाय काढू शकता.","काहींना वाटते की बँका तुमचे पैसे फक्त निष्क्रिय ठेवतात आणि ठेवींवर शुल्क आकारू शकतात; वास्तविक पाहता, बँका व्याज देतात, कोणतेही ठेव शुल्क आकारत नाहीत आणि राष्ट्रउभारणीला पाठिंबा देण्यासाठी बचतीचे एकत्रीकरण करतात.",एनसीएफई,नवशिक्या
"Is saving a fixed, one-time decision or an ongoing habit?","Saving is an ongoing habit: you should start early, save regularly from day one of earning, save most of any unexpected income, and keep saving for as long as possible so your money keeps growing.","Building savings is like staying physically fit — it is not a single workout but a regular, lifelong routine that gives lasting benefits.","A person who saves ₹20 from every ₹100 earned, repeats it every earning day, and continues for many years, ends up with savings equal to many days of income plus interest.",Many see saving as something to do 'someday' after big expenses; actually it should begin with the first income and continue regularly throughout life.,NCFE,beginner,"क्या बचत करना एक निश्चित, एक बार का निर्णय है या एक निरंतर चलने वाली आदत?","बचत एक निरंतर चलने वाली आदत है: आपको जल्दी शुरुआत करनी चाहिए, कमाई के पहले दिन से ही नियमित रूप से बचत करनी चाहिए, अप्रत्याशित आय का अधिकांश हिस्सा बचाना चाहिए और जितना संभव हो सके बचत करते रहना चाहिए ताकि आपका पैसा बढ़ता रहे।","बचत करना शारीरिक रूप से फिट रहने जैसा है - यह एक बार का व्यायाम नहीं है, बल्कि एक नियमित, जीवन भर चलने वाली दिनचर्या है जो स्थायी लाभ देती है।","जो व्यक्ति अपनी कमाई के हर 100 रुपये में से 20 रुपये बचाता है, और इसे हर दिन दोहराता है, और कई वर्षों तक ऐसा करता रहता है, तो अंत में उसके पास कई दिनों की आय और ब्याज के बराबर बचत हो जाती है।",बहुत से लोग बचत को बड़े खर्चों के बाद 'कभी न कभी' करने वाली चीज मानते हैं; वास्तव में इसकी शुरुआत पहली आमदनी से ही होनी चाहिए और जीवन भर नियमित रूप से जारी रहनी चाहिए।,एनसीएफई,शुरुआत,"बचत करणे हा एक निश्चित, एकदाच घ्यायचा निर्णय आहे की एक सातत्यपूर्ण सवय आहे?","बचत करणे ही एक सातत्यपूर्ण सवय आहे: तुम्ही लवकर सुरुवात केली पाहिजे, कमाईच्या पहिल्या दिवसापासून नियमितपणे बचत केली पाहिजे, अनपेक्षित उत्पन्नातील बहुतेक रक्कम वाचवली पाहिजे आणि शक्य तितके जास्त काळ बचत करत राहिले पाहिजे जेणेकरून तुमचे पैसे वाढत राहतील.","बचत करणे हे शारीरिकदृष्ट्या तंदुरुस्त राहण्यासारखे आहे — हा केवळ एक व्यायाम नसून, आयुष्यभर चालणारी एक नियमित दिनचर्या आहे, जी चिरस्थायी फायदे देते.","जी व्यक्ती कमावलेल्या प्रत्येक ₹100 मधून ₹20 वाचवते, प्रत्येक कमाईच्या दिवशी हेच करते आणि अनेक वर्षे असेच करत राहते, तिच्याकडे अनेक दिवसांच्या उत्पन्नाइतकी आणि त्यावर मिळणाऱ्या व्याजाएवढी बचत जमा होते.","बरेच लोक बचतीला मोठे खर्च झाल्यावर 'कधीतरी' करायची गोष्ट मानतात; पण वास्तविक पाहता, बचत पहिल्या उत्पन्नापासूनच सुरू झाली पाहिजे आणि आयुष्यभर नियमितपणे चालू राहिली पाहिजे.",एनसीएफई,नवशिक्या
What is nomination in a bank account?,Nomination lets a deposit holder name a person who can claim the money in the account if the holder dies.,Nomination is like naming a backup person on a ticket so someone can use it if you cannot.,Meena names her son as a nominee so he can claim her savings if something happens to her.,"People often think nomination is only for large accounts, but it is advisable for every bank account.",NCFE,beginner,बैंक खाते में नामांकन क्या होता है?,नामांकन के माध्यम से जमाकर्ता एक ऐसे व्यक्ति का नाम बता सकता है जो खाताधारक की मृत्यु होने पर खाते में जमा राशि पर दावा कर सकता है।,नामांकन का मतलब है किसी टिकट पर बैकअप व्यक्ति का नाम देना ताकि यदि आप उपलब्ध न हों तो कोई और उसका उपयोग कर सके।,मीना ने अपने बेटे को लाभार्थी के रूप में नामित किया है ताकि उसकी मृत्यु होने की स्थिति में वह उसकी बचत पर दावा कर सके।,"लोग अक्सर सोचते हैं कि नामांकन केवल बड़े खातों के लिए होता है, लेकिन यह हर बैंक खाते के लिए सलाहनीय है।",एनसीएफई,शुरुआत,बँक खात्यामधील नॉमिनेशन म्हणजे काय?,"नामनिर्देशनामुळे ठेवधारकाला अशा व्यक्तीचे नाव देता येते, जी त्याच्या मृत्यूनंतर खात्यातील रकमेवर दावा करू शकेल.","नामांकन म्हणजे एखाद्या तिकिटावर पर्यायी व्यक्तीचे नाव देण्यासारखे आहे, जेणेकरून तुम्ही अनुपस्थित असल्यास कोणीतरी त्याचा वापर करू शकेल.","मीना तिच्या मुलाला नामनिर्देशित व्यक्ती म्हणून नेमते, जेणेकरून तिला काही झाल्यास तो तिच्या बचतीवर दावा करू शकेल.","लोकांना अनेकदा वाटते की नॉमिनेशन फक्त मोठ्या खात्यांसाठीच असते, पण प्रत्येक बँक खात्यासाठी ते करणे उचित आहे.",एनसीएफई,नवशिक्या
Why should you make a nomination in a bank account?,Making a nomination helps the nominated person get the money easily without legal hassle after the account holder's death.,It is like leaving clear instructions so family does not struggle to find things later.,"After her father passed away, Anu could claim his savings quickly because he had made her the nominee.","Some think nomination transfers ownership during their lifetime, but it only comes into effect after death.",NCFE,beginner,आपको बैंक खाते में नामांकन क्यों करना चाहिए?,नामांकन करने से खाताधारक की मृत्यु के बाद नामित व्यक्ति को बिना किसी कानूनी झंझट के आसानी से धन प्राप्त करने में मदद मिलती है।,यह स्पष्ट निर्देश छोड़ने जैसा है ताकि परिवार को बाद में चीजें ढूंढने में परेशानी न हो।,"अपने पिता के निधन के बाद, अनु उनकी बचत राशि पर तुरंत दावा कर सकी क्योंकि उनके पिता ने उसे नॉमिनी बनाया था।","कुछ लोगों का मानना ​​है कि नामांकन से उनके जीवनकाल में ही स्वामित्व का हस्तांतरण हो जाता है, लेकिन यह मृत्यु के बाद ही प्रभावी होता है।",एनसीएफई,शुरुआत,तुम्ही बँक खात्यात नामनिर्देशन का करावे?,नामनिर्देशन केल्यामुळे खातेदाराच्या मृत्यूनंतर नामनिर्देशित व्यक्तीला कोणत्याही कायदेशीर त्रासाशिवाय सहजपणे पैसे मिळण्यास मदत होते.,"हे म्हणजे स्पष्ट सूचना देण्यासारखे आहे, जेणेकरून कुटुंबाला नंतर गोष्टी शोधताना त्रास होणार नाही.","तिच्या वडिलांच्या निधनानंतर, अनुला त्यांच्या बचतीवर त्वरित दावा करता आला, कारण त्यांनी तिलाच नॉमिनी बनवले होते.","काहींना वाटते की नामनिर्देशनामुळे मालकी हक्क त्यांच्या हयातीत हस्तांतरित होतो, पण तो केवळ मृत्यूनंतरच अंमलात येतो.",एनसीएफई,नवशिक्या
What is the advantage of a bank account giving you an identity?,A bank account gives you an identity that is recognised by other government agencies.,It is like having a recognised ID card that proves you are part of the formal system.,Suresh used his bank passbook as proof of identity while applying for a government scheme.,"Some believe a bank account is only for saving money, not for identity or official proof.",NCFE,beginner,"बैंक खाता होने से आपको पहचान मिलती है, इसका क्या फायदा है?",बैंक खाता आपको एक ऐसी पहचान प्रदान करता है जिसे अन्य सरकारी एजेंसियां ​​मान्यता देती हैं।,यह एक मान्यता प्राप्त पहचान पत्र होने जैसा है जो यह साबित करता है कि आप औपचारिक प्रणाली का हिस्सा हैं।,सुरेश ने सरकारी योजना के लिए आवेदन करते समय अपनी बैंक पासबुक को पहचान प्रमाण के रूप में इस्तेमाल किया।,"कुछ लोगों का मानना ​​है कि बैंक खाता केवल पैसे बचाने के लिए होता है, पहचान या आधिकारिक प्रमाण के लिए नहीं।",एनसीएफई,शुरुआत,बँक खात्यामुळे तुम्हाला ओळख मिळण्याचा काय फायदा आहे?,"बँक खात्यामुळे तुम्हाला एक ओळख मिळते, जी इतर सरकारी संस्थांकडूनही मान्य असते.","हे एखाद्या मान्यताप्राप्त ओळखपत्रासारखे आहे, जे सिद्ध करते की तुम्ही औपचारिक प्रणालीचा भाग आहात.",सुरेशने सरकारी योजनेसाठी अर्ज करताना ओळखीचा पुरावा म्हणून आपल्या बँक पासबुकचा वापर केला.,"काहींना असे वाटते की बँक खाते फक्त पैसे वाचवण्यासाठी असते, ओळख किंवा अधिकृत पुराव्यासाठी नाही.",एनसीएफई,नवशिक्या
Why are bank transactions said to be transparent?,"Transactions are transparent because you can see all details of deposits, withdrawals, and interest.",It is like a diary that records every rupee coming in and going out.,Priya checks her passbook and sees exactly how much interest she earned each month.,"People think banks hide details, but a bank account clearly records every transaction.",NCFE,beginner,बैंक लेनदेन को पारदर्शी क्यों कहा जाता है?,"लेन-देन पारदर्शी होते हैं क्योंकि आप जमा, निकासी और ब्याज के सभी विवरण देख सकते हैं।",यह एक डायरी की तरह है जो आने और जाने वाले हर रुपये का हिसाब रखती है।,प्रिया अपनी पासबुक देखती है और उसे पता चलता है कि उसने हर महीने कितना ब्याज अर्जित किया।,"लोग सोचते हैं कि बैंक लेन-देन की जानकारी छिपाते हैं, लेकिन बैंक खाते में हर लेन-देन स्पष्ट रूप से दर्ज होता है।",एनसीएफई,शुरुआत,बँकेचे व्यवहार पारदर्शक का म्हटले जातात?,"व्यवहार पारदर्शक असतात कारण तुम्ही ठेवी, पैसे काढणे आणि व्याजाचे सर्व तपशील पाहू शकता.","हे एका डायरीसारखं आहे, ज्यात येणाऱ्या आणि जाणाऱ्या प्रत्येक रुपयाची नोंद असते.",प्रिया तिचे पासबुक तपासते आणि तिला दर महिन्याला नेमके किती व्याज मिळाले हे पाहते.,"लोकांना वाटते की बँका तपशील लपवतात, पण बँक खात्यामध्ये प्रत्येक व्यवहाराची स्पष्टपणे नोंद असते.",एनसीएफई,नवशिक्या
What does it mean that banks are non-discriminatory?,It means the same rules apply in the bank to similar types of customers.,It is like a queue where everyone with the same ticket is treated the same way.,Two customers with the same type of account both receive the same interest rate.,"Some believe banks treat customers differently based on who they are, but rules are the same for similar customers.",NCFE,beginner,बैंकों के गैर-भेदभावपूर्ण होने का क्या अर्थ है?,इसका मतलब है कि बैंक में समान प्रकार के ग्राहकों पर एक ही नियम लागू होते हैं।,यह एक कतार की तरह है जहां एक ही टिकट वाले सभी लोगों के साथ एक जैसा व्यवहार किया जाता है।,एक ही प्रकार के खाते वाले दो ग्राहकों को समान ब्याज दर प्राप्त होती है।,"कुछ लोगों का मानना ​​है कि बैंक ग्राहकों के साथ उनकी पहचान के आधार पर अलग-अलग व्यवहार करते हैं, लेकिन नियम समान ग्राहकों के लिए एक जैसे ही होते हैं।",एनसीएफई,शुरुआत,बँका भेदभाव करत नाहीत याचा अर्थ काय आहे?,याचा अर्थ असा की बँकेत समान प्रकारच्या ग्राहकांना सारखेच नियम लागू होतात.,"हे एका रांगेसारखे आहे, जिथे एकच तिकीट असलेल्या प्रत्येकाला सारखीच वागणूक दिली जाते.",एकाच प्रकारचे खाते असलेल्या दोन ग्राहकांना सारखाच व्याजदर मिळतो.,"काहींना वाटते की बँका ग्राहकांना त्यांच्या ओळखीनुसार वेगवेगळी वागणूक देतात, पण समान ग्राहकांसाठी नियम सारखेच असतात.",एनसीएफई,नवशिक्या
What is EBT?,"EBT means Electronic Benefit Transfer, which credits social security benefits like wages and pensions directly to your bank account.",It is like a direct pipe that delivers money straight to your account without any middlemen.,Ramesh receives his MGNREGA wages directly into his bank account through EBT.,"People think benefits must be collected in person, but EBT sends them straight to the bank account.",NCFE,beginner,ईबीटी क्या है?,"ईबीटी का अर्थ है इलेक्ट्रॉनिक बेनिफिट ट्रांसफर, जिसके माध्यम से वेतन और पेंशन जैसे सामाजिक सुरक्षा लाभ सीधे आपके बैंक खाते में जमा किए जाते हैं।",यह एक सीधी पाइपलाइन की तरह है जो बिना किसी बिचौलिए के सीधे आपके खाते में पैसा पहुंचाती है।,रमेश को एमजीएनआरईजीए की मजदूरी सीधे उसके बैंक खाते में ईबीटी के माध्यम से मिलती है।,"लोगों को लगता है कि लाभ व्यक्तिगत रूप से प्राप्त करने होते हैं, लेकिन ईबीटी उन्हें सीधे बैंक खाते में भेज देता है।",एनसीएफई,शुरुआत,EBT म्हणजे काय?,"EBT म्हणजे इलेक्ट्रॉनिक बेनिफिट ट्रान्सफर, ज्याद्वारे वेतन आणि निवृत्तीवेतन यांसारखे सामाजिक सुरक्षा लाभ थेट तुमच्या बँक खात्यात जमा केले जातात.",हे एका थेट पाईपसारखे आहे जे कोणत्याही मध्यस्थांशिवाय थेट तुमच्या खात्यात पैसे पोहोचवते.,रमेशला त्याची मनरेगा मजुरी ईबीटीद्वारे थेट त्याच्या बँक खात्यात मिळते.,"लोकांना वाटते की लाभ स्वतः जाऊन घ्यावे लागतात, पण ईबीटी ते थेट बँक खात्यात पाठवते.",एनसीएफई,नवशिक्या
What are the benefits of EBT?,"EBT credits money to your account timely and efficiently, avoiding delays and leakages caused by middlemen.",It is like getting a parcel delivered directly to your door instead of passing through many hands.,Old age pension reaches Kamla's account on time through EBT instead of being delayed by intermediaries.,"Some think middlemen are needed to receive benefits, but EBT removes them entirely.",NCFE,beginner,ईबीटी के क्या फायदे हैं?,"ईबीटी आपके खाते में समय पर और कुशलतापूर्वक धन जमा करता है, जिससे बिचौलियों के कारण होने वाली देरी और धन की हानि से बचा जा सकता है।",यह ऐसा है जैसे कोई पार्सल कई हाथों से गुजरने के बजाय सीधे आपके दरवाजे पर डिलीवर हो जाए।,वृद्धावस्था पेंशन मध्यस्थों द्वारा विलंबित होने के बजाय ईबीटी के माध्यम से समय पर कमला के खाते में पहुंच जाती है।,"कुछ लोगों का मानना ​​है कि लाभ प्राप्त करने के लिए बिचौलियों की आवश्यकता होती है, लेकिन ईबीटी उन्हें पूरी तरह से हटा देता है।",एनसीएफई,शुरुआत,EBT चे फायदे काय आहेत?,"ईबीटी मध्यस्थांमुळे होणारा विलंब आणि गळती टाळून, तुमच्या खात्यात वेळेवर आणि कार्यक्षमतेने पैसे जमा करते.","हे म्हणजे अनेक हातांमधून न जाता, एखादे पार्सल थेट तुमच्या दारात पोहोचण्यासारखेच आहे.","मध्यस्थांमुळे विलंब न होता, वृद्धापकाळ पेन्शन वेळेवर ईबीटीद्वारे कमलाच्या खात्यात जमा होते.","काहींना वाटते की लाभ मिळवण्यासाठी मध्यस्थांची गरज असते, पण ईबीटी त्यांना पूर्णपणे काढून टाकते.",एनसीएफई,नवशिक्या
What is remittance?,Remittance means sending money to other people at distant places through the bank.,It is like the bank acting as a courier that moves your money from one place to another.,Arjun sends money to his family in another state using the bank's remittance service.,"People think money must be carried physically, but banks transfer it from place to place safely.",NCFE,beginner,प्रेषण क्या है?,धन प्रेषण का अर्थ है बैंक के माध्यम से दूर स्थानों पर रहने वाले अन्य लोगों को धन भेजना।,यह कुछ ऐसा है जैसे बैंक एक कूरियर की तरह काम करता है जो आपके पैसे को एक जगह से दूसरी जगह पहुंचाता है।,अर्जुन बैंक की धन हस्तांतरण सेवा का उपयोग करके दूसरे राज्य में अपने परिवार को पैसे भेजता है।,"लोग सोचते हैं कि पैसे को शारीरिक रूप से ले जाना पड़ता है, लेकिन बैंक इसे सुरक्षित रूप से एक स्थान से दूसरे स्थान पर पहुंचाते हैं।",एनसीएफई,शुरुआत,रेमिटन्स म्हणजे काय?,रेमिटन्स म्हणजे बँकेमार्फत दूरवर असलेल्या इतर लोकांना पैसे पाठवणे.,हे असे आहे की जणू बँक एका कुरिअरप्रमाणे तुमचे पैसे एका ठिकाणाहून दुसऱ्या ठिकाणी पोहोचवते.,अर्जुन बँकेच्या रेमिटन्स सेवेचा वापर करून दुसऱ्या राज्यातील आपल्या कुटुंबाला पैसे पाठवतो.,"लोकांना वाटते की पैसे प्रत्यक्षपणे सोबत बाळगावे लागतात, पण बँका ते एका ठिकाणाहून दुसऱ्या ठिकाणी सुरक्षितपणे हस्तांतरित करतात.",एनसीएफई,नवशिक्या
What types of deposit accounts can you open in a bank?,"You can open savings, recurring, and fixed deposit accounts according to your needs, and the bank pays interest.",It is like choosing different containers for your money depending on how you plan to use it.,Neha opens a fixed deposit to earn higher interest and a savings account for daily use.,"Some think a bank only offers one type of account, but there are savings, recurring, and fixed deposits.",NCFE,beginner,आप बैंक में किस प्रकार के जमा खाते खोल सकते हैं?,"आप अपनी आवश्यकतानुसार बचत, आवर्ती और सावधि जमा खाते खोल सकते हैं, और बैंक ब्याज देता है।","यह ठीक वैसा ही है जैसे आप अपने पैसे को अलग-अलग तरीकों से रखने के लिए अलग-अलग कंटेनर चुनते हैं, यह इस बात पर निर्भर करता है कि आप इसे कैसे इस्तेमाल करने की योजना बना रहे हैं।",नेहा अधिक ब्याज कमाने के लिए एक फिक्स्ड डिपॉजिट खाता और दैनिक उपयोग के लिए एक बचत खाता खोलती है।,"कुछ लोगों का मानना ​​है कि बैंक केवल एक ही प्रकार का खाता प्रदान करता है, लेकिन वास्तव में बचत खाता, आवर्ती खाता और सावधि जमा खाता जैसे खाते होते हैं।",एनसीएफई,शुरुआत,तुम्ही बँकेत कोणत्या प्रकारचे ठेव खाते उघडू शकता?,"तुम्ही तुमच्या गरजेनुसार बचत, आवर्ती आणि मुदत ठेव खाती उघडू शकता आणि बँक त्यावर व्याज देते.","हे म्हणजे, तुम्ही तुमचे पैसे कसे वापरणार आहात यावर अवलंबून, त्या पैशांसाठी वेगवेगळी भांडी निवडण्यासारखे आहे.",नेहा जास्त व्याज मिळवण्यासाठी मुदत ठेव आणि दैनंदिन वापरासाठी बचत खाते उघडते.,"काहींना वाटते की बँक फक्त एकाच प्रकारचे खाते देते, पण बचत, आवर्ती आणि मुदत ठेवी असे पर्यायही उपलब्ध असतात.",एनसीएफई,नवशिक्या
What is a bank passbook?,"A bank passbook is a small booklet that records all the deposits, withdrawals, and interest details of a bank account.","It works like a personal diary of your money, where every entry is written down so you can see your whole money story.","Priya checks her passbook and sees each salary deposit, ATM withdrawal, and quarterly interest credit listed with dates.","Some believe a passbook is the only valid proof of transactions, but bank statements and receipts are equally valid records.",NCFE,beginner,बैंक पासबुक क्या होती है?,"बैंक पासबुक एक छोटी पुस्तिका होती है जिसमें बैंक खाते में जमा, निकासी और ब्याज से संबंधित सभी विवरण दर्ज होते हैं।","यह आपके पैसों की एक निजी डायरी की तरह काम करता है, जहां हर प्रविष्टि लिखी जाती है ताकि आप अपनी पूरी वित्तीय कहानी देख सकें।","प्रिया अपनी पासबुक देखती है और उसमें वेतन जमा, एटीएम से निकासी और तिमाही ब्याज जमा होने की प्रत्येक तिथि दर्ज पाती है।","कुछ लोगों का मानना ​​है कि पासबुक ही लेन-देन का एकमात्र वैध प्रमाण है, लेकिन बैंक स्टेटमेंट और रसीदें भी उतनी ही वैध रिकॉर्ड हैं।",एनसीएफई,शुरुआत,बँक पासबुक म्हणजे काय असते?,"बँक पासबुक हे एक लहान पुस्तक आहे, ज्यामध्ये बँक खात्यातील सर्व ठेवी, काढलेली रक्कम आणि व्याजाचा तपशील नोंदवलेला असतो.","हे तुमच्या पैशांच्या वैयक्तिक डायरीसारखे काम करते, ज्यात प्रत्येक नोंद लिहिली जाते जेणेकरून तुम्हाला तुमच्या पैशांची संपूर्ण कहाणी पाहता येईल.","प्रिया तिचे पासबुक तपासते आणि त्यात तिला प्रत्येक पगार जमा झाल्याची, एटीएममधून पैसे काढल्याची आणि तिमाही व्याज जमा झाल्याची नोंद तारखांसह दिसते.","काहींना वाटते की पासबुक हाच व्यवहारांचा एकमेव वैध पुरावा आहे, परंतु बँक स्टेटमेंट आणि पावत्या यादेखील तितक्याच वैध नोंदी आहेत.",एनसीएफई,नवशिक्या
What is the advantage of a bank account giving an identity?,A bank account gives us an identity that is recognised by other government agencies.,It is like having an official membership card that proves you belong and are recognised by the system.,Sunita uses her bank passbook as address and identity proof when applying for a government scheme.,"Some believe a bank account is only for saving money, but it also serves as official identity proof.",NCFE,beginner,बैंक खाता खोलने से पहचान मिलने का क्या लाभ है?,बैंक खाता हमें एक ऐसी पहचान प्रदान करता है जिसे अन्य सरकारी एजेंसियां ​​मान्यता देती हैं।,यह एक आधिकारिक सदस्यता कार्ड होने जैसा है जो यह साबित करता है कि आप इस सिस्टम का हिस्सा हैं और सिस्टम द्वारा मान्यता प्राप्त हैं।,सुनीता सरकारी योजना के लिए आवेदन करते समय अपने बैंक पासबुक को पते और पहचान प्रमाण के रूप में इस्तेमाल करती है।,"कुछ लोगों का मानना ​​है कि बैंक खाता केवल पैसे बचाने के लिए होता है, लेकिन यह आधिकारिक पहचान प्रमाण के रूप में भी काम करता है।",एनसीएफई,शुरुआत,ओळख देणाऱ्या बँक खात्याचा फायदा काय आहे?,"बँक खात्यामुळे आपल्याला एक ओळख मिळते, जी इतर सरकारी संस्थांकडूनही मान्य असते.","हे एका अधिकृत सदस्यत्व कार्डासारखे आहे, जे सिद्ध करते की तुम्ही या प्रणालीचे सदस्य आहात आणि तुम्हाला प्रणालीने मान्यता दिली आहे.",सुनीता सरकारी योजनेसाठी अर्ज करताना पत्त्याचा आणि ओळखीचा पुरावा म्हणून तिच्या बँक पासबुकचा वापर करते.,"काहींना वाटते की बँक खाते फक्त पैसे वाचवण्यासाठी असते, पण ते अधिकृत ओळखपत्र म्हणूनही काम करते.",एनसीएफई,नवशिक्या
How is a bank account transparent?,"A bank account is transparent because we can see all the details of deposits, withdrawals, and interest.","It is like a clear glass jar for your money, where you can always see exactly what went in and what came out.","Vikram can check his passbook and see every transaction, so no one can secretly take money from his account.","Some fear that banks hide charges, but a bank account shows all transactions clearly, keeping everything transparent.",NCFE,beginner,बैंक खाता पारदर्शी कैसे होता है?,"बैंक खाता पारदर्शी होता है क्योंकि हम जमा, निकासी और ब्याज से संबंधित सभी विवरण देख सकते हैं।","यह आपके पैसे के बदले एक पारदर्शी कांच के जार की तरह है, जिसमें आप हमेशा यह देख सकते हैं कि वास्तव में क्या डाला गया और क्या निकाला गया।","विक्रम अपनी पासबुक देखकर हर लेन-देन देख सकता है, इसलिए कोई भी उसके खाते से गुपचुप तरीके से पैसे नहीं निकाल सकता।","कुछ लोगों को डर रहता है कि बैंक शुल्क छिपाते हैं, लेकिन बैंक खाते में सभी लेनदेन स्पष्ट रूप से दिखाई देते हैं, जिससे सब कुछ पारदर्शी रहता है।",एनसीएफई,शुरुआत,बँक खाते पारदर्शक कसे असते?,"बँक खाते पारदर्शक असते कारण त्यात जमा केलेली रक्कम, काढलेली रक्कम आणि व्याज यांसारखे सर्व तपशील आपल्याला पाहता येतात.","हे तुमच्या पैशांसाठी असलेल्या एका पारदर्शक काचेच्या बरणीसारखे आहे, ज्यात नेमके काय आत गेले आणि काय बाहेर आले हे तुम्ही नेहमी पाहू शकता.","विक्रम त्याचे पासबुक तपासून प्रत्येक व्यवहार पाहू शकतो, त्यामुळे कोणीही त्याच्या खात्यातून गुपचूप पैसे काढू शकत नाही.","काहींना भीती वाटते की बँका शुल्क लपवतात, परंतु बँक खात्यामध्ये सर्व व्यवहार स्पष्टपणे दिसतात, ज्यामुळे सर्व काही पारदर्शक राहते.",एनसीएफई,नवशिक्या
Why are banks called non-discriminatory?,Banks are non-discriminatory because the same rules apply to all similar types of customers.,It is like a queue at a ticket counter where everyone with the same ticket is treated in the same way.,"Any customer depositing the same type of fixed deposit gets the same interest rate, regardless of who they are.","People sometimes think banks give special treatment to certain customers, but identical customers follow identical rules.",NCFE,beginner,बैंकों को गैर-भेदभावपूर्ण क्यों कहा जाता है?,बैंक भेदभाव नहीं करते क्योंकि सभी समान प्रकार के ग्राहकों पर एक ही नियम लागू होते हैं।,यह टिकट काउंटर पर लगी कतार की तरह है जहां एक ही टिकट वाले सभी लोगों के साथ एक जैसा व्यवहार किया जाता है।,"एक ही प्रकार की सावधि जमा करने वाले किसी भी ग्राहक को समान ब्याज दर मिलती है, चाहे वह कोई भी हो।","लोग कभी-कभी सोचते हैं कि बैंक कुछ खास ग्राहकों को विशेष सुविधा देते हैं, लेकिन सभी ग्राहकों के लिए एक जैसे नियम लागू होते हैं।",एनसीएफई,शुरुआत,बँकांना भेदभाव न करणाऱ्या का म्हटले जाते?,बँका भेदभाव करत नाहीत कारण सर्व समान प्रकारच्या ग्राहकांना सारखेच नियम लागू होतात.,"हे तिकीट खिडकीवरील रांगेसारखे आहे, जिथे एकच तिकीट असलेल्या प्रत्येकाला सारखीच वागणूक दिली जाते.","एकाच प्रकारची मुदत ठेव जमा करणाऱ्या कोणत्याही ग्राहकाला, तो कोणीही असो, सारखाच व्याजदर मिळतो.","लोकांना कधीकधी वाटते की बँका काही विशिष्ट ग्राहकांना विशेष वागणूक देतात, पण सर्व समान ग्राहकांना समान नियम लागू होतात.",एनसीएफई,नवशिक्या
Why is money in a bank account considered safe?,Money in a bank account is safe because banks keep it securely and it is protected rather than kept as cash at home.,It is like storing your valuables in a guarded locker instead of under your mattress.,"Meena keeps her savings in the bank instead of at home, so she does not worry about theft or loss.","Some think keeping cash at home is safer, but bank deposits are more secure and earn interest too.",NCFE,beginner,बैंक खाते में जमा धन को सुरक्षित क्यों माना जाता है?,बैंक खाते में जमा पैसा सुरक्षित होता है क्योंकि बैंक उसे सुरक्षित रूप से रखते हैं और घर पर नकदी के रूप में रखे जाने की तुलना में वह अधिक संरक्षित रहता है।,यह ठीक वैसा ही है जैसे आप अपनी कीमती चीजें गद्दे के नीचे रखने के बजाय किसी सुरक्षित लॉकर में रखते हों।,"मीना अपनी बचत घर में रखने के बजाय बैंक में रखती है, इसलिए उसे चोरी या नुकसान की चिंता नहीं होती।","कुछ लोगों का मानना ​​है कि घर में नकदी रखना ज्यादा सुरक्षित है, लेकिन बैंक में जमा राशि अधिक सुरक्षित होती है और उस पर ब्याज भी मिलता है।",एनसीएफई,शुरुआत,बँक खात्यातील पैसे सुरक्षित का मानले जातात?,"घरी रोख रक्कम म्हणून ठेवण्याऐवजी, बँक खात्यातील पैसे सुरक्षित असतात कारण बँका ते सुरक्षितपणे ठेवतात आणि संरक्षित केले जातात.",हे म्हणजे तुमच्या मौल्यवान वस्तू गादीखाली ठेवण्याऐवजी एखाद्या सुरक्षित लॉकरमध्ये ठेवण्यासारखे आहे.,"मीना तिची बचत घरी ठेवण्याऐवजी बँकेत ठेवते, त्यामुळे तिला चोरी किंवा नुकसानीची चिंता वाटत नाही.","काहींना वाटते की घरात रोख रक्कम ठेवणे अधिक सुरक्षित आहे, पण बँकेतील ठेवी अधिक सुरक्षित असतात आणि त्यावर व्याजही मिळते.",एनसीएफई,नवशिक्या
What types of accounts do banks open according to our needs?,"Banks open savings, recurring, and fixed deposit accounts according to our needs and pay interest on deposits.",It is like choosing the right container for water based on how long you want to store it.,"Ravi opens a recurring deposit to save a fixed amount monthly, while his father opens a fixed deposit for a lump sum.","Some believe only savings accounts earn interest, but recurring and fixed deposits also pay interest.",NCFE,beginner,बैंक हमारी जरूरतों के अनुसार किस प्रकार के खाते खोलते हैं?,"बैंक हमारी जरूरतों के अनुसार बचत, आवर्ती और सावधि जमा खाते खोलते हैं और जमा राशि पर ब्याज देते हैं।","यह ठीक वैसा ही है जैसे पानी को कितने समय तक स्टोर करना है, उसके आधार पर उसके लिए सही बर्तन चुनना।","रवि एक निश्चित राशि मासिक रूप से बचाने के लिए आवर्ती जमा खाता खोलता है, जबकि उसके पिता एकमुश्त राशि के लिए एक निश्चित जमा खाता खोलते हैं।","कुछ लोगों का मानना ​​है कि केवल बचत खातों पर ही ब्याज मिलता है, लेकिन आवर्ती जमा और निश्चित जमा पर भी ब्याज मिलता है।",एनसीएफई,शुरुआत,बँका आपल्या गरजेनुसार कोणत्या प्रकारचे खाते उघडतात?,"बँका आपल्या गरजेनुसार बचत, आवर्ती आणि मुदत ठेव खाती उघडतात आणि ठेवींवर व्याज देतात.",हे म्हणजे पाणी किती काळ साठवायचे आहे यानुसार त्यासाठी योग्य भांडे निवडण्यासारखेच आहे.,"रवी दरमहा ठराविक रक्कम वाचवण्यासाठी आवर्ती ठेव उघडतो, तर त्याचे वडील एकरकमी रकमेसाठी मुदत ठेव उघडतात.","काहींना वाटते की फक्त बचत खात्यांवरच व्याज मिळते, पण आवर्ती आणि मुदत ठेवींवरही व्याज मिळते.",एनसीएफई,नवशिक्या
Why does having a bank account make getting a loan easier?,A bank account makes sanctioning of loans easier because the bank can see your deposits and transaction history.,It is like a shopkeeper trusting a regular customer more than a stranger when offering credit.,"Because Kiran regularly deposits her salary into her account, the bank quickly approves her loan for a small business.","Some think a bank account guarantees a loan, but it only makes the process easier by showing your financial activity.",NCFE,beginner,बैंक खाता होने से ऋण प्राप्त करना आसान क्यों हो जाता है?,बैंक खाता होने से ऋण स्वीकृत करना आसान हो जाता है क्योंकि बैंक आपकी जमा राशि और लेनदेन का इतिहास देख सकता है।,यह ठीक वैसा ही है जैसे कोई दुकानदार उधार देते समय किसी अजनबी की तुलना में अपने नियमित ग्राहक पर अधिक भरोसा करता है।,"किरण नियमित रूप से अपना वेतन अपने खाते में जमा करती है, इसलिए बैंक उसके छोटे व्यवसाय के लिए ऋण को तुरंत मंजूरी दे देता है।","कुछ लोगों का मानना ​​है कि बैंक खाता ऋण की गारंटी देता है, लेकिन वास्तव में यह केवल आपकी वित्तीय गतिविधि को दर्शाकर प्रक्रिया को आसान बनाता है।",एनसीएफई,शुरुआत,बँक खाते असल्यामुळे कर्ज मिळवणे सोपे का होते?,"बँक खात्यामुळे कर्ज मंजूर होणे सोपे होते, कारण बँक तुमच्या ठेवी आणि व्यवहारांचा इतिहास पाहू शकते.",हे अगदी एखाद्या दुकानदाराने उधार देताना अनोळखी व्यक्तीपेक्षा आपल्या नियमित ग्राहकावर जास्त विश्वास ठेवण्यासारखे आहे.,"किरण नियमितपणे तिचा पगार तिच्या खात्यात जमा करत असल्यामुळे, बँक तिच्या छोट्या व्यवसायासाठीचे कर्ज त्वरित मंजूर करते.","काहींना वाटते की बँक खाते कर्जाची हमी देते, पण ते फक्त तुमची आर्थिक उलाढाल दाखवून प्रक्रिया सुलभ करते.",एनसीएफई,नवशिक्या
Why does a borrower pay interest when taking money from a bank?,"Because the bank is lending money that belongs to savers, and the borrower pays a charge for using that money for a period of time.",It's like renting a car: you pay a fee for using someone else's vehicle for a while and then return it.,"The bank lends your 1000 rupees to another person, who pays the bank 100 rupees as a charge at the end of one year.",Some believe banks keep your savings idle in a locker; actually banks lend your money to others so it can earn a return.,NCFE,beginner,बैंक से पैसा लेते समय उधारकर्ता को ब्याज क्यों देना पड़ता है?,"क्योंकि बैंक बचतकर्ताओं के पैसे उधार दे रहा है, और उधारकर्ता उस पैसे का एक निश्चित अवधि के लिए उपयोग करने के लिए शुल्क का भुगतान करता है।",यह कार किराए पर लेने जैसा है: आप किसी और के वाहन का कुछ समय के लिए उपयोग करने के लिए शुल्क का भुगतान करते हैं और फिर उसे वापस कर देते हैं।,"बैंक आपके 1000 रुपये किसी अन्य व्यक्ति को उधार देता है, जो एक वर्ष के अंत में बैंक को शुल्क के रूप में 100 रुपये का भुगतान करता है।",कुछ लोगों का मानना ​​है कि बैंक आपकी बचत को लॉकर में निष्क्रिय रखते हैं; वास्तव में बैंक आपका पैसा दूसरों को उधार देते हैं ताकि उस पर लाभ कमाया जा सके।,एनसीएफई,शुरुआत,बँकेकडून पैसे घेताना कर्जदार व्याज का देतो?,कारण बँक बचतकर्त्यांचे पैसे कर्ज म्हणून देत असते आणि कर्जदाराला ठराविक कालावधीसाठी ते पैसे वापरण्यासाठी शुल्क भरावे लागते.,हे गाडी भाड्याने घेण्यासारखेच आहे: तुम्ही काही काळासाठी दुसऱ्याची गाडी वापरण्यासाठी शुल्क भरता आणि नंतर ती परत करता.,"बँक तुमचे १००० रुपये दुसऱ्या व्यक्तीला कर्ज म्हणून देते, जी व्यक्ती एका वर्षाच्या शेवटी बँकेला शुल्क म्हणून १०० रुपये देते.","काहींना वाटते की बँका तुमची बचत लॉकरमध्ये निष्क्रिय ठेवतात; वास्तविक पाहता, बँका तुमचे पैसे इतरांना कर्ज म्हणून देतात जेणेकरून त्यांना परतावा मिळू शकेल.",एनसीएफई,नवशिक्या
What is a savings deposit account?,"It is an account for keeping your day-to-day spare money, from which you can withdraw cash whenever you need it.",It's like a wallet that also pays you a little money for keeping your cash there.,You keep your monthly surplus in a savings account and withdraw money when you need it for expenses.,People often think a savings account locks their money away; in reality you can withdraw from it whenever you need.,NCFE,beginner,बचत जमा खाता क्या होता है?,"यह आपके रोजमर्रा के अतिरिक्त पैसों को रखने का एक खाता है, जिससे आप जरूरत पड़ने पर नकदी निकाल सकते हैं।",यह एक ऐसे बटुए की तरह है जो आपके पैसे रखने पर आपको थोड़ा-बहुत पैसा भी देता है।,आप अपनी मासिक बचत को बचत खाते में रखते हैं और खर्चों के लिए जरूरत पड़ने पर पैसे निकालते हैं।,लोग अक्सर सोचते हैं कि बचत खाते में उनका पैसा एक जगह बंद रहता है; असल में आप जब चाहें उससे पैसे निकाल सकते हैं।,एनसीएफई,शुरुआत,बचत ठेव खाते म्हणजे काय?,"हे तुमचे रोजचे सुट्टे पैसे ठेवण्याचे खाते आहे, ज्यातून तुम्हाला जेव्हा गरज असेल तेव्हा तुम्ही पैसे काढू शकता.","हे एका अशा पाकिटासारखं आहे, जे तुमचे पैसे ठेवल्याबद्दल तुम्हाला थोडे पैसेसुद्धा देते.",तुम्ही तुमची मासिक शिल्लक रक्कम बचत खात्यात ठेवता आणि खर्चासाठी गरज लागेल तेव्हा पैसे काढता.,"लोकांना अनेकदा वाटते की बचत खात्यात त्यांचे पैसे अडकून पडतात; पण प्रत्यक्षात, तुम्हाला जेव्हा गरज असेल तेव्हा तुम्ही त्यातून पैसे काढू शकता.",एनसीएफई,नवशिक्या
What is a term deposit account?,"It is an account where you deposit money for a fixed period you choose, and in return it usually earns a higher interest rate than a savings account.",It's like putting money in a fixed-duration parking spot that charges more rent the longer you agree to stay.,You deposit money for a pre-decided fixed period to earn a higher rate of interest than a regular savings account.,"Some think you cannot touch a term deposit at all; you can withdraw early, but you will earn less interest.",NCFE,beginner,टर्म डिपॉजिट अकाउंट क्या होता है?,"यह एक ऐसा खाता है जिसमें आप अपनी पसंद की एक निश्चित अवधि के लिए पैसा जमा करते हैं, और बदले में आमतौर पर बचत खाते की तुलना में इस पर अधिक ब्याज दर मिलती है।","यह ठीक वैसा ही है जैसे किसी निश्चित अवधि के लिए पार्किंग स्थल में पैसा लगाना, जहां आप जितने लंबे समय तक रुकने के लिए सहमत होते हैं, उतना ही अधिक किराया वसूला जाता है।",आप पूर्व निर्धारित निश्चित अवधि के लिए पैसा जमा करते हैं और नियमित बचत खाते की तुलना में उच्च ब्याज दर अर्जित करते हैं।,"कुछ लोगों का मानना ​​है कि सावधि जमा को बिल्कुल भी नहीं छुआ जा सकता; आप समय से पहले पैसे निकाल सकते हैं, लेकिन आपको कम ब्याज मिलेगा।",एनसीएफई,शुरुआत,मुदत ठेव खाते म्हणजे काय?,"हे एक असे खाते आहे, ज्यात तुम्ही तुमच्या आवडीच्या ठराविक कालावधीसाठी पैसे जमा करता आणि त्या बदल्यात त्यावर सहसा बचत खात्यापेक्षा जास्त व्याजदर मिळतो.","हे अगदी एका ठराविक कालावधीच्या पार्किंगच्या जागेत पैसे ठेवण्यासारखं आहे, जिथे तुम्ही जितका जास्त वेळ थांबायला तयार व्हाल, तितकं जास्त भाडं आकारलं जातं.",सामान्य बचत खात्यापेक्षा जास्त व्याजदर मिळवण्यासाठी तुम्ही पूर्वनिश्चित ठराविक कालावधीसाठी पैसे जमा करता.,"काहींना वाटते की मुदत ठेवीला अजिबात हात लावता येत नाही; तुम्ही मुदतीपूर्वी पैसे काढू शकता, पण तुम्हाला कमी व्याज मिळेल.",एनसीएफई,नवशिक्या
Why might a money lender's interest cost more than a bank's even when the stated rates look similar?,"Because money lenders usually quote interest per month while banks quote it per year, so the per-month rate becomes much larger when multiplied over a year.",It's like a shop quoting a price per week versus per year — the weekly figure sounds small but adds up much higher over twelve months.,"A money lender's 3% means 36% per year (3×12), while a bank's 12% means 12% per year, so the money lender is far more expensive.",Many assume a '3%' money lender rate is cheaper than a '12%' bank rate; actually the money lender charges three times more per year.,NCFE,beginner,जब ब्याज दरें समान दिखती हैं तब भी किसी साहूकार का ब्याज बैंक के ब्याज से अधिक क्यों हो सकता है?,"क्योंकि साहूकार आमतौर पर प्रति माह ब्याज दर बताते हैं जबकि बैंक प्रति वर्ष ब्याज दर बताते हैं, इसलिए एक वर्ष के लिए प्रति माह की दर काफी अधिक हो जाती है।",यह ठीक वैसे ही है जैसे कोई दुकान प्रति सप्ताह बनाम प्रति वर्ष की कीमत बताती है - साप्ताहिक आंकड़ा कम लगता है लेकिन बारह महीनों में यह बहुत अधिक हो जाता है।,"साहूकार का 3% का मतलब प्रति वर्ष 36% (3×12) होता है, जबकि बैंक का 12% का मतलब प्रति वर्ष 12% होता है, इसलिए साहूकार कहीं अधिक महंगा होता है।",बहुत से लोग मानते हैं कि साहूकार की '3%' ब्याज दर बैंक की '12%' ब्याज दर से सस्ती होती है; वास्तव में साहूकार प्रति वर्ष तीन गुना अधिक ब्याज दर वसूलता है।,एनसीएफई,शुरुआत,"जरी जाहीर केलेले दर सारखे दिसत असले तरी, सावकाराचे व्याजदर बँकेपेक्षा जास्त का असू शकतात?","कारण सावकार सहसा मासिक व्याज आकारतात तर बँका वार्षिक व्याज आकारतात, त्यामुळे वार्षिक गुणाकार केल्यावर मासिक दर खूप जास्त होतो.",हे एखाद्या दुकानाने आठवड्याला किंमत सांगण्याऐवजी वर्षाला किंमत सांगण्यासारखे आहे — आठवड्याची रक्कम कमी वाटत असली तरी बारा महिन्यांत ती खूप जास्त होते.,"सावकाराचे ३% म्हणजे वार्षिक ३६% (३×१२), तर बँकेचे १२% म्हणजे वार्षिक १२%, त्यामुळे सावकार खूपच महाग असतो.",अनेकांना असे वाटते की सावकाराचा '३%' दर बँकेच्या '१२%' दरापेक्षा स्वस्त असतो; प्रत्यक्षात मात्र सावकार वर्षाला तिप्पट जास्त शुल्क आकारतो.,एनसीएफई,नवशिक्या
What documents are needed to open a savings bank account?,You fill in an account opening form with a recent photograph and submit proof of identity and residence to meet the Know Your Customer (KYC) norms.,It's like signing up for a membership where the club first checks who you are and where you live.,"You complete the account opening form, attach a latest photograph, and give identity and address proof for KYC.",Some believe opening an account is complicated with no rules; in fact banks must verify identity and residence under KYC norms.,NCFE,beginner,बचत बैंक खाता खोलने के लिए किन दस्तावेजों की आवश्यकता होती है?,"आप खाता खोलने का फॉर्म भरते हैं, उसमें हाल की एक तस्वीर लगाते हैं और ग्राहक को जानें (केवाईसी) मानदंडों को पूरा करने के लिए पहचान और निवास का प्रमाण प्रस्तुत करते हैं।",यह एक ऐसी सदस्यता के लिए साइन अप करने जैसा है जहां क्लब पहले यह जांचता है कि आप कौन हैं और आप कहां रहते हैं।,"आप खाता खोलने का फॉर्म भरें, अपनी नवीनतम तस्वीर संलग्न करें और केवाईसी के लिए पहचान और पते का प्रमाण दें।","कुछ लोगों का मानना ​​है कि खाता खोलना जटिल है और इसके कोई नियम नहीं हैं; वास्तव में, बैंकों को केवाईसी मानदंडों के तहत पहचान और निवास स्थान को सत्यापित करना आवश्यक है।",एनसीएफई,शुरुआत,बचत बँक खाते उघडण्यासाठी कोणत्या कागदपत्रांची आवश्यकता असते?,"'नो युवर कस्टमर' (KYC) नियमांचे पालन करण्यासाठी, तुम्ही अलीकडील छायाचित्रासह खाते उघडण्याचा अर्ज भरता आणि ओळख व रहिवासाचा पुरावा सादर करता.","हे एखाद्या सदस्यत्वासाठी नोंदणी करण्यासारखेच आहे, जिथे क्लब आधी तुम्ही कोण आहात आणि कुठे राहता हे तपासतो.","तुम्ही खाते उघडण्याचा अर्ज भरा, तुमचा अलीकडील फोटो जोडा आणि केवायसीसाठी ओळख व पत्त्याचा पुरावा द्या.","काहींना वाटते की खाते उघडणे हे नियमांशिवाय एक किचकट काम आहे; वास्तविक पाहता, केवायसी नियमांनुसार बँकांना ओळख आणि निवासस्थानाची पडताळणी करणे आवश्यक असते.",एनसीएफई,नवशिक्या
Can you open a bank account if you have no money to deposit?,Yes. Banks have been advised by the Reserve Bank to open savings accounts with a nil (zero) balance requirement.,"It's like joining a library without paying a joining fee, so you can start using it straight away.",A person with no cash in hand can still open a savings account because the Reserve Bank advised banks to allow NIL balance accounts.,Many think you always need money to start a bank account; now accounts can be opened with no initial deposit.,NCFE,beginner,क्या आप बिना पैसे जमा किए बैंक खाता खोल सकते हैं?,जी हां। रिजर्व बैंक ने बैंकों को शून्य शेष राशि की आवश्यकता वाले बचत खाते खोलने की सलाह दी है।,"यह बिना सदस्यता शुल्क दिए पुस्तकालय की सदस्यता लेने जैसा है, इसलिए आप इसका उपयोग तुरंत शुरू कर सकते हैं।","जिन लोगों के पास नकद राशि नहीं है, वे भी बचत खाता खोल सकते हैं क्योंकि रिजर्व बैंक ने बैंकों को शून्य शेष वाले खाते खोलने की अनुमति देने की सलाह दी है।",बहुत से लोग सोचते हैं कि बैंक खाता खोलने के लिए हमेशा पैसे की जरूरत होती है; लेकिन अब बिना किसी प्रारंभिक जमा राशि के भी खाते खोले जा सकते हैं।,एनसीएफई,शुरुआत,तुमच्याकडे जमा करण्यासाठी पैसे नसतील तर तुम्ही बँकेत खाते उघडू शकता का?,होय. रिझर्व्ह बँकेने बँकांना शून्य (शून्य) शिल्लक रकमेची अट असलेली बचत खाती उघडण्याचा सल्ला दिला आहे.,"हे एखाद्या ग्रंथालयाचे सदस्यत्व शुल्क न भरता घेण्यासारखेच आहे, त्यामुळे तुम्ही त्याचा वापर लगेचच सुरू करू शकता.","ज्या व्यक्तीकडे रोख रक्कम नाही, ती व्यक्तीदेखील बचत खाते उघडू शकते, कारण रिझर्व्ह बँकेने बँकांना शून्य शिल्लक खाती ठेवण्यास परवानगी देण्याचा सल्ला दिला आहे.",अनेकांना वाटते की बँक खाते उघडण्यासाठी नेहमी पैशांची गरज असते; आता कोणतीही सुरुवातीची ठेव न ठेवता खाती उघडता येतात.,एनसीएफई,नवशिक्या
How does having a bank account help with sending and receiving money?,"It lets you transfer money safely, quickly, and efficiently to and from other people, even if they live in another city or a distant place.",It's like having a reliable courier for your money that delivers it without the risk of carrying cash yourself.,"You can transfer money to your child studying in another city, and receive money from relatives working far away.",Some assume money can only be moved by physically handing over cash; a bank account allows safe long-distance transfers.,NCFE,beginner,बैंक खाता होने से पैसे भेजने और प्राप्त करने में क्या मदद मिलती है?,"यह आपको सुरक्षित, त्वरित और कुशल तरीके से अन्य लोगों को पैसे भेजने और उनसे पैसे प्राप्त करने की सुविधा देता है, भले ही वे किसी दूसरे शहर या दूरदराज के स्थान पर रहते हों।",यह ऐसा है जैसे आपके पैसे के लिए एक भरोसेमंद कूरियर हो जो बिना खुद नकदी ले जाने के जोखिम के उसे पहुंचा देता है।,"आप दूसरे शहर में पढ़ रहे अपने बच्चे को पैसे भेज सकते हैं, और दूर काम कर रहे रिश्तेदारों से पैसे प्राप्त कर सकते हैं।",कुछ लोगों का मानना ​​है कि पैसा केवल नकद देकर ही स्थानांतरित किया जा सकता है; जबकि बैंक खाता सुरक्षित लंबी दूरी के हस्तांतरण की सुविधा देता है।,एनसीएफई,शुरुआत,बँक खाते असल्यामुळे पैसे पाठवण्या-घेण्यात कशी मदत होते?,"यामुळे तुम्ही दुसऱ्या शहरात किंवा दूरच्या ठिकाणी राहणाऱ्या लोकांनाही सुरक्षितपणे, जलद आणि कार्यक्षमतेने पैसे पाठवू शकता.","हे अगदी तुमच्या पैशांसाठी एका विश्वासार्ह कुरिअरसारखे आहे, जो तुम्हाला स्वतः रोख रक्कम बाळगण्याच्या जोखमीशिवाय पैसे पोहोचवतो.",तुम्ही दुसऱ्या शहरात शिकणाऱ्या तुमच्या मुलाला पैसे पाठवू शकता आणि दूर काम करणाऱ्या नातेवाईकांकडून पैसे स्वीकारू शकता.,काहींना असे वाटते की पैसे फक्त प्रत्यक्ष रोख रक्कम देऊनच हस्तांतरित केले जाऊ शकतात; बँक खात्यामुळे सुरक्षितपणे दूर अंतरावर पैसे हस्तांतरित करता येतात.,एनसीएफई,नवशिक्या
What is an overdraft in a savings account?,"It is a loan facility that lets you withdraw more money than you have in your savings account, useful for emergency needs.",It's like being allowed to borrow a little extra from a friend on a rainy day and repay it later.,"When an emergency arises, your savings account's overdraft lets you draw funds beyond your balance.",People often think an overdraft is free money; it is a loan tied to your account that must be repaid.,NCFE,beginner,बचत खाते में ओवरड्राफ्ट क्या होता है?,"यह एक ऋण सुविधा है जो आपको अपने बचत खाते में मौजूद राशि से अधिक पैसे निकालने की अनुमति देती है, जो आपातकालीन जरूरतों के लिए उपयोगी है।",यह ठीक वैसा ही है जैसे बुरे समय में किसी दोस्त से थोड़ा अतिरिक्त पैसा उधार लेना और बाद में उसे चुका देना।,"जब कोई आपात स्थिति उत्पन्न होती है, तो आपके बचत खाते का ओवरड्राफ्ट आपको अपनी शेष राशि से अधिक धनराशि निकालने की सुविधा देता है।",लोग अक्सर सोचते हैं कि ओवरड्राफ्ट मुफ्त का पैसा है; यह आपके खाते से जुड़ा एक ऋण है जिसे चुकाना ही पड़ता है।,एनसीएफई,शुरुआत,बचत खात्यातील ओव्हरड्राफ्ट म्हणजे काय?,"ही एक कर्ज सुविधा आहे, जी तुम्हाला तुमच्या बचत खात्यात असलेल्या रकमेपेक्षा जास्त पैसे काढू देते आणि ती आपत्कालीन गरजांसाठी उपयुक्त आहे.",हे अगदी एखाद्या अडचणीच्या वेळी मित्राकडून थोडे जास्तीचे पैसे उसने घेऊन ते नंतर परत करण्यासारखं आहे.,"जेव्हा आपत्कालीन परिस्थिती उद्भवते, तेव्हा तुमच्या बचत खात्यातील ओव्हरड्राफ्ट तुम्हाला शिल्लकीपेक्षा जास्त रक्कम काढू देतो.","लोकांना अनेकदा वाटते की ओव्हरड्राफ्ट म्हणजे फुकटचे पैसे आहेत; पण ते तुमच्या खात्याशी जोडलेले एक कर्ज असते, जे परत फेडावेच लागते.",एनसीएफई,नवशिक्या
What is interest in banking?,"Interest is the extra money your savings earn, or the extra money you pay when you borrow.","It is like rent: when you lend your bicycle to someone you get a small thank-you fee, and when you borrow one you pay the owner.",You deposit 1000 rupees in a bank; after one year the bank gives you 40 rupees extra. That 40 rupees is interest.,"Many think interest only applies to loans, but savings also earn interest.",NCFE,beginner,बैंकिंग में ब्याज क्या होता है?,"ब्याज वह अतिरिक्त राशि है जो आपकी बचत पर अर्जित होती है, या वह अतिरिक्त राशि है जो आप उधार लेने पर चुकाते हैं।","यह किराए की तरह है: जब आप किसी को अपनी साइकिल उधार देते हैं तो आपको धन्यवाद के रूप में एक छोटा सा शुल्क मिलता है, और जब आप किसी से साइकिल उधार लेते हैं तो आप मालिक को भुगतान करते हैं।",आप बैंक में 1000 रुपये जमा करते हैं; एक साल बाद बैंक आपको 40 रुपये अतिरिक्त देता है। ये 40 रुपये ब्याज हैं।,"कई लोगों को लगता है कि ब्याज केवल ऋण पर लागू होता है, लेकिन बचत पर भी ब्याज मिलता है।",एनसीएफई,शुरुआत,बँकिंगमधील व्याज म्हणजे काय?,"व्याज म्हणजे तुमच्या बचतीवर मिळणारे अतिरिक्त पैसे, किंवा कर्ज घेतल्यावर तुम्हाला द्यावे लागणारे अतिरिक्त पैसे.","हे भाड्यासारखंच आहे: जेव्हा तुम्ही तुमची सायकल कोणाला वापरायला देता, तेव्हा तुम्हाला एक लहानसं आभार-शुल्क मिळतं आणि जेव्हा तुम्ही एखादी सायकल घेता, तेव्हा तुम्ही मालकाला पैसे देता.",तुम्ही बँकेत १००० रुपये जमा करता; एका वर्षानंतर बँक तुम्हाला ४० रुपये जास्त देते. ते ४० रुपये म्हणजे व्याज.,"बऱ्याच जणांना वाटते की व्याज फक्त कर्जावरच लागते, पण बचतीवरही व्याज मिळते.",एनसीएफई,नवशिक्या
How does a bank use the money we deposit?,"The bank lends our money to other people who need to borrow, and they pay interest.",It is like a library lending books to many readers while the books sit in one place.,"You deposit 1000 rupees; the bank lends it to another person who pays 100 rupees interest after a year, and the bank gives you a share of 40 rupees.","People think banks keep our money idle in a locker, but banks put it to work by lending.",NCFE,beginner,बैंक हमारे द्वारा जमा किए गए पैसे का उपयोग कैसे करता है?,"बैंक हमारा पैसा उन लोगों को उधार देता है जिन्हें उधार लेने की जरूरत होती है, और वे ब्याज चुकाते हैं।",यह एक पुस्तकालय की तरह है जो कई पाठकों को किताबें उधार देता है जबकि किताबें एक ही स्थान पर रखी रहती हैं।,"आप 1000 रुपये जमा करते हैं; बैंक इसे किसी अन्य व्यक्ति को उधार देता है जो एक वर्ष के बाद 100 रुपये ब्याज चुकाता है, और बैंक आपको 40 रुपये का हिस्सा देता है।","लोग सोचते हैं कि बैंक हमारे पैसे को लॉकर में निष्क्रिय रखते हैं, लेकिन वास्तव में बैंक इसे उधार देकर काम में लगाते हैं।",एनसीएफई,शुरुआत,आपण जमा केलेल्या पैशांचा वापर बँक कसा करते?,बँक आपले पैसे गरजू लोकांना कर्ज म्हणून देते आणि ते व्याज देतात.,"हे एका ग्रंथालयासारखे आहे, जे अनेक वाचकांना पुस्तके देते, पण ती पुस्तके एकाच ठिकाणी पडून राहतात.","तुम्ही १००० रुपये जमा करता; बँक ते पैसे दुसऱ्या व्यक्तीला कर्ज म्हणून देते, जो एका वर्षानंतर १०० रुपये व्याज देतो आणि बँक तुम्हाला ४० रुपयांचा वाटा देते.","लोकांना वाटते की बँका आपले पैसे लॉकरमध्ये पडून ठेवतात, पण बँका कर्ज देऊन त्या पैशांचा उपयोग कामाला लावतात.",एनसीएफई,नवशिक्या
Why do money lenders seem to charge lower interest than banks but actually cost more?,"Money lenders quote interest per month while banks quote it per year, so the yearly rate is much higher.","It is like a shop selling sweets at 3 rupees per piece, which sounds cheap, but buying 12 pieces makes it 36 rupees.","A money lender charging 3% per month really charges 3 x 12 = 36% per year, while a bank charging 12% per year is far cheaper.","Many people think a money lender's 3% is cheaper than a bank's 12%, not realising one is monthly and the other yearly.",NCFE,beginner,"ऐसा क्यों लगता है कि साहूकार बैंकों की तुलना में कम ब्याज दर वसूलते हैं, जबकि वास्तव में उनसे अधिक ब्याज मिलता है?","साहूकार मासिक ब्याज दर बताते हैं जबकि बैंक वार्षिक ब्याज दर बताते हैं, इसलिए वार्षिक ब्याज दर काफी अधिक होती है।","यह एक ऐसी दुकान की तरह है जो 3 रुपये प्रति मिठाई बेचती है, जो सुनने में तो सस्ती लगती है, लेकिन 12 मिठाई खरीदने पर 36 रुपये खर्च हो जाते हैं।","एक साहूकार जो प्रति माह 3% ब्याज लेता है, वास्तव में प्रति वर्ष 3 x 12 = 36% ब्याज लेता है, जबकि एक बैंक जो प्रति वर्ष 12% ब्याज लेता है, वह कहीं अधिक सस्ता है।","बहुत से लोग सोचते हैं कि साहूकार का 3% ब्याज बैंक के 12% से सस्ता है, उन्हें यह एहसास नहीं होता कि एक मासिक है और दूसरा वार्षिक।",एनसीएफई,शुरुआत,"सावकार बँकांपेक्षा कमी व्याज आकारत असल्याचे भासते, पण प्रत्यक्षात ते जास्त का असते?","सावकार मासिक व्याज आकारतात तर बँका वार्षिक व्याज आकारतात, त्यामुळे वार्षिक दर खूप जास्त असतो.","हे असं आहे जसं की एखादं दुकान जिथे मिठाई तीन रुपयांना एक या दराने मिळते, जे ऐकायला स्वस्त वाटतं, पण १२ मिठाई घेतल्यावर ३६ रुपये होतात.","दरमहा ३% व्याज आकारणारा सावकार प्रत्यक्षात वार्षिक ३ x १२ = ३६% व्याज आकारतो, तर वार्षिक १२% व्याज आकारणारी बँक खूपच स्वस्त असते.","बऱ्याच लोकांना वाटते की सावकाराचे ३% व्याज बँकेच्या १२% व्याजापेक्षा स्वस्त आहे, पण त्यांच्या लक्षात येत नाही की एक मासिक आहे आणि दुसरे वार्षिक.",एनसीएफई,नवशिक्या
Do you need money to open a savings bank account?,"No, the Reserve Bank has advised banks to allow savings accounts to be opened with zero balance.","It is like joining a club with no entry fee, only needing to sign up.",A person with no money in hand can still open a savings account under the NIL balance rule.,"Many believe a minimum deposit is always required, but accounts can be opened with no money.",NCFE,beginner,क्या आपको बचत खाता खोलने के लिए पैसों की जरूरत है?,"नहीं, रिजर्व बैंक ने बैंकों को शून्य शेष राशि वाले बचत खाते खोलने की अनुमति देने की सलाह दी है।","यह एक ऐसे क्लब में शामिल होने जैसा है जिसमें कोई प्रवेश शुल्क नहीं है, केवल पंजीकरण कराना आवश्यक है।","जिस व्यक्ति के पास कोई धनराशि नहीं है, वह भी शून्य शेष नियम के तहत बचत खाता खोल सकता है।","कई लोगों का मानना ​​है कि न्यूनतम जमा राशि हमेशा आवश्यक होती है, लेकिन खाते बिना किसी धन के भी खोले जा सकते हैं।",एनसीएफई,शुरुआत,तुम्हाला बचत बँक खाते उघडण्यासाठी पैशांची गरज आहे का?,"नाही, रिझर्व्ह बँकेने बँकांना शून्य शिल्लक ठेवून बचत खाती उघडण्याची परवानगी देण्याचा सल्ला दिला आहे.","हे एखाद्या क्लबमध्ये प्रवेश घेण्यासारखे आहे, जिथे प्रवेश शुल्क नसते आणि फक्त नावनोंदणी करावी लागते.",हातात पैसे नसलेली व्यक्तीसुद्धा 'शून्य शिल्लक' नियमांतर्गत बचत खाते उघडू शकते.,"अनेकांना असे वाटते की किमान ठेव नेहमीच आवश्यक असते, परंतु खाती शून्य पैशांनीही उघडता येतात.",एनसीएफई,नवशिक्या
What is the main benefit of a bank account for transferring money?,"It lets us send and receive money safely, quickly and efficiently, even over long distances.",It is like a super-fast postal service that moves money instead of letters.,A parent can transfer money to a child studying in another city through their bank accounts.,"Some think transfer only works nearby, but it works across distant places too.",NCFE,beginner,धन हस्तांतरण के लिए बैंक खाते का मुख्य लाभ क्या है?,"यह हमें लंबी दूरी पर भी सुरक्षित, त्वरित और कुशल तरीके से पैसे भेजने और प्राप्त करने की सुविधा देता है।",यह एक सुपर-फास्ट डाक सेवा की तरह है जो पत्रों के बजाय पैसे का लेन-देन करती है।,एक अभिभावक अपने बैंक खाते के माध्यम से दूसरे शहर में पढ़ रहे बच्चे को पैसे भेज सकता है।,"कुछ लोगों का मानना ​​है कि ट्रांसफर केवल आस-पास के स्थानों पर ही काम करता है, लेकिन यह दूर-दराज के स्थानों पर भी काम करता है।",एनसीएफई,शुरुआत,पैसे हस्तांतरित करण्यासाठी बँक खात्याचा मुख्य फायदा काय आहे?,"यामुळे आपण दूर अंतरावरही सुरक्षितपणे, जलद आणि कार्यक्षमतेने पैसे पाठवू आणि स्वीकारू शकतो.","ही एका अतिवेगवान टपाल सेवेसारखी आहे, जी पत्रांऐवजी पैशांची वाहतूक करते.",पालक आपल्या बँक खात्याद्वारे दुसऱ्या शहरात शिकणाऱ्या मुलाला पैसे पाठवू शकतात.,"काहींना वाटते की हस्तांतरण फक्त जवळच्या परिसरातच होते, पण ते दूरच्या ठिकाणीही चालते.",एनसीएफई,नवशिक्या
What is a Basic Savings Bank Deposit Account (BSBDA)?,It is a savings bank account that you can open without keeping any minimum balance. It is also called a zero balance account.,It is like a free locker at a gym that you can use even if you never keep anything valuable in it — there is no minimum you must store.,Rita opens a BSBDA and keeps only ₹10 in it. The bank never asks her to add more money or charges her a penalty.,Many people think every savings account needs a minimum balance. A BSBDA does not require any minimum balance.,NCFE,beginner,बेसिक सेविंग्स बैंक डिपॉजिट अकाउंट (बीएसबीडीए) क्या है?,यह एक बचत खाता है जिसे आप बिना किसी न्यूनतम राशि की आवश्यकता के खोल सकते हैं। इसे शून्य शेष खाता भी कहा जाता है।,"यह जिम में मिलने वाले मुफ्त लॉकर की तरह है, जिसका इस्तेमाल आप तब भी कर सकते हैं जब आप उसमें कोई कीमती सामान न रखें - इसमें सामान रखने की कोई न्यूनतम सीमा नहीं है।",रीता एक बीएसबीडीए खाता खोलती है और उसमें केवल 10 रुपये रखती है। बैंक उसे कभी भी अतिरिक्त पैसे जमा करने के लिए नहीं कहता और न ही उस पर कोई जुर्माना लगाता है।,कई लोगों को लगता है कि हर बचत खाते में न्यूनतम राशि होनी चाहिए। लेकिन बीएसबीडीए में ऐसी कोई न्यूनतम राशि अनिवार्य नहीं है।,एनसीएफई,शुरुआत,बेसिक सेव्हिंग्ज बँक डिपॉझिट अकाउंट (BSBDA) म्हणजे काय?,हे एक बचत बँक खाते आहे जे तुम्ही कोणतीही किमान शिल्लक न ठेवता उघडू शकता. याला झिरो बॅलन्स खाते असेही म्हणतात.,"हे जिममधील एका मोफत लॉकरसारखे आहे, ज्यात तुम्ही कधीही कोणतीही मौल्यवान वस्तू ठेवली नाही तरीही त्याचा वापर करू शकता — त्यात वस्तू ठेवण्याची कोणतीही किमान मर्यादा नाही.",रीटा बीएसबीडीए खाते उघडते आणि त्यात फक्त १० रुपये ठेवते. बँक तिला कधीही अधिक पैसे टाकायला सांगत नाही किंवा दंड आकारत नाही.,बऱ्याच लोकांना वाटते की प्रत्येक बचत खात्यात किमान शिल्लक असणे आवश्यक आहे. BSBDA मध्ये कोणत्याही किमान शिल्लकेची आवश्यकता नसते.,एनसीएफई,नवशिक्या
What are the main features of a Basic Savings Bank Deposit Account?,"It needs no minimum balance, banks do not charge for any number of deposits, and you get 4 free withdrawals a month plus a free passbook and ATM card.","It is like a mobile phone plan with no monthly rental, unlimited free incoming calls, and a few free outgoing calls each month.",Suresh deposits money five times in a month and withdraws money four times. The bank charges him nothing for these transactions.,"People assume all withdrawals are free. After 4 withdrawals in a month, extra withdrawals may be charged.",NCFE,beginner,बेसिक सेविंग्स बैंक डिपॉजिट अकाउंट की मुख्य विशेषताएं क्या हैं?,"इसमें न्यूनतम बैलेंस की कोई आवश्यकता नहीं है, बैंक कितनी भी बार जमा करने पर कोई शुल्क नहीं लेते हैं, और आपको महीने में 4 मुफ्त निकासी के साथ-साथ एक मुफ्त पासबुक और एटीएम कार्ड भी मिलता है।","यह एक मोबाइल फोन प्लान की तरह है जिसमें कोई मासिक किराया नहीं है, असीमित मुफ्त इनकमिंग कॉल और हर महीने कुछ मुफ्त आउटगोइंग कॉल मिलती हैं।",सुरेश महीने में पांच बार पैसे जमा करता है और चार बार निकालता है। बैंक इन लेन-देनों के लिए उससे कोई शुल्क नहीं लेता है।,"लोग अक्सर यह मान लेते हैं कि सभी निकासी मुफ्त होती हैं। लेकिन महीने में चार बार निकासी के बाद, अतिरिक्त निकासी पर शुल्क लग सकता है।",एनसीएफई,शुरुआत,मूलभूत बचत बँक ठेव खात्याची मुख्य वैशिष्ट्ये कोणती आहेत?,"यासाठी किमान शिल्लक ठेवण्याची आवश्यकता नाही, बँका कितीही ठेवींवर शुल्क आकारत नाहीत आणि तुम्हाला दरमहा ४ मोफत पैसे काढण्याची सुविधा, तसेच एक मोफत पासबुक आणि एटीएम कार्ड मिळते.","हे एका अशा मोबाईल फोन प्लॅनसारखे आहे, ज्यामध्ये कोणतेही मासिक भाडे नसते, अमर्यादित मोफत इनकमिंग कॉल्स आणि दर महिन्याला काही मोफत आउटगोइंग कॉल्स मिळतात.",सुरेश महिन्यातून पाच वेळा पैसे जमा करतो आणि चार वेळा काढतो. बँक या व्यवहारांसाठी त्याच्याकडून कोणतेही शुल्क आकारत नाही.,"सर्व पैसे काढणे विनामूल्य आहे असे लोकांना वाटते. एका महिन्यात ४ वेळा पैसे काढल्यानंतर, अतिरिक्त पैसे काढण्यासाठी शुल्क आकारले जाऊ शकते.",एनसीएफई,नवशिक्या
What can you use a Basic Savings Bank Deposit Account for?,"You can use it for everyday needs such as depositing money, withdrawing money, sendng remittances, and receiving direct credit of social benefits.","It works like a simple everyday wallet — you put money in, take money out, and receive money sent to you.","Meena's government pension is credited directly into her BSBDA, and she withdraws cash from it whenever she needs.",Some think a zero balance account is only for deposits. It can also be used for withdrawals and remittances.,NCFE,beginner,बेसिक सेविंग्स बैंक डिपॉजिट अकाउंट का उपयोग आप किन-किन कामों के लिए कर सकते हैं?,"आप इसका उपयोग रोजमर्रा की जरूरतों जैसे कि पैसे जमा करना, पैसे निकालना, धन भेजना और सामाजिक लाभों का सीधा क्रेडिट प्राप्त करना आदि के लिए कर सकते हैं।","यह एक साधारण रोजमर्रा के बटुए की तरह काम करता है - आप इसमें पैसे डालते हैं, पैसे निकालते हैं और आपको भेजे गए पैसे प्राप्त होते हैं।","मीना की सरकारी पेंशन सीधे उसके बीएसबीडीए खाते में जमा होती है, और वह जब भी जरूरत होती है, उसमें से नकद निकाल लेती है।",कुछ लोगों का मानना ​​है कि जीरो बैलेंस खाता केवल जमा के लिए होता है। इसका उपयोग निकासी और धन हस्तांतरण के लिए भी किया जा सकता है।,एनसीएफई,शुरुआत,तुम्ही बेसिक सेव्हिंग्ज बँक डिपॉझिट अकाउंटचा वापर कशासाठी करू शकता?,"तुम्ही याचा वापर पैसे जमा करणे, पैसे काढणे, पैसे पाठवणे आणि सामाजिक लाभांची थेट रक्कम जमा करून घेणे यांसारख्या दैनंदिन गरजांसाठी करू शकता.","हे एका साध्या रोजच्या वापरातील पाकिटासारखे काम करते — तुम्ही त्यात पैसे ठेवता, काढता आणि तुम्हाला पाठवलेले पैसे स्वीकारता.",मीनाची सरकारी पेन्शन थेट तिच्या बीएसबीडीए खात्यात जमा होते आणि तिला जेव्हा गरज असते तेव्हा ती त्यातून रोख रक्कम काढते.,काहींना वाटते की झिरो बॅलन्स खाते फक्त पैसे जमा करण्यासाठीच असते. त्याचा वापर पैसे काढण्यासाठी आणि पाठवण्यासाठीही केला जाऊ शकतो.,एनसीएफई,नवशिक्या
What is Know Your Customer (KYC)?,"KYC is a rule that requires banks to know your details before opening an account. You must give a photo, proof of identity, and proof of residence with the account opening form.","It is like a club checking your ID and address before giving you a membership card, so it knows who its members are.","Anil submits his photograph, Aadhar card and a utility bill to the bank along with the account opening form.",Some believe KYC is only for rich or business customers. Every person opening an account must complete KYC.,NCFE,beginner,नो योर कस्टमर (केवाईसी) क्या है?,"केवाईसी एक ऐसा नियम है जिसके तहत बैंकों को खाता खोलने से पहले आपकी जानकारी जानना अनिवार्य होता है। खाता खोलने के फॉर्म के साथ आपको एक फोटो, पहचान पत्र और निवास प्रमाण पत्र देना होगा।","यह ठीक वैसे ही है जैसे कोई क्लब आपको सदस्यता कार्ड देने से पहले आपकी आईडी और पता चेक करता है, ताकि उसे पता चल सके कि उसके सदस्य कौन हैं।","अनिल खाता खोलने के फॉर्म के साथ अपनी तस्वीर, आधार कार्ड और एक उपयोगिता बिल बैंक में जमा करता है।",कुछ लोगों का मानना ​​है कि केवाईसी केवल अमीर या व्यावसायिक ग्राहकों के लिए है। लेकिन खाता खोलने वाले प्रत्येक व्यक्ति को केवाईसी प्रक्रिया पूरी करनी होगी।,एनसीएफई,शुरुआत,नो युवर कस्टमर (KYC) म्हणजे काय?,"केवायसी (KYC) हा एक नियम आहे, ज्यानुसार खाते उघडण्यापूर्वी बँकांना तुमचा तपशील जाणून घेणे आवश्यक असते. खाते उघडण्याच्या अर्जासोबत तुम्हाला तुमचा फोटो, ओळखीचा पुरावा आणि रहिवासाचा पुरावा देणे बंधनकारक आहे.","हे एखाद्या क्लबसारखे आहे, जो तुम्हाला सदस्यत्व कार्ड देण्यापूर्वी तुमचे ओळखपत्र आणि पत्ता तपासतो, जेणेकरून त्याला कळते की त्याचे सदस्य कोण आहेत.","अनिल खाते उघडण्याच्या अर्जासोबत बँकेत आपला फोटो, आधार कार्ड आणि एक युटिलिटी बिल सादर करतो.",काहींना वाटते की केवायसी फक्त श्रीमंत किंवा व्यावसायिक ग्राहकांसाठीच आहे. खाते उघडणाऱ्या प्रत्येक व्यक्तीने केवायसी पूर्ण केले पाहिजे.,एनसीएफई,नवशिक्या
Can a bank account be opened using an Aadhar Card?,"Yes, an account can be opened on the basis of an Aadhar Card, which can serve as identity and address proof.",It is like using a single master key that opens several doors instead of carrying many separate keys.,Priya uses only her Aadhar Card as proof of identity and residence to open her new savings account.,People think they need many different documents. A single valid document like Aadhar can be enough.,NCFE,beginner,क्या आधार कार्ड का उपयोग करके बैंक खाता खोला जा सकता है?,"जी हां, आधार कार्ड के आधार पर खाता खोला जा सकता है, जो पहचान और पते के प्रमाण के रूप में काम कर सकता है।",यह कई अलग-अलग चाबियां रखने के बजाय एक ही मास्टर चाबी का उपयोग करने जैसा है जो कई दरवाजे खोलती है।,प्रिया ने अपना नया बचत खाता खोलने के लिए पहचान और निवास प्रमाण के रूप में केवल अपने आधार कार्ड का उपयोग किया।,लोगों को लगता है कि उन्हें कई अलग-अलग दस्तावेजों की जरूरत है। लेकिन आधार कार्ड जैसा एक वैध दस्तावेज ही काफी हो सकता है।,एनसीएफई,शुरुआत,आधार कार्ड वापरून बँकेत खाते उघडता येते का?,"होय, आधार कार्डच्या आधारावर खाते उघडता येते, जे ओळख आणि पत्त्याचा पुरावा म्हणून काम करू शकते.","हे म्हणजे अनेक वेगवेगळ्या चाव्या बाळगण्याऐवजी, अनेक दरवाजे उघडणारी एकच मुख्य चावी वापरण्यासारखे आहे.",प्रिया तिचे नवीन बचत खाते उघडण्यासाठी ओळख आणि रहिवासाचा पुरावा म्हणून केवळ तिच्या आधार कार्डचा वापर करते.,लोकांना वाटते की त्यांना अनेक वेगवेगळ्या कागदपत्रांची गरज आहे. पण आधारसारखे एकच वैध कागदपत्र पुरेसे असू शकते.,एनसीएफई,नवशिक्या
What is a small account opened under relaxed KYC?,"If a person does not have the usual KYC documents, they can open an account using relaxed KYC based on an MGNREGA job card or self certification. Such accounts are called small accounts and have some limitations.",It is like a temporary visitor pass that lets you in the building but with fewer privileges than a full membership card.,"Ramu has no identity papers, so he opens a small account by showing his MGNREGA job card.",Some think a small account is a full account. It is treated as a small account and is subject to certain limits.,NCFE,beginner,आसान केवाईसी प्रक्रिया के तहत खोला गया छोटा खाता क्या होता है?,"यदि किसी व्यक्ति के पास सामान्य केवाईसी दस्तावेज़ नहीं हैं, तो वे एमजीएनआरईजीए जॉब कार्ड या स्व-प्रमाणन के आधार पर सरलीकृत केवाईसी प्रक्रिया का उपयोग करके खाता खोल सकते हैं। ऐसे खातों को लघु खाते कहा जाता है और इनमें कुछ सीमाएँ होती हैं।","यह एक अस्थायी आगंतुक पास की तरह है जो आपको इमारत में प्रवेश करने की अनुमति देता है, लेकिन पूर्ण सदस्यता कार्ड की तुलना में कम विशेषाधिकार प्रदान करता है।","रामू के पास कोई पहचान पत्र नहीं है, इसलिए वह अपना एमजीएनआरईजीए जॉब कार्ड दिखाकर एक छोटा खाता खोलता है।",कुछ लोग छोटी राशि को पूरी राशि के बराबर मानते हैं। इसे छोटी राशि के खाते के रूप में ही माना जाता है और इस पर कुछ सीमाएं लागू होती हैं।,एनसीएफई,शुरुआत,शिथिल केवायसी अंतर्गत उघडलेले छोटे खाते म्हणजे काय?,"जर एखाद्या व्यक्तीकडे नेहमीची केवायसी कागदपत्रे नसतील, तर ते मनरेगा जॉब कार्ड किंवा स्वयं-प्रमाणपत्राच्या आधारे शिथिल केवायसी वापरून खाते उघडू शकतात. अशा खात्यांना लहान खाती म्हटले जाते आणि त्यांच्यावर काही मर्यादा असतात.","हे एका तात्पुरत्या अभ्यागत पाससारखे आहे, जे तुम्हाला इमारतीत प्रवेश देते, परंतु त्यात पूर्ण सदस्यत्व कार्डापेक्षा कमी विशेषाधिकार असतात.","रामूकडे ओळखपत्र नसल्यामुळे, तो आपले मनरेगा जॉब कार्ड दाखवून एक छोटे खाते उघडतो.",काहींना वाटते की छोटे खाते हेच पूर्ण भरलेले खाते आहे. ते एक छोटे खाते मानले जाते आणि त्यावर काही मर्यादा लागू असतात.,एनसीएफई,नवशिक्या
How can you open a bank account if there is no bank branch in your village?,You do not need a branch nearby. Banks appoint Business Correspondents (BC) who are local agents and provide banking services in your village or nearby villages.,It is like an online delivery agent bringing the shop's goods to your door instead of you travelling to the shop.,"In a village with no bank, a Business Correspondent visits weekly so villagers can deposit and withdraw money.",People think a bank branch must be in their village to bank. A BC can bring banking to their doorstep.,NCFE,beginner,यदि आपके गांव में बैंक की कोई शाखा नहीं है तो आप बैंक खाता कैसे खोल सकते हैं?,आपको पास में कोई शाखा होने की आवश्यकता नहीं है। बैंक बिजनेस कॉरेस्पोंडेंट (बीसी) नियुक्त करते हैं जो स्थानीय एजेंट होते हैं और आपके गांव या आसपास के गांवों में बैंकिंग सेवाएं प्रदान करते हैं।,"यह एक ऑनलाइन डिलीवरी एजेंट की तरह है जो दुकान का सामान आपके दरवाजे तक पहुंचाता है, बजाय इसके कि आप दुकान तक जाएं।","जिस गांव में कोई बैंक नहीं है, वहां एक बिजनेस कॉरेस्पोंडेंट साप्ताहिक रूप से जाता है ताकि ग्रामीण पैसे जमा और निकाल सकें।",लोगों को लगता है कि बैंकिंग के लिए उनके गांव में बैंक की शाखा होना जरूरी है। एक बैंक शाखा बैंकिंग सुविधा को उनके घर तक ला सकती है।,एनसीएफई,शुरुआत,तुमच्या गावात बँकेची शाखा नसेल तर तुम्ही बँकेत खाते कसे उघडू शकता?,"तुम्हाला जवळच्या शाखेची गरज नाही. बँका व्यवसाय प्रतिनिधींची (बीसी) नियुक्ती करतात, जे स्थानिक एजंट म्हणून तुमच्या गावात किंवा जवळपासच्या गावांमध्ये बँकिंग सेवा पुरवतात.","हे अगदी तुम्ही दुकानात जाण्याऐवजी, एखाद्या ऑनलाइन डिलिव्हरी एजंटने दुकानातील माल थेट तुमच्या दारापर्यंत पोहोचवण्यासारखे आहे.","ज्या गावात बँक नाही, तिथे व्यवसाय प्रतिनिधी आठवड्यातून एकदा भेट देतो जेणेकरून गावकरी पैसे जमा करू शकतील आणि काढू शकतील.",लोकांना वाटते की बँकिंग करण्यासाठी त्यांच्या गावात बँकेची शाखा असलीच पाहिजे. एक बीसी (BC) बँकिंग सेवा त्यांच्या दारापर्यंत आणू शकतो.,एनसीएफई,नवशिक्या
How does a Business Correspondent carry out banking transactions?,"A BC uses Information and Communication Technology (ICT) devices such as handheld machines, smartcard devices and mobile phones to carry out transactions.",It is like a card swipe machine used in a small shop that connects to the main bank system instantly.,"The BC enters a customer's details into a handheld device to process a cash withdrawal, and the bank's records update immediately.",Some believe BC transactions are informal or not recorded. They are done on ICT devices and accounted in the books of the bank.,NCFE,beginner,एक बिजनेस कॉरेस्पोंडेंट बैंकिंग लेनदेन कैसे करता है?,"एक बीसी (बर्थडे कंट्रोल सेंटर) लेनदेन करने के लिए सूचना और संचार प्रौद्योगिकी (आईसीटी) उपकरणों जैसे कि हैंडहेल्ड मशीन, स्मार्टकार्ड डिवाइस और मोबाइल फोन का उपयोग करता है।",यह एक छोटी दुकान में इस्तेमाल होने वाली कार्ड स्वाइप मशीन की तरह है जो तुरंत मुख्य बैंक प्रणाली से जुड़ जाती है।,"कैशियर (बीसी) ग्राहक के विवरण को एक हैंडहेल्ड डिवाइस में दर्ज करता है ताकि नकदी निकासी की प्रक्रिया पूरी हो सके, और बैंक के रिकॉर्ड तुरंत अपडेट हो जाते हैं।",कुछ लोगों का मानना ​​है कि बैंक लेनदेन अनौपचारिक होते हैं या उनका रिकॉर्ड नहीं रखा जाता। ये लेनदेन सूचना और संचार प्रौद्योगिकी (आईसीटी) उपकरणों के माध्यम से किए जाते हैं और बैंक के बही-खातों में दर्ज किए जाते हैं।,एनसीएफई,शुरुआत,व्यवसाय प्रतिनिधी बँकिंग व्यवहार कसे पार पाडतो?,"बीसी व्यवहार करण्यासाठी हँडहेल्ड मशीन, स्मार्टकार्ड उपकरणे आणि मोबाईल फोन यांसारख्या माहिती आणि संप्रेषण तंत्रज्ञान (आयसीटी) उपकरणांचा वापर करतात.","हे एखाद्या छोट्या दुकानात वापरल्या जाणाऱ्या कार्ड स्वाइप मशीनसारखे आहे, जे मुख्य बँक प्रणालीशी त्वरित जोडले जाते.",रोख रक्कम काढण्याची प्रक्रिया करण्यासाठी बीसी (BC) ग्राहकाचा तपशील एका हँडहेल्ड डिव्हाइसमध्ये प्रविष्ट करतो आणि बँकेच्या नोंदी त्वरित अद्ययावत होतात.,काहींना वाटते की बीसी व्यवहार अनौपचारिक असतात किंवा त्यांची नोंद केली जात नाही. ते आयसीटी उपकरणांवर केले जातात आणि बँकेच्या पुस्तकांमध्ये त्यांची नोंद केली जाते.,एनसीएफई,नवशिक्या
Is your money safe if you deposit it with a Business Correspondent?,"Yes. Depositing with a BC is as good as depositing at a bank branch. Transactions are done through ICT devices and recorded in the bank's books, and you get a receipt as acknowledgement.","It is like paying a trusted delivery agent who gives you an official receipt printed by the company, so your payment is secure.",Lakshmi deposits ₹500 with the BC and immediately receives a receipt issued on behalf of the bank.,"People fear money given to a BC is unsafe. Transactions need your biometrics or PIN, so no one else can operate your account.",NCFE,beginner,क्या बिजनेस कॉरेस्पोंडेंट के पास पैसा जमा करने पर आपका पैसा सुरक्षित रहेगा?,"जी हां। बैंक खाताधारक (बीसी) में जमा करना बैंक शाखा में जमा करने के समान ही है। लेन-देन सूचना एवं संचार प्रौद्योगिकी (आईसीटी) उपकरणों के माध्यम से होता है और बैंक के बहीखातों में दर्ज किया जाता है, और आपको रसीद के रूप में एक पावती मिलती है।","यह ठीक वैसा ही है जैसे आप किसी भरोसेमंद डिलीवरी एजेंट को भुगतान कर रहे हों जो आपको कंपनी द्वारा मुद्रित एक आधिकारिक रसीद देता है, इसलिए आपका भुगतान सुरक्षित है।",लक्ष्मी ने बैंक खाताधारक के पास ₹500 जमा किए और तुरंत बैंक की ओर से जारी की गई रसीद प्राप्त की।,"लोग डरते हैं कि बायोमेट्रिक अकाउंटेंट को दिया गया पैसा असुरक्षित है। लेन-देन के लिए आपके बायोमेट्रिक्स या पिन की आवश्यकता होती है, इसलिए कोई और आपके खाते का संचालन नहीं कर सकता।",एनसीएफई,शुरुआत,बिझनेस करस्पॉन्डंटकडे पैसे जमा केल्यास ते सुरक्षित आहेत का?,"होय. बीसीमध्ये पैसे जमा करणे हे बँकेच्या शाखेत पैसे जमा करण्यासारखेच आहे. व्यवहार आयसीटी उपकरणांद्वारे केले जातात आणि बँकेच्या दप्तरात नोंदवले जातात, आणि पोचपावती म्हणून तुम्हाला एक पावती मिळते.","हे एखाद्या विश्वासू डिलिव्हरी एजंटला पैसे देण्यासारखे आहे, जो तुम्हाला कंपनीने छापलेली अधिकृत पावती देतो, त्यामुळे तुमचे पेमेंट सुरक्षित असते.",लक्ष्मी बीसीकडे ₹500 जमा करते आणि तिला लगेचच बँकेच्या वतीने जारी केलेली पावती मिळते.,"बीसीला दिलेले पैसे असुरक्षित असल्याची लोकांना भीती वाटते. व्यवहारांसाठी तुमचे बायोमेट्रिक्स किंवा पिन आवश्यक असतो, त्यामुळे दुसरे कोणीही तुमचे खाते चालवू शकत नाही.",एनसीएफई,नवशिक्या
What free facilities does a Basic Savings Bank Deposit Account offer?,"Free deposit of money any number of times, four withdrawals a month, a Passbook, and an ATM/Smart card at no fee.",It is like getting unlimited free top-ups and four free cash-outs per month at a game arcade.,Meena deposits money 10 times in a month for free and makes 4 withdrawals without any charge.,People believe all transactions cost a fee; deposits and four monthly withdrawals are free in a BSBDA.,NCFE,beginner,बेसिक सेविंग्स बैंक डिपॉजिट अकाउंट में कौन-कौन सी मुफ्त सुविधाएं मिलती हैं?,"कितनी भी बार मुफ्त में पैसे जमा करने की सुविधा, महीने में चार बार पैसे निकालने की सुविधा, एक पासबुक और एक एटीएम/स्मार्ट कार्ड मुफ्त में।",यह किसी गेम आर्केड में हर महीने असीमित मुफ्त टॉप-अप और चार मुफ्त कैश-आउट पाने जैसा है।,मीना महीने में 10 बार मुफ्त में पैसे जमा करती है और 4 बार बिना किसी शुल्क के पैसे निकालती है।,लोगों का मानना ​​है कि सभी लेन-देन पर शुल्क लगता है; लेकिन बीएसबीडीए में जमा और चार मासिक निकासी मुफ्त हैं।,एनसीएफई,शुरुआत,बेसिक सेव्हिंग्ज बँक डिपॉझिट अकाउंटमध्ये कोणत्या मोफत सुविधा मिळतात?,"कितीही वेळा मोफत पैसे जमा करण्याची सुविधा, महिन्यातून चार वेळा पैसे काढण्याची सोय, पासबुक आणि कोणतेही शुल्क न आकारता एटीएम/स्मार्ट कार्ड.",हे एखाद्या गेम आर्केडमध्ये दरमहा अमर्यादित मोफत टॉप-अप आणि चार मोफत कॅश-आउट मिळवण्यासारखेच आहे.,मीना महिन्यातून १० वेळा मोफत पैसे जमा करते आणि कोणत्याही शुल्काशिवाय ४ वेळा पैसे काढते.,लोकांचा असा समज आहे की सर्व व्यवहारांवर शुल्क आकारले जाते; परंतु BSBDA मध्ये ठेवी आणि महिन्याला चार वेळा पैसे काढणे विनामूल्य आहे.,एनसीएफई,नवशिक्या
What day-to-day needs can a Basic Savings Bank Deposit Account be used for?,"Deposits, withdrawals, remittances, and direct credit of social benefits.","It works like a multi-tool that handles saving, spending, sending money, and receiving government payments.",Anita uses her BSBDA to receive her pension directly and to send money to her son in another city.,"Some think the account is only for storing money, but it also handles remittances and benefit credits.",NCFE,beginner,बेसिक सेविंग्स बैंक डिपॉजिट अकाउंट का उपयोग रोजमर्रा की किन जरूरतों के लिए किया जा सकता है?,"जमा, निकासी, प्रेषण और सामाजिक लाभों का प्रत्यक्ष ऋण।","यह एक मल्टी-टूल की तरह काम करता है जो बचत, खर्च, पैसे भेजने और सरकारी भुगतान प्राप्त करने जैसे कार्यों को संभालता है।",अनीता अपने बीएसबीडीए खाते का उपयोग सीधे अपनी पेंशन प्राप्त करने और दूसरे शहर में रहने वाले अपने बेटे को पैसे भेजने के लिए करती है।,"कुछ लोगों का मानना ​​है कि यह खाता केवल पैसे जमा करने के लिए है, लेकिन यह धन प्रेषण और लाभ ऋण का भी प्रबंधन करता है।",एनसीएफई,शुरुआत,मूलभूत बचत बँक ठेव खात्याचा उपयोग कोणत्या दैनंदिन गरजांसाठी केला जाऊ शकतो?,"सामाजिक लाभांच्या ठेवी, पैसे काढणे, पाठवणे आणि थेट जमा करणे.","हे एका मल्टी-टूलप्रमाणे काम करते, जे बचत करणे, खर्च करणे, पैसे पाठवणे आणि सरकारी देयके स्वीकारणे यांसारखी कामे हाताळते.",अनिता तिचे निवृत्तीवेतन थेट मिळवण्यासाठी आणि दुसऱ्या शहरातील तिच्या मुलाला पैसे पाठवण्यासाठी तिच्या बीएसबीडीएचा वापर करते.,"काहींना वाटते की हे खाते फक्त पैसे साठवण्यासाठी आहे, पण त्याद्वारे पैसे पाठवणे आणि लाभांची जमा रक्कम जमा करणे हे व्यवहारही हाताळले जातात.",एनसीएफई,नवशिक्या
Which documents are needed to open an account as per KYC?,"A photograph, proof of identity, and proof of residence submitted with the account opening form.",It is like the papers you gather to prove who you are and where you live when renting a house.,"Rahul brings his photo, ID card, and ration card as address proof to open his savings account.","Some think only a photo is enough, but identity and residence proof are also required.",NCFE,beginner,केवाईसी के अनुसार खाता खोलने के लिए किन दस्तावेजों की आवश्यकता होती है?,"खाता खोलने के फॉर्म के साथ एक फोटो, पहचान पत्र और निवास प्रमाण पत्र जमा करना होगा।",यह ठीक वैसे ही है जैसे घर किराए पर लेते समय आप अपनी पहचान और निवास स्थान साबित करने के लिए कागजात इकट्ठा करते हैं।,"राहुल अपना बचत खाता खोलने के लिए अपनी फोटो, पहचान पत्र और पते के प्रमाण के रूप में राशन कार्ड लेकर आता है।","कुछ लोगों का मानना ​​है कि सिर्फ एक फोटो ही काफी है, लेकिन पहचान और निवास प्रमाण भी आवश्यक हैं।",एनसीएफई,शुरुआत,केवायसीनुसार खाते उघडण्यासाठी कोणत्या कागदपत्रांची आवश्यकता असते?,"खाते उघडण्याच्या अर्जासोबत छायाचित्र, ओळखीचा पुरावा आणि रहिवासाचा पुरावा सादर करावा.",हे अगदी घर भाड्याने घेताना तुम्ही कोण आहात आणि कुठे राहता हे सिद्ध करण्यासाठी गोळा करत असलेल्या कागदपत्रांसारखे आहे.,"राहुल त्याचे बचत खाते उघडण्यासाठी पत्त्याचा पुरावा म्हणून त्याचा फोटो, ओळखपत्र आणि रेशन कार्ड घेऊन येतो.","काहींना वाटते की फक्त फोटो पुरेसा आहे, पण ओळख आणि रहिवासी पुरावा देखील आवश्यक असतो.",एनसीएफई,नवशिक्या
Can an account be opened using an Aadhar Card?,"Yes, the account can be opened on the basis of the Aadhar Card.",Aadhar works like a master key that can open the bank account door on its own.,Gopal opens his bank account by showing only his Aadhar Card.,"People believe Aadhar alone is never accepted, but it can be used to open an account.",NCFE,beginner,क्या आधार कार्ड का उपयोग करके खाता खोला जा सकता है?,"जी हां, आधार कार्ड के आधार पर खाता खोला जा सकता है।",आधार एक मास्टर चाबी की तरह काम करता है जो बैंक खाते का दरवाजा अपने आप खोल सकता है।,गोपाल ने सिर्फ अपना आधार कार्ड दिखाकर अपना बैंक खाता खोला।,"लोगों का मानना ​​है कि आधार कार्ड अकेले कभी स्वीकार नहीं किया जाता, लेकिन इसका उपयोग खाता खोलने के लिए किया जा सकता है।",एनसीएफई,शुरुआत,आधार कार्ड वापरून खाते उघडता येते का?,"हो, आधार कार्डच्या आधारावर खाते उघडता येते.","आधार एका मास्टर की प्रमाणे काम करतो, जो बँक खात्याचा दरवाजा स्वतःहून उघडू शकतो.",गोपाल फक्त आपले आधार कार्ड दाखवून आपले बँक खाते उघडतो.,"लोकांचा असा समज आहे की केवळ आधार कार्ड कधीच स्वीकारले जात नाही, पण त्याचा वापर खाते उघडण्यासाठी केला जाऊ शकतो.",एनसीएफई,नवशिक्या
How can a person without standard documents open an account?,They can open a small account under relaxed KYC using an MGNREGA job card or self certification.,It is like a temporary visitor pass when you do not yet have the full membership documents.,"Shyam has no ID or address proof, so he opens a small account using his MGNREGA job card.",People assume no documents means no account; relaxed KYC allows a small account.,NCFE,beginner,मानक दस्तावेजों के बिना कोई व्यक्ति खाता कैसे खोल सकता है?,वे एमजीएनआरईजीए जॉब कार्ड या स्व-प्रमाणन का उपयोग करके आसान केवाईसी प्रक्रिया के तहत एक छोटा खाता खोल सकते हैं।,यह एक अस्थायी आगंतुक पास की तरह है जब तक आपके पास पूर्ण सदस्यता दस्तावेज नहीं होते हैं।,"श्याम के पास कोई पहचान पत्र या पते का प्रमाण नहीं है, इसलिए वह अपने एमजीएनआरईजीए जॉब कार्ड का उपयोग करके एक छोटा खाता खोलता है।",लोग मानते हैं कि दस्तावेज़ नहीं तो खाता भी नहीं; आसान केवाईसी प्रक्रिया से छोटा खाता खोलने की अनुमति मिल जाती है।,एनसीएफई,शुरुआत,प्रमाणित कागदपत्रे नसलेली व्यक्ती खाते कसे उघडू शकते?,ते मनरेगा जॉब कार्ड किंवा स्व-प्रमाणपत्राचा वापर करून शिथिल केवायसी अंतर्गत छोटे खाते उघडू शकतात.,"जेव्हा तुमच्याकडे पूर्ण सदस्यत्वाची कागदपत्रे नसतात, तेव्हा हा एका तात्पुरत्या अभ्यागत पाससारखा असतो.","श्यामजवळ ओळखपत्र किंवा पत्त्याचा पुरावा नसल्यामुळे, तो त्याच्या मनरेगा जॉब कार्डचा वापर करून एक छोटे खाते उघडतो.","कागदपत्रे नाहीत म्हणजे खाते नाही, असा लोकांचा समज असतो; पण शिथिल केवायसीमुळे एक छोटे खाते उघडता येते.",एनसीएफई,नवशिक्या
What are the limitations of an account opened under relaxed KYC?,It is treated as a small account and is subject to certain limitations.,It is like a trial version of software that works but with restrictions until fully activated.,A small account opened by self certification has limits on how much money can be kept or transacted.,Some think a small account works exactly like a full account with no restrictions.,NCFE,beginner,आसान केवाईसी प्रक्रिया के तहत खोले गए खाते की क्या सीमाएँ हैं?,इसे एक छोटा खाता माना जाता है और यह कुछ सीमाओं के अधीन है।,यह सॉफ्टवेयर के एक परीक्षण संस्करण की तरह है जो काम तो करता है लेकिन पूरी तरह से सक्रिय होने तक कुछ प्रतिबंधों के साथ।,स्वयं द्वारा प्रमाणित करके खोले गए छोटे खाते में जमा की जा सकने वाली या लेनदेन की जा सकने वाली धनराशि की सीमा होती है।,कुछ लोगों का मानना ​​है कि एक छोटा खाता बिना किसी प्रतिबंध के पूर्ण खाते की तरह ही काम करता है।,एनसीएफई,शुरुआत,शिथिल केवायसी अंतर्गत उघडलेल्या खात्याच्या मर्यादा कोणत्या आहेत?,हे एक लहान खाते मानले जाते आणि त्यावर काही मर्यादा लागू आहेत.,"हे सॉफ्टवेअरच्या चाचणी आवृत्तीसारखे आहे, जे पूर्णपणे सक्रिय होईपर्यंत चालते पण त्यावर काही निर्बंध असतात.",स्व-प्रमाणपत्राद्वारे उघडलेल्या लहान खात्यात किती पैसे ठेवता येतील किंवा किती व्यवहार करता येतील यावर मर्यादा असतात.,काहींना वाटते की छोटे खाते कोणत्याही निर्बंधांशिवाय पूर्ण खात्याप्रमाणेच काम करते.,एनसीएफई,नवशिक्या
How can we get banking facilities if there is no bank branch in the village?,Banks appoint Business Correspondents (BCs) who are agents providing banking services locally.,A BC is like a local delivery agent who brings the bank shop to your doorstep.,"In a village with no branch, the BC visits homes and lets residents deposit and withdraw money.","People think banking is impossible without a branch, but BCs bring services to the village.",NCFE,beginner,अगर गांव में बैंक की कोई शाखा नहीं है तो हमें बैंकिंग सुविधाएं कैसे मिल सकती हैं?,"बैंक बिजनेस कॉरेस्पोंडेंट (बीसी) नियुक्त करते हैं, जो स्थानीय स्तर पर बैंकिंग सेवाएं प्रदान करने वाले एजेंट होते हैं।",एक बीसी एक स्थानीय डिलीवरी एजेंट की तरह होता है जो बैंक की दुकान को आपके घर के दरवाजे तक पहुंचाता है।,"जिस गांव में कोई शाखा नहीं है, वहां बीसी घर-घर जाकर निवासियों को पैसे जमा करने और निकालने की सुविधा देता है।","लोगों को लगता है कि बिना शाखा के बैंकिंग असंभव है, लेकिन बीसी (बैंक शाखा) गांवों में सेवाएं पहुंचाती हैं।",एनसीएफई,शुरुआत,गावात बँकेची शाखा नसेल तर आम्हाला बँकिंग सुविधा कशा मिळतील?,"बँका बिझनेस करस्पॉन्डंट्सची (बीसी) नियुक्ती करतात, जे स्थानिक पातळीवर बँकिंग सेवा पुरवणारे एजंट असतात.","बीसी (BC) हा एका स्थानिक डिलिव्हरी एजंटसारखा असतो, जो बँकेचे काम तुमच्या दारापर्यंत आणून देतो.","ज्या गावात शाखा नाही, तिथे बीसी (बँक सेंटर) घरोघरी जाऊन रहिवाशांना पैसे जमा करण्याची आणि काढण्याची सुविधा देते.","लोकांना वाटते की शाखेशिवाय बँकिंग अशक्य आहे, पण बीसी (बँकर) गावात सेवा पोहोचवतात.",एनसीएफई,नवशिक्या
Is our money safe if we deposit it with a Business Correspondent (BC)?,"Yes, depositing with a BC is as good as depositing at a bank branch because transactions are recorded in the bank's books.",It is like paying a trusted courier who officially logs your parcel into the company's system.,"When Kamla deposits cash with the BC, she gets a receipt on behalf of the bank and a confirmation of the transaction.","People fear BCs are unsafe, but transactions are verified by biometrics or a PIN and recorded by the bank.",NCFE,beginner,अगर हम अपना पैसा किसी बिजनेस कॉरेस्पोंडेंट (बीसी) के पास जमा करते हैं तो क्या वह सुरक्षित है?,"जी हां, बैंक खाताधारक (बीसी) में पैसे जमा करना बैंक शाखा में पैसे जमा करने जितना ही अच्छा है क्योंकि लेन-देन बैंक के बहीखातों में दर्ज किया जाता है।",यह ठीक वैसा ही है जैसे किसी भरोसेमंद कूरियर कंपनी को भुगतान करना जो आधिकारिक तौर पर आपके पार्सल को कंपनी के सिस्टम में दर्ज करती है।,"जब कमला बीसी के पास नकदी जमा करती है, तो उसे बैंक की ओर से एक रसीद और लेनदेन की पुष्टि मिलती है।","लोगों को डर रहता है कि बीसी (बर्थ कार्ड) असुरक्षित हैं, लेकिन लेनदेन की पुष्टि बायोमेट्रिक्स या पिन के माध्यम से की जाती है और बैंक द्वारा रिकॉर्ड की जाती है।",एनसीएफई,शुरुआत,बिझनेस करस्पॉन्डंटकडे (BC) पैसे जमा केल्यास ते सुरक्षित आहेत का?,"होय, बीसीकडे पैसे जमा करणे हे बँकेच्या शाखेत पैसे जमा करण्यासारखेच आहे, कारण व्यवहारांची नोंद बँकेच्या दप्तरात केली जाते.","हे एखाद्या विश्वासू कुरिअरला पैसे देण्यासारखेच आहे, जो तुमच्या पार्सलची कंपनीच्या सिस्टीममध्ये अधिकृतपणे नोंद करतो.","जेव्हा कमला बीसीमध्ये रोख रक्कम जमा करते, तेव्हा तिला बँकेच्या वतीने एक पावती आणि व्यवहाराची पुष्टी मिळते.","लोकांना बीसी (BC) असुरक्षित असल्याची भीती वाटते, परंतु व्यवहार बायोमेट्रिक्स किंवा पिनद्वारे सत्यापित केले जातात आणि बँकेद्वारे नोंदवले जातात.",एनसीएफई,नवशिक्या
What is an overdraft?,"An overdraft is a facility that lets you withdraw more money than you have in your account, up to a set limit, even though you have not gone through separate loan paperwork. It is a loan from the bank, so you pay interest on the amount you use.","It is like a friend agreeing you can borrow up to 500 whenever you need, without signing a new agreement each time - but you still pay them back for whatever you take.","A savings account has a small inbuilt overdraft of 1,000. You urgently need 700 for a medical bill and withdraw it, then repay 700 plus a little interest.",People think an overdraft is free extra money in their account; in reality it is a loan and interest is charged on the amount used.,NCFE,beginner,ओवरड्राफ्ट क्या होता है?,"ओवरड्राफ्ट एक ऐसी सुविधा है जो आपको अपने खाते में मौजूद राशि से अधिक, एक निर्धारित सीमा तक, पैसे निकालने की अनुमति देती है, भले ही आपने अलग से ऋण संबंधी कागजी कार्रवाई न की हो। यह बैंक से लिया गया ऋण है, इसलिए आपको उपयोग की गई राशि पर ब्याज देना होगा।","यह कुछ ऐसा है जैसे कोई दोस्त आपसे सहमत हो जाए कि आप जब भी जरूरत हो, 500 तक उधार ले सकते हैं, हर बार नया समझौता किए बिना - लेकिन फिर भी आपको ली गई राशि वापस चुकानी होगी।","एक बचत खाते में 1,000 रुपये का एक छोटा अंतर्निहित ओवरड्राफ्ट है। आपको एक मेडिकल बिल के लिए 700 रुपये की तत्काल आवश्यकता है और आप इसे निकाल लेते हैं, फिर 700 रुपये और थोड़ा ब्याज चुका देते हैं।",लोग सोचते हैं कि ओवरड्राफ्ट उनके खाते में मुफ्त अतिरिक्त पैसा है; वास्तविकता में यह एक ऋण है और उपयोग की गई राशि पर ब्याज लगता है।,एनसीएफई,शुरुआत,ओव्हरड्राफ्ट म्हणजे काय?,"ओव्हरड्राफ्ट ही एक अशी सुविधा आहे, जी तुम्हाला वेगळ्या कर्ज कागदपत्रांशिवाय, तुमच्या खात्यात असलेल्या रकमेपेक्षा जास्त रक्कम एका निश्चित मर्यादेपर्यंत काढू देते. हे बँकेकडून घेतलेले कर्ज असल्यामुळे, तुम्ही वापरलेल्या रकमेवर तुम्हाला व्याज द्यावे लागते.","हे अगदी एखाद्या मित्रासारखे आहे, जो तुम्हाला गरज असेल तेव्हा प्रत्येक वेळी नवीन करार न करता ५०० पर्यंत उसने घेण्यास परवानगी देतो - पण तुम्ही जे काही घ्याल ते तुम्हाला परत करावेच लागेल.","बचत खात्यामध्ये १,००० रुपयांचा एक छोटा अंगभूत ओव्हरड्राफ्ट असतो. तुम्हाला वैद्यकीय बिलासाठी तातडीने ७०० रुपयांची गरज आहे आणि तुम्ही ते काढता, मग ७०० रुपये आणि थोडे व्याज परत करता.",लोकांना वाटते की ओव्हरड्राफ्ट म्हणजे त्यांच्या खात्यात आलेले मोफत अतिरिक्त पैसे; पण प्रत्यक्षात ते एक कर्ज असते आणि वापरलेल्या रकमेवर व्याज आकारले जाते.,एनसीएफई,नवशिक्या
How is an overdraft different from other loans like KCC or GCC?,"An overdraft is inbuilt in a savings account, can be used any time, and needs no separate documentation, so it suits small emergencies. Loans like the Kisan Credit Card (KCC) and General Credit Card (GCC) are given for a specific purpose such as income generating activities.","An overdraft is like a small emergency cash reserve you can dip into anytime, while a KCC or GCC loan is like money handed over for one clearly stated job.","You use your overdraft to cover an emergency at home, but you take a KCC loan specifically to buy seeds for farming.","It is often thought all bank credit works the same; actually overdrafts are flexible and purpose-free, whereas KCC and GCC are tied to a specific income generating purpose.",NCFE,beginner,"ओवरड्राफ्ट, केसीसी या जीसीसी जैसे अन्य ऋणों से किस प्रकार भिन्न है?","बचत खाते में ओवरड्राफ्ट की सुविधा अंतर्निहित होती है, जिसका उपयोग कभी भी किया जा सकता है और इसके लिए किसी अलग दस्तावेज़ की आवश्यकता नहीं होती है, इसलिए यह छोटी आपात स्थितियों के लिए उपयुक्त है। किसान क्रेडिट कार्ड (केसीसी) और जनरल क्रेडिट कार्ड (जीसीसी) जैसे ऋण आय सृजन गतिविधियों जैसे विशिष्ट उद्देश्यों के लिए दिए जाते हैं।","ओवरड्राफ्ट एक छोटे आपातकालीन नकदी भंडार की तरह है जिसे आप कभी भी इस्तेमाल कर सकते हैं, जबकि केसीसी या जीसीसी ऋण एक स्पष्ट रूप से निर्धारित कार्य के लिए दिए गए धन की तरह है।","आप घर में किसी आपात स्थिति से निपटने के लिए अपने ओवरड्राफ्ट का उपयोग करते हैं, लेकिन खेती के लिए बीज खरीदने के लिए आप विशेष रूप से केसीसी से ऋण लेते हैं।","अक्सर यह माना जाता है कि सभी बैंक क्रेडिट एक ही तरह से काम करते हैं; वास्तव में ओवरड्राफ्ट लचीले और उद्देश्य-मुक्त होते हैं, जबकि केसीसी और जीसीसी एक विशिष्ट आय सृजन उद्देश्य से जुड़े होते हैं।",एनसीएफई,शुरुआत,ओव्हरड्राफ्ट हा केसीसी किंवा जीसीसी सारख्या इतर कर्जांपेक्षा कसा वेगळा असतो?,"बचत खात्यामध्ये ओव्हरड्राफ्टची सुविधा अंतर्भूत असते, ती कधीही वापरता येते आणि त्यासाठी कोणत्याही वेगळ्या कागदपत्रांची आवश्यकता नसते, त्यामुळे ती छोट्या-मोठ्या आपत्कालीन परिस्थितींसाठी उपयुक्त ठरते. किसान क्रेडिट कार्ड (KCC) आणि जनरल क्रेडिट कार्ड (GCC) यांसारखी कर्जे उत्पन्न मिळवण्यासारख्या विशिष्ट उद्देशांसाठी दिली जातात.","ओव्हरड्राफ्ट म्हणजे एक छोटा आपत्कालीन रोख साठा असतो, जो तुम्ही कधीही वापरू शकता, तर केसीसी किंवा जीसीसी कर्ज म्हणजे एका स्पष्टपणे नमूद केलेल्या कामासाठी दिलेला पैसा असतो.","तुम्ही घरातील आपत्कालीन परिस्थितीसाठी ओव्हरड्राफ्ट वापरता, पण शेतीसाठी बियाणे खरेदी करण्याकरिता खास केसीसी कर्ज घेता.","अनेकदा असे मानले जाते की सर्व बँक क्रेडिट एकाच प्रकारे काम करतात; वास्तविक पाहता ओव्हरड्राफ्ट लवचिक आणि उद्देश-निरपेक्ष असतात, तर KCC आणि GCC हे उत्पन्न मिळवण्याच्या एका विशिष्ट उद्देशाशी निगडित असतात.",एनसीएफई,नवशिक्या
What is the difference between income and credit?,"Income is money you earn, such as a salary or wages. Credit or a loan is money you must pay back, so it is not income. The repayments you make on a loan are an expense.","Income is like the water flowing into your tank, while a loan is borrowed water in a bucket that you must return later.","You earn 20,000 a month in wages (income), and you borrow 10,000 (credit) that you must repay - the borrowed amount is not counted as your income.",A common mistake is treating a loan or credit as money earned; it is not income because it has to be repaid.,NCFE,beginner,आय और ऋण में क्या अंतर है?,"आय वह पैसा है जो आप कमाते हैं, जैसे कि वेतन या मजदूरी। ऋण या उधार वह पैसा है जिसे आपको चुकाना पड़ता है, इसलिए यह आय नहीं है। ऋण पर किए गए भुगतान व्यय हैं।","आय आपके टैंक में आने वाले पानी की तरह है, जबकि ऋण बाल्टी में रखे उधार के पानी की तरह है जिसे आपको बाद में लौटाना होगा।","आप प्रति माह 20,000 रुपये वेतन (आय) कमाते हैं, और आप 10,000 रुपये उधार लेते हैं (ऋण) जिसे आपको चुकाना होगा - उधार ली गई राशि को आपकी आय में नहीं गिना जाता है।",एक आम गलती यह है कि ऋण या क्रेडिट को अर्जित धन मान लिया जाता है; यह आय नहीं है क्योंकि इसे चुकाना पड़ता है।,एनसीएफई,शुरुआत,उत्पन्न आणि पत यांच्यामध्ये काय फरक आहे?,"उत्पन्न म्हणजे तुम्ही कमावलेला पैसा, जसे की पगार किंवा मजुरी. क्रेडिट किंवा कर्ज म्हणजे असा पैसा जो तुम्हाला परत करावा लागतो, म्हणून ते उत्पन्न नाही. कर्जाची परतफेड हा एक खर्च असतो.","उत्पन्न म्हणजे तुमच्या टाकीत येणाऱ्या पाण्यासारखं आहे, तर कर्ज म्हणजे बादलीत घेतलेल्या पाण्यासारखं आहे, जे तुम्हाला नंतर परत करावं लागतं.","तुम्ही दरमहा 20,000 रुपये पगार (उत्पन्न) कमावता आणि 10,000 रुपये कर्ज (क्रेडिट) घेता, जे तुम्हाला परत करायचे आहे - कर्जाची रक्कम तुमच्या उत्पन्नात गणली जात नाही.",कर्ज किंवा क्रेडिटला कमावलेला पैसा समजणे ही एक सामान्य चूक आहे; ते उत्पन्न नाही कारण त्याची परतफेड करावी लागते.,एनसीएफई,नवशिक्या
When do we borrow money?,"We borrow when our expenditure is more than our income, during emergencies, or when we need money to start or run a business activity.",It is like calling a friend for a spare tyre when you get a puncture on the road - you borrow because you are stuck or short of what you need right then.,"Your monthly expenses are 15,000 but your income is 12,000, so you borrow to cover the shortfall, or you borrow to fund a new business.",People think any shortage of money is a good reason to borrow; but borrowing should be limited to genuine needs and productive purposes.,NCFE,beginner,हम पैसे कब उधार लेते हैं?,"हम तब उधार लेते हैं जब हमारा खर्च हमारी आय से अधिक होता है, आपात स्थिति में, या जब हमें कोई व्यवसाय शुरू करने या चलाने के लिए पैसे की आवश्यकता होती है।",यह ठीक वैसा ही है जैसे सड़क पर टायर पंचर होने पर किसी दोस्त से स्पेयर टायर मांगना - आप उधार लेते हैं क्योंकि आप फंस गए हैं या उस समय आपको जिस चीज की जरूरत है वह आपके पास नहीं है।,"आपके मासिक खर्च 15,000 हैं लेकिन आपकी आय 12,000 है, इसलिए आप कमी को पूरा करने के लिए उधार लेते हैं, या आप एक नए व्यवसाय को वित्त पोषित करने के लिए उधार लेते हैं।",लोग सोचते हैं कि पैसे की कमी होना कर्ज लेने का अच्छा कारण है; लेकिन कर्ज लेना केवल वास्तविक जरूरतों और उत्पादक उद्देश्यों तक ही सीमित होना चाहिए।,एनसीएफई,शुरुआत,आपण कर्ज केव्हा घेतो?,"जेव्हा आपला खर्च उत्पन्नापेक्षा जास्त असतो, आणीबाणीच्या परिस्थितीत, किंवा एखादा व्यवसाय सुरू करण्यासाठी वा चालवण्यासाठी पैशांची गरज असते, तेव्हा आपण कर्ज घेतो.",हे अगदी रस्त्यात गाडी पंक्चर झाल्यावर स्पेअर टायरसाठी मित्राला फोन करण्यासारखं आहे - तुम्ही अडकलेले असल्यामुळे किंवा त्या क्षणी गरजेची वस्तू कमी पडल्यामुळे त्याच्याकडून उधार घेता.,"तुमचा मासिक खर्च १५,००० आहे पण तुमचे उत्पन्न १२,००० आहे, म्हणून तुम्ही तूट भरून काढण्यासाठी किंवा नवीन व्यवसाय सुरू करण्यासाठी कर्ज घेता.","पैशांची कमतरता हे कर्ज घेण्यासाठी एक चांगले कारण आहे, असे लोकांना वाटते; परंतु कर्ज घेणे हे केवळ खऱ्या गरजा आणि उत्पादक हेतूंसाठीच मर्यादित असले पाहिजे.",एनसीएफई,नवशिक्या
Should we always borrow whenever we are short of money?,"No. Do not borrow for consumption needs like festivals, lavish weddings, jewellery or costly consumer goods. Pay for these from income or accumulated savings, or if forced to borrow, first assess how much you can repay.",Borrowing for consumption is like eating your seed grain today - you enjoy it now but have nothing left to plant and grow tomorrow.,"Instead of taking a loan for a grand wedding, you save up and spend only what your income and savings allow.","Many believe borrowing is fine for any big expense; in fact consumption loans bring no income, making repayment difficult and pulling you toward debt.",NCFE,beginner,क्या हमें पैसे की कमी होने पर हमेशा उधार लेना चाहिए?,"नहीं। त्योहारों, भव्य शादियों, आभूषणों या महंगी उपभोक्ता वस्तुओं जैसी उपभोग संबंधी जरूरतों के लिए उधार न लें। इन चीजों का भुगतान अपनी आय या संचित बचत से करें, या यदि उधार लेना ही पड़े, तो पहले यह आकलन करें कि आप कितना चुका सकते हैं।",उपभोग के लिए उधार लेना वैसा ही है जैसे आज अपने बीज खा लेना - आप इसका आनंद अभी तो ले लेते हैं लेकिन कल बोने और उगाने के लिए कुछ भी नहीं बचता।,"भव्य शादी के लिए ऋण लेने के बजाय, आप बचत करते हैं और केवल अपनी आय और बचत के अनुसार ही खर्च करते हैं।","बहुत से लोग मानते हैं कि किसी भी बड़े खर्च के लिए उधार लेना ठीक है; वास्तव में, उपभोग ऋण से कोई आय नहीं होती है, जिससे पुनर्भुगतान मुश्किल हो जाता है और आप कर्ज के जाल में फंस जाते हैं।",एनसीएफई,शुरुआत,"जेव्हा जेव्हा आपल्याकडे पैशांची कमतरता असेल, तेव्हा आपण नेहमीच कर्ज घ्यावे का?","नाही. सण, भव्य विवाहसोहळे, दागिने किंवा महागड्या वस्तू यांसारख्या उपभोग्य गरजांसाठी कर्ज घेऊ नका. यासाठी तुमच्या उत्पन्नातून किंवा जमा केलेल्या बचतीतून पैसे द्या, किंवा कर्ज घेणे भागच पडल्यास, तुम्ही किती परतफेड करू शकाल याचा आधी अंदाज घ्या.","उपभोगासाठी उधार घेणे म्हणजे आज तुमचे बियाणे खाण्यासारखे आहे - तुम्ही आज त्याचा आनंद घेता, पण उद्या पेरणी आणि लागवड करण्यासाठी तुमच्याकडे काहीच शिल्लक राहत नाही.","भव्य लग्नासाठी कर्ज घेण्याऐवजी, तुम्ही बचत करता आणि तुमचे उत्पन्न व बचत जेवढी परवानगी देते, तेवढाच खर्च करता.","अनेकांचा असा विश्वास आहे की कोणत्याही मोठ्या खर्चासाठी कर्ज घेणे ठीक आहे; वास्तविक पाहता, उपभोग कर्जातून कोणतेही उत्पन्न मिळत नाही, ज्यामुळे परतफेड करणे कठीण होते आणि ते तुम्हाला कर्जाच्या ओझ्याखाली खेचते.",एनसीएफई,नवशिक्या
Why is it advisable to borrow only for income generating activities?,"A loan must be repaid with interest, so you should borrow for activities that increase your income, allowing you to repay out of the earnings the activity generates.",Borrowing for an income generating activity is like renting land to grow crops - the harvest not only pays the rent but also leaves you a profit.,"You borrow 1,000 to buy seeds; the crop sells for 10,000, so you repay 1,100 (loan plus 100 interest) and keep 8,900 as extra income.",Some believe borrowing is bad in itself; the real point is to borrow for productive uses that can generate income to repay the loan.,NCFE,beginner,आय उत्पन्न करने वाली गतिविधियों के लिए ही ऋण लेना क्यों उचित है?,"ऋण ब्याज सहित चुकाना पड़ता है, इसलिए आपको उन गतिविधियों के लिए ऋण लेना चाहिए जिनसे आपकी आय में वृद्धि हो, जिससे आप उस गतिविधि से होने वाली कमाई से ऋण चुका सकें।","आय उत्पन्न करने वाली गतिविधि के लिए उधार लेना, फसल उगाने के लिए जमीन किराए पर लेने जैसा है - फसल न केवल किराया चुकाती है बल्कि आपको लाभ भी देती है।","आपने बीज खरीदने के लिए 1,000 रुपये उधार लिए; फसल 10,000 रुपये में बिकी, इसलिए आपने 1,100 रुपये (ऋण और 100 रुपये ब्याज) चुका दिए और 8,900 रुपये अतिरिक्त आय के रूप में रख लिए।",कुछ लोगों का मानना ​​है कि उधार लेना अपने आप में बुरा है; असली बात तो यह है कि उधार उत्पादक कार्यों के लिए लिया जाए जिससे आय उत्पन्न हो सके और ऋण चुकाया जा सके।,एनसीएफई,शुरुआत,केवळ उत्पन्न मिळवणाऱ्या कामांसाठीच कर्ज घेणे का उचित ठरते?,"कर्ज व्याजासहित फेडावे लागते, म्हणून तुम्ही अशा कामांसाठी कर्ज घ्यावे ज्यामुळे तुमचे उत्पन्न वाढेल आणि त्यातून मिळणाऱ्या कमाईतून तुम्हाला परतफेड करता येईल.","उत्पन्न मिळवणाऱ्या कामासाठी कर्ज घेणे हे पीक घेण्यासाठी जमीन भाड्याने घेण्यासारखे आहे - पिकातून मिळणाऱ्या उत्पन्नातून केवळ भाडेच फेडले जात नाही, तर नफाही मिळतो.","तुम्ही बियाणे खरेदी करण्यासाठी १,००० कर्ज घेता; पीक १०,००० ला विकले जाते, म्हणून तुम्ही १,१०० (कर्ज अधिक १०० व्याज) परतफेड करता आणि ८,९०० अतिरिक्त उत्पन्न म्हणून ठेवता.",काहींना वाटते की कर्ज घेणे मुळातच वाईट आहे; पण खरा उद्देश हा आहे की कर्जाची परतफेड करण्यासाठी उत्पन्न मिळवू शकणाऱ्या उत्पादक कामांसाठी कर्ज घ्यावे.,एनसीएफई,नवशिक्या
What is repaying capacity and why does it matter before borrowing?,"Repaying capacity is how much you can realistically repay out of your income. Before taking any loan you should always assess it, because the loan must be repaid with interest.","It is like checking how much weight a bridge can carry before driving a heavy truck onto it - if you overload it, it collapses.","Before taking a loan, you calculate that you can spare 2,000 a month from income, so you choose a loan whose installments fit within that.","People sometimes borrow up to the maximum offered without checking if their income can cover the repayments, which leads to default.",NCFE,beginner,ऋण चुकाने की क्षमता क्या है और ऋण लेने से पहले यह क्यों मायने रखती है?,"ऋण चुकाने की क्षमता वह राशि है जिसे आप अपनी आय से व्यावहारिक रूप से चुका सकते हैं। कोई भी ऋण लेने से पहले हमेशा उसका आकलन कर लें, क्योंकि ऋण ब्याज सहित चुकाना होता है।","यह ठीक वैसा ही है जैसे किसी पुल पर भारी ट्रक चलाने से पहले उसकी भार वहन क्षमता की जांच करना - यदि आप उस पर अधिक भार डालते हैं, तो वह ढह जाता है।","ऋण लेने से पहले, आप हिसाब लगाते हैं कि आप अपनी आय से प्रति माह 2,000 रुपये बचा सकते हैं, इसलिए आप ऐसा ऋण चुनते हैं जिसकी किश्तें उस सीमा के भीतर आती हों।","लोग कभी-कभी यह जांच किए बिना ही अधिकतम निर्धारित राशि तक ऋण ले लेते हैं कि उनकी आय पुनर्भुगतान को कवर कर पाएगी या नहीं, जिसके परिणामस्वरूप वे ऋण चुकाने में असमर्थ हो जाते हैं।",एनसीएफई,शुरुआत,परतफेड क्षमता म्हणजे काय आणि कर्ज घेण्यापूर्वी ती का महत्त्वाची असते?,"परतफेड क्षमता म्हणजे तुम्ही तुमच्या उत्पन्नातून प्रत्यक्षात किती परतफेड करू शकता. कोणतेही कर्ज घेण्यापूर्वी तुम्ही त्याचे नेहमी मूल्यांकन केले पाहिजे, कारण कर्जाची परतफेड व्याजासह करावी लागते.","हे म्हणजे एखाद्या पुलावर अवजड ट्रक चढवण्यापूर्वी तो किती वजन पेलू शकतो हे तपासण्यासारखे आहे - जर त्यावर क्षमतेपेक्षा जास्त भार टाकला, तर तो कोसळतो.","कर्ज घेण्यापूर्वी, तुम्ही हिशोब करता की तुम्ही तुमच्या उत्पन्नातून दरमहा २,००० रुपये बाजूला ठेवू शकता, आणि मग तुम्ही असे कर्ज निवडता ज्याचे हप्ते त्या मर्यादेत बसतील.","लोक कधीकधी आपले उत्पन्न परतफेडीसाठी पुरेसे आहे की नाही हे न तपासता, देऊ केलेल्या कमाल मर्यादेपर्यंत कर्ज घेतात, ज्यामुळे परतफेड चुकते.",एनसीएफई,नवशिक्या
What is a savings bank account with an inbuilt overdraft?,"It is a deposit account that saves your money and also lets you withdraw up to a small overdraft limit without separate documentation, providing timely money for emergencies.",It is like a wallet that normally holds your own cash but can temporarily stretch a little further when you have an urgent need.,"You keep your savings in the account and, when an emergency arises, draw on the overdraft limit instantly instead of arranging a fresh loan.",People assume a savings account only holds their own money; some savings accounts also include a small overdraft facility that works like a mini loan.,NCFE,beginner,इनबिल्ट ओवरड्राफ्ट वाला बचत खाता क्या होता है?,"यह एक डिपॉजिट अकाउंट है जो आपके पैसे को सुरक्षित रखता है और साथ ही आपको बिना किसी अलग दस्तावेज़ के एक छोटी ओवरड्राफ्ट सीमा तक पैसे निकालने की सुविधा भी देता है, जिससे आपात स्थितियों के लिए समय पर धन उपलब्ध हो जाता है।","यह एक ऐसे बटुए की तरह है जिसमें आमतौर पर आप अपनी नकदी रखते हैं, लेकिन जब आपको कोई अत्यावश्यक आवश्यकता होती है तो यह अस्थायी रूप से थोड़ी अधिक नकदी रखने की सुविधा प्रदान कर सकता है।","आप अपनी बचत को खाते में रखते हैं और आपात स्थिति आने पर, नया ऋण लेने की बजाय तुरंत ओवरड्राफ्ट सीमा का उपयोग कर सकते हैं।",लोग यह मान लेते हैं कि बचत खाते में केवल उनका अपना पैसा होता है; कुछ बचत खातों में एक छोटी ओवरड्राफ्ट सुविधा भी शामिल होती है जो एक मिनी लोन की तरह काम करती है।,एनसीएफई,शुरुआत,अंगभूत ओव्हरड्राफ्ट असलेले बचत बँक खाते म्हणजे काय?,"हे एक ठेव खाते आहे जे तुमचे पैसे वाचवते आणि तुम्हाला कोणत्याही वेगळ्या कागदपत्रांशिवाय थोड्या ओव्हरड्राफ्ट मर्यादेपर्यंत पैसे काढण्याची परवानगी देते, ज्यामुळे आपत्कालीन परिस्थितीत वेळेवर पैसे उपलब्ध होतात.","हे एका पाकिटासारखे आहे, ज्यात सहसा तुमची स्वतःची रोकड असते, पण तातडीची गरज पडल्यास ते तात्पुरते थोडे अधिक वापरता येते.","तुम्ही तुमची बचत खात्यात ठेवता आणि आपत्कालीन परिस्थिती उद्भवल्यास, नवीन कर्ज घेण्याऐवजी त्वरित ओव्हरड्राफ्ट मर्यादेचा वापर करता.",लोकांना वाटते की बचत खात्यात फक्त त्यांचे स्वतःचेच पैसे असतात; पण काही बचत खात्यांमध्ये एका छोट्या कर्जाप्रमाणे काम करणारी एक छोटी ओव्हरड्राफ्ट सुविधादेखील असते.,एनसीएफई,नवशिक्या
What are fixed deposits and recurring deposits?,A fixed deposit is money you save with the bank for a set period at a set interest rate. A recurring deposit is when you deposit a fixed amount regularly at intervals. Both help you build savings.,"A fixed deposit is like planting one large seed and waiting for it to grow, while a recurring deposit is like planting a small seed every month until you have a whole garden.","You put 50,000 in a fixed deposit for one year, or you save 1,000 every month in a recurring deposit to build a lump sum over time.",Some think deposits do not earn anything; in fact deposits earn interest and help accumulate savings safely.,NCFE,beginner,फिक्स्ड डिपॉजिट और रिकरिंग डिपॉजिट क्या होते हैं?,फिक्स्ड डिपॉजिट वह राशि है जिसे आप एक निश्चित अवधि के लिए निश्चित ब्याज दर पर बैंक में जमा करते हैं। रिकरिंग डिपॉजिट वह है जिसमें आप नियमित अंतराल पर एक निश्चित राशि जमा करते हैं। दोनों ही बचत बढ़ाने में सहायक होते हैं।,"एक निश्चित जमा राशि एक बड़ा बीज बोने और उसके बढ़ने का इंतजार करने की तरह है, जबकि एक आवर्ती जमा राशि हर महीने एक छोटा बीज बोने की तरह है जब तक कि आपके पास एक पूरा बगीचा न हो जाए।","आप एक साल के लिए 50,000 रुपये फिक्स्ड डिपॉजिट में जमा करते हैं, या आप आवर्ती जमा में हर महीने 1,000 रुपये बचाते हैं ताकि समय के साथ एकमुश्त राशि जमा हो सके।",कुछ लोगों का मानना ​​है कि जमा राशि पर कुछ भी नहीं मिलता; वास्तव में जमा राशि पर ब्याज मिलता है और इससे सुरक्षित रूप से बचत बढ़ाने में मदद मिलती है।,एनसीएफई,शुरुआत,मुदत ठेवी आणि आवर्ती ठेवी म्हणजे काय?,"मुदत ठेव म्हणजे तुम्ही बँकेत ठराविक कालावधीसाठी, ठराविक व्याजदराने जमा केलेली रक्कम. आवर्ती ठेव म्हणजे तुम्ही ठराविक अंतराने नियमितपणे एक निश्चित रक्कम जमा करता. या दोन्ही गोष्टी तुम्हाला बचत वाढवण्यासाठी मदत करतात.","मुदत ठेव म्हणजे एक मोठे बी लावून ते वाढण्याची वाट पाहण्यासारखे आहे, तर आवर्ती ठेव म्हणजे संपूर्ण बाग तयार होईपर्यंत दर महिन्याला एक लहान बी लावण्यासारखे आहे.","तुम्ही एका वर्षासाठी मुदत ठेवीमध्ये ५०,००० रुपये ठेवता, किंवा कालांतराने एकरकमी रक्कम जमा करण्यासाठी आवर्ती ठेवीमध्ये दरमहा १,००० रुपये वाचवता.","काहींना वाटते की ठेवींवर काहीच मिळत नाही; वास्तविक पाहता, ठेवींवर व्याज मिळते आणि त्या सुरक्षितपणे बचत जमा करण्यास मदत करतात.",एनसीएफई,नवशिक्या
How is an overdraft different from other loans like KCC and GCC?,"An overdraft is inbuilt in your savings account for emergencies and needs no separate documentation, while KCC and GCC are loans given for a specific income-generating purpose.","An overdraft is like a small emergency fund you can dip into anytime, whereas KCC or GCC are like project funds handed out for a stated job.","You use an inbuilt overdraft to pay an unexpected medical bill, but a Kisan Credit Card loan must be used for farming activities.","People assume all loans work the same way, but purpose-bound loans like KCC and GCC cannot be used for any random expense.",NCFE,beginner,"ओवरड्राफ्ट, केसीसी और जीसीसी जैसे अन्य ऋणों से किस प्रकार भिन्न है?","आपात स्थिति के लिए आपके बचत खाते में ओवरड्राफ्ट की सुविधा अंतर्निहित होती है और इसके लिए किसी अलग दस्तावेज़ की आवश्यकता नहीं होती है, जबकि केसीसी और जीसीसी विशिष्ट आय सृजन उद्देश्य के लिए दिए जाने वाले ऋण हैं।","ओवरड्राफ्ट एक छोटे आपातकालीन कोष की तरह है जिसका उपयोग आप कभी भी कर सकते हैं, जबकि केसीसी या जीसीसी किसी निर्दिष्ट कार्य के लिए दिए जाने वाले परियोजना कोष की तरह हैं।","आप अप्रत्याशित चिकित्सा बिल का भुगतान करने के लिए अंतर्निहित ओवरड्राफ्ट का उपयोग करते हैं, लेकिन किसान क्रेडिट कार्ड ऋण का उपयोग केवल कृषि गतिविधियों के लिए ही किया जाना चाहिए।","लोग मान लेते हैं कि सभी ऋण एक ही तरीके से काम करते हैं, लेकिन केसीसी और जीसीसी जैसे उद्देश्य-बद्ध ऋणों का उपयोग किसी भी आकस्मिक खर्च के लिए नहीं किया जा सकता है।",एनसीएफई,शुरुआत,ओव्हरड्राफ्ट हा केसीसी आणि जीसीसी सारख्या इतर कर्जांपेक्षा कसा वेगळा आहे?,"आपत्कालीन परिस्थितीसाठी तुमच्या बचत खात्यामध्ये ओव्हरड्राफ्टची सुविधा अंतर्भूत असते आणि त्यासाठी कोणत्याही वेगळ्या कागदपत्रांची आवश्यकता नसते, तर केसीसी आणि जीसीसी ही विशिष्ट उत्पन्न मिळवण्याच्या उद्देशाने दिली जाणारी कर्जे आहेत.","ओव्हरड्राफ्ट हा एका लहान आपत्कालीन निधीसारखा असतो, जो तुम्ही कधीही वापरू शकता, तर केसीसी किंवा जीसीसी हे एखाद्या विशिष्ट कामासाठी दिले जाणारे प्रकल्प निधी असतात.","तुम्ही अनपेक्षित वैद्यकीय बिल भरण्यासाठी इनबिल्ट ओव्हरड्राफ्ट वापरता, पण किसान क्रेडिट कार्ड कर्ज फक्त शेतीविषयक कामांसाठीच वापरले पाहिजे.","सर्व कर्जे एकाच प्रकारे काम करतात असे लोकांना वाटते, परंतु केसीसी (KCC) आणि जीसीसी (GCC) सारखी विशिष्ट हेतूसाठी घेतलेली कर्जे कोणत्याही सामान्य खर्चासाठी वापरता येत नाहीत.",एनसीएफई,नवशिक्या
What is the benefit of a small overdraft in a savings account?,"It gives you timely access to money for urgent, miscellaneous needs without going through separate loan documentation for a small amount.",It is like having a spare key kept aside so you are never locked out in an emergency.,"When an urgent repair comes up, you withdraw up to your overdraft limit immediately instead of waiting days for a loan to be approved.","Some believe urgent money always requires lengthy paperwork, but a small inbuilt overdraft avoids that for small amounts.",NCFE,beginner,बचत खाते में थोड़ी सी ओवरड्राफ्ट का क्या लाभ है?,"यह आपको छोटी रकम के लिए अलग से ऋण संबंधी दस्तावेज़ तैयार करने की प्रक्रिया से गुजरे बिना, तत्काल और विविध आवश्यकताओं के लिए समय पर धन प्राप्त करने की सुविधा प्रदान करता है।",यह एक अतिरिक्त चाबी रखने जैसा है ताकि आपात स्थिति में आप कभी भी बाहर बंद न हो जाएं।,"जब कोई अत्यावश्यक मरम्मत की आवश्यकता होती है, तो आप ऋण स्वीकृत होने के लिए कई दिनों तक प्रतीक्षा करने के बजाय तुरंत अपनी ओवरड्राफ्ट सीमा तक राशि निकाल सकते हैं।","कुछ लोगों का मानना ​​है कि आपातकालीन स्थिति में पैसे की जरूरत पड़ने पर हमेशा लंबी कागजी कार्रवाई करनी पड़ती है, लेकिन एक छोटा सा ओवरड्राफ्ट छोटी रकम के लिए इस प्रक्रिया से बचा लेता है।",एनसीएफई,शुरुआत,बचत खात्यातील छोट्या ओव्हरड्राफ्टचा काय फायदा असतो?,"यामुळे तुम्हाला लहान रकमेसाठी वेगळ्या कर्ज कागदपत्रांच्या प्रक्रियेतून न जाता, तातडीच्या आणि किरकोळ गरजांसाठी वेळेवर पैसे मिळतात.","हे म्हणजे जणू एक अतिरिक्त चावी बाजूला ठेवण्यासारखे आहे, जेणेकरून आपत्कालीन परिस्थितीत तुम्ही कधीही बाहेर अडकणार नाही.","जेव्हा तातडीची दुरुस्ती करावी लागते, तेव्हा कर्ज मंजूर होण्यासाठी काही दिवस वाट पाहण्याऐवजी तुम्ही ताबडतोब तुमच्या ओव्हरड्राफ्ट मर्यादेपर्यंत पैसे काढता.","काहींना वाटते की तातडीच्या पैशांसाठी नेहमीच लांबलचक कागदपत्रांची पूर्तता करावी लागते, परंतु लहान रकमेसाठी एक छोटा अंगभूत ओव्हरड्राफ्ट ही प्रक्रिया टाळतो.",एनसीएफई,नवशिक्या
Do you have to pay interest on an overdraft?,"Yes, because an overdraft is a loan given by the bank, so you pay interest on the amount you use.",It is like borrowing a cup of sugar from a neighbour and returning a slightly bigger cup in thanks.,"If you use ₹5,000 of your overdraft, you repay the ₹5,000 plus the applicable interest to the bank.","People think overdraft money is their own savings, but it is borrowed money that carries interest.",NCFE,beginner,क्या ओवरड्राफ्ट पर ब्याज देना पड़ता है?,"हां, क्योंकि ओवरड्राफ्ट बैंक द्वारा दिया गया एक ऋण है, इसलिए आप उपयोग की गई राशि पर ब्याज का भुगतान करते हैं।",यह ठीक वैसा ही है जैसे पड़ोसी से एक कप चीनी उधार लेना और बदले में धन्यवाद के रूप में उससे थोड़ा बड़ा कप लौटा देना।,"यदि आप अपने ओवरड्राफ्ट से ₹5,000 का उपयोग करते हैं, तो आपको बैंक को ₹5,000 के साथ-साथ लागू ब्याज भी चुकाना होगा।","लोग सोचते हैं कि ओवरड्राफ्ट का पैसा उनकी अपनी बचत है, लेकिन यह उधार लिया गया पैसा है जिस पर ब्याज लगता है।",एनसीएफई,शुरुआत,तुम्हाला ओव्हरड्राफ्टवर व्याज द्यावे लागते का?,"हो, कारण ओव्हरड्राफ्ट हे बँकेने दिलेले कर्ज असते, त्यामुळे तुम्ही वापरलेल्या रकमेवर व्याज द्यावे लागते.","हे अगदी शेजाऱ्याकडून एक कप साखर उसने घेऊन, आभार म्हणून त्याहून थोडा मोठा कप परत करण्यासारखे आहे.","तुम्ही तुमच्या ओव्हरड्राफ्टमधील ₹5,000 वापरल्यास, तुम्हाला बँकेला ₹5,000 अधिक लागू व्याज परत करावे लागेल.","लोकांना वाटते की ओव्हरड्राफ्टमधील पैसे ही त्यांची स्वतःची बचत आहे, पण प्रत्यक्षात ते व्याजासह घेतलेले उधार पैसे असतात.",एनसीएफई,नवशिक्या
Is repayment of a loan an expense?,"Yes, repayment of the installments of credit is an expense.","Just as paying a bill reduces your cash, repaying a loan installment also takes money out of your pocket.","When a ₹1,000 installment is due on your loan, that payment is an expense reducing your available money.","People think loan repayment builds wealth like income, but it is an outflow, i.e., an expense.",NCFE,beginner,क्या ऋण का पुनर्भुगतान एक व्यय है?,"हां, ऋण की किश्तों का भुगतान करना एक व्यय है।","जिस प्रकार बिल का भुगतान करने से आपकी नकदी कम हो जाती है, उसी प्रकार ऋण की किस्त चुकाने से भी आपकी जेब से पैसे निकल जाते हैं।","जब आपके ऋण की ₹1,000 की किस्त देय होती है, तो वह भुगतान एक व्यय होता है जो आपके उपलब्ध धन को कम कर देता है।","लोग सोचते हैं कि ऋण चुकाने से आय की तरह ही धन का निर्माण होता है, लेकिन यह एक बहिर्वाह है, यानी एक व्यय है।",एनसीएफई,शुरुआत,कर्जाची परतफेड करणे हा खर्च आहे का?,"हो, कर्जाच्या हप्त्यांची परतफेड करणे हा एक खर्च आहे.","ज्याप्रमाणे बिल भरल्याने तुमच्याकडील रोख रक्कम कमी होते, त्याचप्रमाणे कर्जाचा हप्ता फेडतानाही तुमच्या खिशातून पैसे खर्च होतात.","जेव्हा तुमच्या कर्जाचा ₹1,000 चा हप्ता देय होतो, तेव्हा ती रक्कम एक खर्च म्हणून तुमच्याकडील उपलब्ध पैसे कमी करते.","लोकांना वाटते की उत्पन्नाप्रमाणे कर्जाची परतफेड केल्याने संपत्ती वाढते, पण तो एक बहिर्वाह आहे, म्हणजेच एक खर्च आहे.",एनसीएफई,नवशिक्या
What is a debt trap and how do we fall into it?,"A debt trap is when you borrow again and again from different sources to repay earlier loans, and it damages you financially.",It is like digging a hole to fill another hole—the ground keeps sinking under you.,"If you take a new loan each month just to pay the previous installment, you fall into a debt trap with growing interest.","People think borrowing more to repay old loans solves the problem, but it only deepens the debt trap.",NCFE,beginner,कर्ज का जाल क्या होता है और हम इसमें कैसे फंस जाते हैं?,"कर्ज का जाल तब होता है जब आप पहले के ऋणों को चुकाने के लिए अलग-अलग स्रोतों से बार-बार उधार लेते हैं, और यह आपको आर्थिक रूप से नुकसान पहुंचाता है।",यह एक गड्ढे को भरने के लिए दूसरा गड्ढा खोदने जैसा है—जमीन आपके नीचे धंसती ही रहती है।,"यदि आप पिछली किस्त चुकाने के लिए हर महीने नया ऋण लेते हैं, तो आप बढ़ते ब्याज के साथ कर्ज के जाल में फंस जाते हैं।","लोग सोचते हैं कि पुराने ऋणों को चुकाने के लिए और अधिक उधार लेने से समस्या हल हो जाती है, लेकिन इससे कर्ज का जाल और भी गहरा हो जाता है।",एनसीएफई,शुरुआत,कर्जाचा सापळा म्हणजे काय आणि आपण त्यात कसे अडकतो?,कर्जाचा सापळा म्हणजे जेव्हा तुम्ही आधी घेतलेली कर्जे फेडण्यासाठी वेगवेगळ्या स्रोतांकडून पुन्हा पुन्हा कर्ज घेता आणि त्यामुळे तुमचे आर्थिक नुकसान होते.,हे म्हणजे एक खड्डा भरण्यासाठी दुसरा खड्डा खोदण्यासारखे आहे—तुमच्या पायाखालची जमीन सतत खचत राहते.,"जर तुम्ही फक्त आधीचा हप्ता भरण्यासाठी दर महिन्याला नवीन कर्ज घेत असाल, तर तुम्ही वाढत्या व्याजाच्या कर्जजाळ्यात अडकता.","जुनी कर्जे फेडण्यासाठी अधिक कर्ज घेतल्याने समस्या सुटते असे लोकांना वाटते, पण त्यामुळे कर्जाचा सापळा अधिकच घट्ट होतो.",एनसीएफई,नवशिक्या
How should we assess our repaying capacity before borrowing?,"Before borrowing, always assess how much you can repay from your current or future income.",It is like checking the load a bridge can bear before driving a truck across it.,"Before taking a loan, calculate that your expected income from the activity will comfortably cover both the principal and the interest.","Some borrow based on want rather than ability, ignoring whether they can actually repay the installments.",NCFE,beginner,कर्ज लेने से पहले हमें अपनी चुकाने की क्षमता का आकलन कैसे करना चाहिए?,"ऋण लेने से पहले, हमेशा यह आकलन करें कि आप अपनी वर्तमान या भविष्य की आय से कितना चुका सकते हैं।",यह ठीक वैसा ही है जैसे किसी पुल पर ट्रक चलाने से पहले उसकी भार वहन क्षमता की जांच करना।,"ऋण लेने से पहले, यह गणना कर लें कि उस गतिविधि से होने वाली आपकी अपेक्षित आय मूलधन और ब्याज दोनों को आसानी से कवर कर लेगी।","कुछ लोग अपनी क्षमता के बजाय जरूरत के आधार पर कर्ज लेते हैं, इस बात की परवाह किए बिना कि वे वास्तव में किश्तों को चुका पाएंगे या नहीं।",एनसीएफई,शुरुआत,कर्ज घेण्यापूर्वी आपण आपल्या परतफेडीच्या क्षमतेचे मूल्यांकन कसे केले पाहिजे?,"कर्ज घेण्यापूर्वी, तुम्ही तुमच्या सध्याच्या किंवा भविष्यातील उत्पन्नातून किती परतफेड करू शकता याचे नेहमी मूल्यांकन करा.","हे म्हणजे, एखाद्या पुलावरून ट्रक नेण्यापूर्वी तो किती भार सहन करू शकतो हे तपासण्यासारखेच आहे.","कर्ज घेण्यापूर्वी, तुमच्या व्यवसायातून मिळणारे अपेक्षित उत्पन्न मुद्दल आणि व्याज दोन्ही सहजपणे भागवेल याची खात्री करा.","काही लोक हप्त्यांची परतफेड करू शकतील की नाही याकडे दुर्लक्ष करून, क्षमतेऐवजी इच्छेपोटी कर्ज घेतात.",एनसीएफई,नवशिक्या
What is a loan?,"A loan is money that a bank or other lender gives you with the agreement that you will pay it back later, usually with extra money called interest.","A loan is like borrowing a cup of sugar from a neighbor, but you promise to return a little extra sugar to say thank you for the help.","Ravi borrows 10,000 rupees from a bank to buy a sewing machine. He pays it back bit by bit each month, plus a small extra amount as interest.","Many people think a loan is free money you only need to pay back the same amount. In reality, you must repay the loan plus interest.",NCFE,beginner,ऋण क्या होता है?,"ऋण वह धनराशि है जो बैंक या अन्य ऋणदाता आपको इस समझौते के साथ देता है कि आप इसे बाद में चुकाएंगे, आमतौर पर ब्याज नामक अतिरिक्त धनराशि के साथ।","ऋण लेना पड़ोसी से एक कप चीनी उधार लेने जैसा है, लेकिन आप मदद के लिए धन्यवाद के रूप में थोड़ी अतिरिक्त चीनी लौटाने का वादा करते हैं।","रवि सिलाई मशीन खरीदने के लिए बैंक से 10,000 रुपये उधार लेता है। वह हर महीने थोड़ी-थोड़ी रकम चुकाता है, साथ ही ब्याज के रूप में एक छोटी अतिरिक्त राशि भी देता है।","बहुत से लोग सोचते हैं कि ऋण मुफ्त का पैसा है जिसे आपको केवल उतनी ही राशि वापस चुकानी होती है। वास्तविकता में, आपको ऋण के साथ ब्याज भी चुकाना पड़ता है।",एनसीएफई,शुरुआत,कर्ज म्हणजे काय असते?,"कर्ज म्हणजे अशी रक्कम जी बँक किंवा इतर सावकार तुम्हाला या करारावर देतात की तुम्ही ती नंतर परतफेड कराल, सहसा व्याज नावाच्या अतिरिक्त रकमेसह.","कर्ज घेणे म्हणजे शेजाऱ्याकडून एक कप साखर उसने घेण्यासारखे आहे, पण मदतीबद्दल आभार मानण्यासाठी तुम्ही थोडी जास्त साखर परत देण्याचे वचन देता.","रवी शिलाई मशीन घेण्यासाठी बँकेकडून १०,००० रुपये कर्ज घेतो. तो दर महिन्याला थोडे थोडे करून, त्यावर व्याजापोटी थोडी अतिरिक्त रक्कम देऊन ते कर्ज फेडतो.","बऱ्याच लोकांना वाटते की कर्ज म्हणजे फुकट मिळालेला पैसा आहे, जो फक्त तेवढीच रक्कम परत करावी लागते. पण प्रत्यक्षात, तुम्हाला कर्जाची परतफेड व्याजासहित करावी लागते.",एनसीएफई,नवशिक्या
Why should we borrow only within limits?,"Because every loan must be repaid with interest, so you should only borrow an amount you can comfortably repay from your income.",Borrowing within limits is like only carrying a backpack you can actually lift without falling over.,"Priya checks her monthly saving. Her loan installment is 2,000 rupees and her monthly saving is 3,000 rupees, so she can safely repay it.","A common mistake is believing that if the bank approves a large loan, you can automatically afford it. Approval does not mean it fits your budget.",NCFE,beginner,हमें सीमित दायरे में ही उधार क्यों लेना चाहिए?,"क्योंकि हर ऋण को ब्याज सहित चुकाना पड़ता है, इसलिए आपको उतनी ही राशि उधार लेनी चाहिए जिसे आप अपनी आय से आसानी से चुका सकें।",सीमित मात्रा में उधार लेना ठीक वैसा ही है जैसे केवल उतना ही बैग लेकर चलना जिसे आप बिना गिरे उठा सकें।,"प्रिया अपनी मासिक बचत की जाँच करती है। उसकी ऋण की किस्त 2,000 रुपये है और उसकी मासिक बचत 3,000 रुपये है, इसलिए वह इसे आसानी से चुका सकती है।","एक आम गलती यह मानना ​​है कि अगर बैंक बड़ा लोन मंज़ूर कर देता है, तो आप उसे आसानी से चुका सकते हैं। मंज़ूरी का मतलब यह नहीं है कि वह आपके बजट में फिट बैठता है।",एनसीएफई,शुरुआत,आपण केवळ मर्यादेतच कर्ज का घ्यावे?,"प्रत्येक कर्ज व्याजासहित फेडावे लागत असल्यामुळे, तुम्ही तुमच्या उत्पन्नातून सहजपणे फेडू शकाल तेवढीच रक्कम कर्ज म्हणून घ्यावी.","मर्यादेतच कर्ज घेणे म्हणजे, न पडता उचलता येईल अशीच बॅग बाळगण्यासारखे आहे.","प्रिया तिची मासिक बचत तपासते. तिच्या कर्जाचा हप्ता २,००० रुपये आहे आणि तिची मासिक बचत ३,००० रुपये आहे, त्यामुळे ती कर्जाची परतफेड सुरक्षितपणे करू शकते.","बँकेने मोठे कर्ज मंजूर केले म्हणजे ते आपल्याला आपोआप परवडेल, असा समज करून घेणे ही एक सामान्य चूक आहे. मंजुरी मिळाली म्हणजे ते कर्ज तुमच्या बजेटमध्ये बसेलच असे नाही.",एनसीएफई,नवशिक्या
How do you check whether you can repay a loan?,"Look at your monthly income, expenses and savings. Your savings should be more than the monthly loan repayment installment.",It is like checking the water in a tank before pouring more in; you only pour if there is room to spare.,"Amit earns 20,000, spends 15,000, and saves 5,000 per month. If his loan installment is 4,000, it is affordable because saving is higher.",People often ignore their savings and borrow based only on income. What matters is what is left after expenses.,NCFE,beginner,आप यह कैसे जांच सकते हैं कि आप ऋण चुकाने में सक्षम हैं या नहीं?,"अपनी मासिक आय, खर्च और बचत पर नज़र डालें। आपकी बचत मासिक ऋण भुगतान की किस्त से अधिक होनी चाहिए।",यह ठीक वैसे ही है जैसे किसी टंकी में और पानी डालने से पहले उसमें पानी की मात्रा की जांच करना; आप तभी पानी डालते हैं जब उसमें जगह बची हो।,"अमित हर महीने 20,000 कमाता है, 15,000 खर्च करता है और 5,000 बचाता है। यदि उसकी ऋण किस्त 4,000 है, तो वह इसे आसानी से चुका सकता है क्योंकि उसकी बचत अधिक है।",लोग अक्सर अपनी बचत को नज़रअंदाज़ कर देते हैं और केवल आय के आधार पर ही ऋण लेते हैं। महत्वपूर्ण यह है कि खर्चों के बाद कितना पैसा बचता है।,एनसीएफई,शुरुआत,तुम्ही कर्ज फेडू शकाल की नाही हे कसे तपासाल?,"तुमचे मासिक उत्पन्न, खर्च आणि बचत यांचा आढावा घ्या. तुमची बचत कर्जाच्या मासिक परतफेडीच्या हप्त्यापेक्षा जास्त असली पाहिजे.",हे अगदी टाकीत अधिक पाणी ओतण्यापूर्वी ते तपासण्यासारखे आहे; जागा शिल्लक असेल तरच पाणी ओतले जाते.,"अमित दरमहा २०,००० कमावतो, १५,००० खर्च करतो आणि ५,००० वाचवतो. जर त्याच्या कर्जाचा हप्ता ४,००० असेल, तर तो त्याला परवडणारा आहे कारण त्याची बचत जास्त आहे.",लोक अनेकदा आपल्या बचतीकडे दुर्लक्ष करतात आणि केवळ उत्पन्नाच्या आधारावर कर्ज घेतात. महत्त्वाचे हे आहे की खर्च वजा केल्यावर काय शिल्लक राहते.,एनसीएफई,नवशिक्या
Why take a loan from a bank instead of a money lender?,"A bank is safer, more reliable and more transparent, and it charges lower interest than informal sources like money lenders, relatives or friends.",Choosing a bank over a money lender is like buying medicine from a licensed pharmacy instead of an unverified street seller.,"Sunita needs 50,000 rupees. A money lender offers it at very high interest with no papers, while the bank offers lower interest and a clear written agreement.","People think informal sources are always better because they give money quickly, but the high interest and lack of records often hurt the borrower.",NCFE,beginner,साहूकार से ऋण लेने के बजाय बैंक से ऋण क्यों लें?,"बैंक अनौपचारिक स्रोतों जैसे साहूकारों, रिश्तेदारों या दोस्तों की तुलना में अधिक सुरक्षित, अधिक विश्वसनीय और अधिक पारदर्शी होता है, और यह कम ब्याज दर वसूलता है।",किसी साहूकार के बजाय बैंक को चुनना वैसा ही है जैसे किसी अज्ञात सड़क विक्रेता के बजाय लाइसेंस प्राप्त फार्मेसी से दवा खरीदना।,"सुनीता को 50,000 रुपये की आवश्यकता है। एक साहूकार बिना कागजात के बहुत अधिक ब्याज दर पर ऋण देने की पेशकश करता है, जबकि बैंक कम ब्याज दर और एक स्पष्ट लिखित समझौते के साथ ऋण प्रदान करता है।","लोग सोचते हैं कि अनौपचारिक स्रोत हमेशा बेहतर होते हैं क्योंकि वे जल्दी पैसा देते हैं, लेकिन उच्च ब्याज दर और रिकॉर्ड की कमी अक्सर उधारकर्ता को नुकसान पहुंचाती है।",एनसीएफई,शुरुआत,सावकाराऐवजी बँकेकडून कर्ज का घ्यावे?,"सावकार, नातेवाईक किंवा मित्र यांसारख्या अनौपचारिक स्रोतांपेक्षा बँक अधिक सुरक्षित, अधिक विश्वासार्ह आणि अधिक पारदर्शक असते, तसेच ती कमी व्याजदर आकारते.","सावकाराऐवजी बँकेची निवड करणे म्हणजे, रस्त्यावरील एखाद्या अप्रमाणित विक्रेत्याऐवजी परवानाधारक औषधविक्रेत्याकडून औषध विकत घेण्यासारखे आहे.","सुनीताला ५०,००० रुपयांची गरज आहे. एक सावकार कोणत्याही कागदपत्रांशिवाय खूप जास्त व्याजदराने ते पैसे देऊ करतो, तर बँक कमी व्याजदराने आणि स्पष्ट लेखी करारासह पैसे देते.","लोकांना वाटते की अनौपचारिक स्रोत नेहमीच चांगले असतात कारण त्यातून लवकर पैसे मिळतात, परंतु जास्त व्याजदर आणि नोंदींचा अभाव यामुळे अनेकदा कर्जदाराचे नुकसान होते.",एनसीएफई,नवशिक्या
What is the Grievance Redressal Mechanism of banks?,"It is the system through which you can complain to a bank's Grievance Redressal Officer if there is a dispute, and escalate to the Banking Ombudsman if you are not satisfied.","It is like a customer complaint counter at a shop that will help settle your problem, and a higher authority you can approach if the counter fails.","Meena has a dispute about loan charges. She first complains to the bank's Grievance Redressal Officer, and later to the Banking Ombudsman when unsatisfied.","Some think complaints go unheard, but banks are regulated and must provide a proper mechanism, including escalation to the Banking Ombudsman.",NCFE,beginner,बैंकों की शिकायत निवारण प्रणाली क्या है?,"यह वह प्रणाली है जिसके माध्यम से आप किसी विवाद की स्थिति में बैंक के शिकायत निवारण अधिकारी से शिकायत कर सकते हैं, और संतुष्ट न होने पर बैंकिंग लोकपाल से संपर्क कर सकते हैं।","यह किसी दुकान में मौजूद ग्राहक शिकायत काउंटर की तरह है जो आपकी समस्या का समाधान करने में मदद करेगा, और अगर काउंटर पर समस्या हल नहीं होती है तो आप उच्च अधिकारी से संपर्क कर सकते हैं।","मीना को ऋण शुल्क को लेकर विवाद है। वह पहले बैंक के शिकायत निवारण अधिकारी से शिकायत करती है, और संतुष्ट न होने पर बाद में बैंकिंग लोकपाल से संपर्क करती है।","कुछ लोगों का मानना ​​है कि शिकायतों पर ध्यान नहीं दिया जाता, लेकिन बैंक विनियमित होते हैं और उन्हें एक उचित तंत्र प्रदान करना चाहिए, जिसमें बैंकिंग लोकपाल के पास मामला ले जाने की व्यवस्था भी शामिल है।",एनसीएफई,शुरुआत,बँकांची तक्रार निवारण यंत्रणा काय आहे?,"ही अशी प्रणाली आहे, ज्याद्वारे वाद निर्माण झाल्यास तुम्ही बँकेच्या तक्रार निवारण अधिकाऱ्याकडे तक्रार करू शकता आणि असमाधानी असल्यास बँकिंग लोकपालाकडे प्रकरण पुढे नेऊ शकता.","हे एखाद्या दुकानातील ग्राहक तक्रार निवारण केंद्रासारखे आहे, जे तुमची समस्या सोडवण्यास मदत करेल, आणि जर ते अयशस्वी ठरले तर तुम्ही वरिष्ठ अधिकाऱ्याकडे दाद मागू शकता.",मीनाचा कर्ज शुल्काबाबत वाद आहे. ती प्रथम बँकेच्या तक्रार निवारण अधिकाऱ्याकडे तक्रार करते आणि असमाधानी झाल्यावर नंतर बँकिंग लोकपालाकडे तक्रार करते.,"काहींना वाटते की तक्रारी ऐकल्या जात नाहीत, परंतु बँका नियमनाखाली असतात आणि त्यांनी बँकिंग लोकपालाकडे प्रकरण पुढे नेण्यासह एक योग्य यंत्रणा उपलब्ध करून दिली पाहिजे.",एनसीएफई,नवशिक्या
Who is the Banking Ombudsman?,The Banking Ombudsman is an official of the Reserve Bank of India who handles complaints against banks when a customer is not satisfied with the bank's own resolution.,The Banking Ombudsman is like a referee in a game who steps in when players cannot agree fairly.,"If a bank does not resolve Ramesh's complaint, he can file it with the Banking Ombudsman of the Reserve Bank of India.","People sometimes think the Ombudsman is part of the bank. Actually, it belongs to the Reserve Bank of India and is independent of the bank.",NCFE,beginner,बैंकिंग लोकपाल कौन है?,बैंकिंग लोकपाल भारतीय रिजर्व बैंक का एक अधिकारी होता है जो बैंकों के खिलाफ शिकायतों को संभालता है जब कोई ग्राहक बैंक के अपने समाधान से संतुष्ट नहीं होता है।,बैंकिंग लोकपाल एक खेल में रेफरी की तरह होता है जो तब हस्तक्षेप करता है जब खिलाड़ी निष्पक्ष रूप से सहमत नहीं हो पाते हैं।,"यदि कोई बैंक रमेश की शिकायत का समाधान नहीं करता है, तो वह इसे भारतीय रिजर्व बैंक के बैंकिंग लोकपाल के पास दर्ज करा सकता है।","लोग अक्सर सोचते हैं कि लोकपाल बैंक का ही एक हिस्सा है। वास्तव में, यह भारतीय रिजर्व बैंक के अंतर्गत आता है और बैंक से स्वतंत्र होता है।",एनसीएफई,शुरुआत,बँकिंग लोकपाल कोण आहेत?,"बँकिंग लोकपाल हे भारतीय रिझर्व्ह बँकेचे एक अधिकारी आहेत, जे बँकेने दिलेल्या निर्णयावर ग्राहक समाधानी नसल्यास बँकांविरुद्धच्या तक्रारी हाताळतात.","बँकिंग लोकपाल हा एखाद्या खेळातील पंचासारखा असतो, जो खेळाडूंमध्ये योग्य एकमत होत नसताना हस्तक्षेप करतो.","जर बँकेने रमेशच्या तक्रारीचे निराकरण केले नाही, तर तो भारतीय रिझर्व्ह बँकेच्या बँकिंग लोकपालाकडे तक्रार दाखल करू शकतो.","लोकांना कधीकधी वाटते की लोकपाल हा बँकेचाच एक भाग आहे. वास्तविक पाहता, ते भारतीय रिझर्व्ह बँकेच्या अखत्यारीत येते आणि बँकेपासून स्वतंत्र आहे.",एनसीएफई,नवशिक्या
Why do informal sources like money lenders have no grievance redressal mechanism?,"Because informal sources are not regulated entities, there is no official system to handle complaints, and there is a lack of transparency in terms and records.","It is like buying from an unregistered seller with no receipt; if something goes wrong, there is no one official to turn to.","Karan borrows from a money lender with no written record. When a dispute arises, there is no officer or authority he can complain to.","Some believe informal lenders are accountable like banks, but they are unregulated and offer no formal complaint process.",NCFE,beginner,साहूकारों जैसे अनौपचारिक स्रोतों में शिकायत निवारण तंत्र क्यों नहीं होता?,"क्योंकि अनौपचारिक स्रोत विनियमित संस्थाएं नहीं हैं, इसलिए शिकायतों के निपटान के लिए कोई आधिकारिक प्रणाली नहीं है, और नियमों और अभिलेखों में पारदर्शिता की कमी है।","यह किसी गैर-पंजीकृत विक्रेता से बिना रसीद के सामान खरीदने जैसा है; अगर कुछ गड़बड़ हो जाती है, तो मदद के लिए कोई आधिकारिक संस्था मौजूद नहीं होती।","करण एक ऐसे साहूकार से पैसे उधार लेता है जिसका कोई लिखित रिकॉर्ड नहीं है। विवाद उत्पन्न होने पर, शिकायत करने के लिए उसके पास कोई अधिकारी या प्राधिकरण नहीं है।","कुछ लोगों का मानना ​​है कि अनौपचारिक ऋणदाता बैंकों की तरह जवाबदेह होते हैं, लेकिन वे अनियमित होते हैं और कोई औपचारिक शिकायत प्रक्रिया प्रदान नहीं करते हैं।",एनसीएफई,शुरुआत,सावकारांसारख्या अनौपचारिक स्रोतांकडे तक्रार निवारण यंत्रणा का नसते?,"अनौपचारिक स्रोत हे नियमन केलेले घटक नसल्यामुळे, तक्रारी हाताळण्यासाठी कोणतीही अधिकृत प्रणाली नाही आणि अटी व नोंदींमध्ये पारदर्शकतेचा अभाव आहे.","हे पावतीशिवाय एखाद्या नोंदणी नसलेल्या विक्रेत्याकडून खरेदी करण्यासारखे आहे; जर काही चूक झाली, तर दाद मागण्यासाठी कोणीही अधिकृत व्यक्ती नसते.","करण कोणत्याही लेखी नोंदीशिवाय सावकाराकडून कर्ज घेतो. जेव्हा वाद निर्माण होतो, तेव्हा तो कोणाकडेही तक्रार करू शकत नाही.","काहींना वाटते की अनौपचारिक कर्जदाते बँकांप्रमाणेच उत्तरदायी असतात, परंतु ते अनियंत्रित असतात आणि त्यांच्याकडे कोणतीही औपचारिक तक्रार प्रक्रिया नसते.",एनसीएफई,नवशिक्या
Why do banks sometimes take longer than money lenders to give a loan?,"Banks collect public deposits and lend that money, so they carefully check and document each loan to protect depositors and borrowers.","It is like a careful driver checking everything before a trip, which takes longer but is much safer.","A money lender gives a loan in an hour, while the bank takes a few days to verify Suresh's documents and proposal, protecting both sides.","People think the delay means banks are inefficient, but the scrutiny actually protects depositors and borrowers from being cheated.",NCFE,beginner,बैंक कभी-कभी साहूकारों की तुलना में ऋण देने में अधिक समय क्यों लेते हैं?,"बैंक जनता से जमा राशि एकत्र करते हैं और उस धन को उधार देते हैं, इसलिए वे जमाकर्ताओं और उधारकर्ताओं की सुरक्षा के लिए प्रत्येक ऋण की सावधानीपूर्वक जांच और दस्तावेजीकरण करते हैं।","यह ठीक वैसे ही है जैसे कोई सावधान ड्राइवर यात्रा से पहले हर चीज की जांच कर लेता है, जिसमें समय तो लगता है लेकिन यह कहीं अधिक सुरक्षित होता है।","एक साहूकार एक घंटे में ऋण दे देता है, जबकि बैंक सुरेश के दस्तावेजों और प्रस्ताव को सत्यापित करने में कुछ दिन लेता है, जिससे दोनों पक्षों की सुरक्षा होती है।","लोगों को लगता है कि देरी का मतलब है कि बैंक अक्षम हैं, लेकिन वास्तव में यह जांच जमाकर्ताओं और उधारकर्ताओं को धोखाधड़ी से बचाती है।",एनसीएफई,शुरुआत,बँका कधीकधी सावकारांपेक्षा कर्ज द्यायला जास्त वेळ का घेतात?,"बँका जनतेच्या ठेवी गोळा करतात आणि त्या पैशांचे कर्ज देतात, त्यामुळे ठेवीदार आणि कर्जदारांचे संरक्षण करण्यासाठी त्या प्रत्येक कर्जाची काळजीपूर्वक तपासणी करतात आणि त्याची नोंद ठेवतात.","हे एखाद्या सावध चालकासारखे आहे जो प्रवासाला निघण्यापूर्वी सर्व काही तपासतो, ज्याला जास्त वेळ लागतो पण ते अधिक सुरक्षित असते.","सावकार एका तासात कर्ज देतो, तर बँक सुरेशची कागदपत्रे आणि प्रस्ताव पडताळण्यासाठी काही दिवस घेते, ज्यामुळे दोन्ही पक्षांचे संरक्षण होते.","लोकांना वाटते की या विलंबामुळे बँका अकार्यक्षम आहेत, पण वास्तविक पाहता ही छाननी ठेवीदार आणि कर्जदारांना फसवणुकीपासून वाचवते.",एनसीएफई,नवशिक्या
What types of loans do banks offer?,"Banks offer loans for many purposes such as housing, education, agriculture, starting a business, and consumption needs.","A bank with many loan types is like a restaurant with a full menu, serving whatever your need may be.","Anita takes an education loan, her brother takes a housing loan, and their father takes an agriculture loan, all from the same bank.","Some think banks only lend for business. Actually, banks meet all types of loan requirements, from housing to consumption.",NCFE,beginner,बैंक किस प्रकार के ऋण प्रदान करते हैं?,"बैंक आवास, शिक्षा, कृषि, व्यवसाय शुरू करने और उपभोग संबंधी जरूरतों जैसे कई उद्देश्यों के लिए ऋण प्रदान करते हैं।","कई प्रकार के ऋण प्रदान करने वाला बैंक एक ऐसे रेस्तरां की तरह है जिसमें संपूर्ण मेनू उपलब्ध होता है, जो आपकी हर आवश्यकता को पूरा करता है।","अनीता एक ही बैंक से शिक्षा ऋण लेती है, उसका भाई आवास ऋण लेता है और उनके पिता कृषि ऋण लेते हैं।","कुछ लोगों का मानना ​​है कि बैंक केवल व्यावसायिक उद्देश्यों के लिए ही ऋण देते हैं। वास्तव में, बैंक आवास से लेकर उपभोग तक, सभी प्रकार की ऋण आवश्यकताओं को पूरा करते हैं।",एनसीएफई,शुरुआत,बँका कोणत्या प्रकारचे कर्ज देतात?,"बँका घर, शिक्षण, शेती, व्यवसाय सुरू करणे आणि उपभोगाच्या गरजा यांसारख्या अनेक कारणांसाठी कर्ज देतात.","विविध प्रकारची कर्जे देणारी बँक म्हणजे एखाद्या रेस्टॉरंटसारखी असते, जिथे संपूर्ण मेनू उपलब्ध असतो आणि तुमची कोणतीही गरज पूर्ण केली जाते.","अनिता एकाच बँकेकडून शैक्षणिक कर्ज, तिचा भाऊ गृहकर्ज आणि त्यांचे वडील शेतीसाठी कर्ज घेतात.","काहींना वाटते की बँका फक्त व्यवसायासाठीच कर्ज देतात. वास्तविक पाहता, बँका घरबांधणीपासून ते उपभोग्य वस्तूंपर्यंत सर्व प्रकारच्या कर्जांची पूर्तता करतात.",एनसीएफई,नवशिक्या
How can I check whether it is safe to take a loan?,"Compare your monthly income, expenses and saving. Your saving should be more than the monthly loan repayment installment before you borrow.",It is like checking you have spare water in the tank before you take on a tap that keeps running every month.,"If you save 5,000 rupees a month and the loan installment is 3,000 rupees, the loan is within your limits.","People think any loan is fine as long as a lender is willing to give it. In reality, you must be able to repay it out of your income.",NCFE,beginner,मैं यह कैसे जांच सकता हूं कि ऋण लेना सुरक्षित है या नहीं?,"अपनी मासिक आय, खर्च और बचत की तुलना करें। ऋण लेने से पहले आपकी बचत मासिक ऋण चुकौती राशि से अधिक होनी चाहिए।",यह ठीक वैसा ही है जैसे हर महीने लगातार चलने वाले नल को बंद करने से पहले यह जांच लेना कि टैंक में अतिरिक्त पानी है या नहीं।,"यदि आप प्रति माह 5,000 रुपये बचाते हैं और ऋण की किस्त 3,000 रुपये है, तो ऋण आपकी सीमा के भीतर है।","लोग सोचते हैं कि जब तक ऋणदाता ऋण देने को तैयार है, तब तक कोई भी ऋण ठीक है। वास्तविकता में, आपको अपनी आय से ऋण चुकाने में सक्षम होना चाहिए।",एनसीएफई,शुरुआत,कर्ज घेणे सुरक्षित आहे की नाही हे मी कसे तपासू शकेन?,"तुमचे मासिक उत्पन्न, खर्च आणि बचत यांची तुलना करा. कर्ज घेण्यापूर्वी तुमची बचत मासिक कर्ज परतफेडीच्या हप्त्यापेक्षा जास्त असली पाहिजे.",हे अगदी दर महिन्याला चालू होणारा नळ बसवण्यापूर्वी टाकीत पुरेसे पाणी आहे की नाही हे तपासण्यासारखे आहे.,"जर तुम्ही दरमहा ५,००० रुपये वाचवत असाल आणि कर्जाचा हप्ता ३,००० रुपये असेल, तर कर्ज तुमच्या आवाक्यात आहे.","जोपर्यंत कर्जदाता कर्ज देण्यास तयार असतो, तोपर्यंत कोणतेही कर्ज चालते, असे लोकांना वाटते. पण प्रत्यक्षात, तुम्हाला ते कर्ज तुमच्या उत्पन्नातून फेडता आले पाहिजे.",एनसीएफई,नवशिक्या
Why should borrowing be done within limits?,"Every loan must be repaid with interest, so you should borrow only what your income can repay; otherwise you may have to borrow again to repay earlier loans.","It is like borrowing a bucket of grain and having to return more than a bucket, so you only borrow what your harvest can cover.",A farmer who borrows more than his crop earnings can repay may be forced to take a second loan to pay the first.,"Some think borrowing more always increases income. Actually, over-borrowing can trap you in a cycle of debt.",NCFE,beginner,उधार सीमित मात्रा में ही क्यों लेना चाहिए?,"हर ऋण ब्याज सहित चुकाना पड़ता है, इसलिए आपको उतना ही उधार लेना चाहिए जितना आपकी आय चुकाने के लिए पर्याप्त हो; अन्यथा आपको पहले के ऋणों को चुकाने के लिए दोबारा उधार लेना पड़ सकता है।","यह अनाज की एक बाल्टी उधार लेने और उससे अधिक लौटाने जैसा है, इसलिए आप केवल उतना ही उधार लेते हैं जितना आपकी फसल से पूरा हो सके।","जो किसान अपनी फसल की कमाई से अधिक ऋण लेता है, उसे पहले ऋण को चुकाने के लिए दूसरा ऋण लेने के लिए मजबूर होना पड़ सकता है।","कुछ लोगों का मानना ​​है कि अधिक उधार लेने से हमेशा आय बढ़ती है। वास्तव में, जरूरत से अधिक उधार लेना आपको कर्ज के दुष्चक्र में फंसा सकता है।",एनसीएफई,शुरुआत,कर्ज मर्यादेतच का घेतले पाहिजे?,"प्रत्येक कर्ज व्याजासहित फेडावे लागते, म्हणून तुमच्या उत्पन्नातून फेडता येईल इतकेच कर्ज घ्या; अन्यथा, आधीची कर्जे फेडण्यासाठी तुम्हाला पुन्हा कर्ज घ्यावे लागू शकते.","हे असं आहे की, तुम्ही धान्याची एक बादली उधार घेतली आहे आणि त्यापेक्षा जास्त परत करावी लागत आहे, म्हणून तुम्ही तुमच्या पिकातून जेवढे उत्पन्न वसूल होईल तेवढेच कर्ज घेता.","जो शेतकरी आपल्या पिकाच्या उत्पन्नापेक्षा जास्त कर्ज घेतो, त्याला पहिले कर्ज फेडण्यासाठी दुसरे कर्ज घेण्यास भाग पडू शकते.","काहींना वाटते की जास्त कर्ज घेतल्याने उत्पन्न नेहमीच वाढते. वास्तविक पाहता, गरजेपेक्षा जास्त कर्ज घेतल्याने तुम्ही कर्जाच्या चक्रात अडकू शकता.",एनसीएफई,नवशिक्या
Why take a loan from a bank when moneylenders are readily available in the village?,"Banks are safe, reliable, transparent and regulated, and they charge less interest than informal sources.","A bank is like a licensed, well-run shop, while an informal moneylender is like an unlicensed roadside seller whose terms are uncertain.",A villager choosing between a bank and a moneylender often pays much lower interest with the bank.,"Many believe moneylenders are better because they lend faster. In fact, banks offer fairer terms and legal protection.",NCFE,beginner,जब गांव में साहूकार आसानी से उपलब्ध हैं तो बैंक से ऋण क्यों लेना चाहिए?,"बैंक सुरक्षित, विश्वसनीय, पारदर्शी और विनियमित होते हैं, और वे अनौपचारिक स्रोतों की तुलना में कम ब्याज दर वसूलते हैं।","बैंक एक लाइसेंस प्राप्त, सुव्यवस्थित दुकान की तरह होता है, जबकि एक अनौपचारिक साहूकार एक बिना लाइसेंस वाले सड़क किनारे विक्रेता की तरह होता है जिसकी शर्तें अनिश्चित होती हैं।",बैंक और साहूकार में से किसी एक को चुनने पर ग्रामीण को अक्सर बैंक से उधार लेने पर काफी कम ब्याज देना पड़ता है।,"कई लोगों का मानना ​​है कि साहूकार बेहतर होते हैं क्योंकि वे जल्दी ऋण देते हैं। वास्तव में, बैंक बेहतर शर्तें और कानूनी सुरक्षा प्रदान करते हैं।",एनसीएफई,शुरुआत,गावात सावकार सहज उपलब्ध असताना बँकेकडून कर्ज का घ्यावे?,"बँका सुरक्षित, विश्वासार्ह, पारदर्शक आणि नियमबद्ध असतात आणि त्या अनौपचारिक स्रोतांपेक्षा कमी व्याज आकारतात.","बँक ही एखाद्या परवानाधारक, व्यवस्थित चालणाऱ्या दुकानासारखी असते, तर अनौपचारिक सावकार हा रस्त्याच्या कडेला असलेल्या परवाना नसलेल्या विक्रेत्यासारखा असतो, ज्याच्या अटी अनिश्चित असतात.",बँक आणि सावकार यांपैकी निवड करताना गावकऱ्याला अनेकदा बँकेत खूप कमी व्याज द्यावे लागते.,"अनेकांचा असा विश्वास आहे की सावकार अधिक चांगले असतात कारण ते लवकर कर्ज देतात. वास्तविक पाहता, बँका अधिक न्याय्य अटी आणि कायदेशीर संरक्षण देतात.",एनसीएफई,नवशिक्या
Who regulates the banks in India?,Banks are regulated by the Reserve Bank of India.,The RBI is like a referee that makes sure banks play by the rules and treat customers fairly.,"Because of RBI regulation, a bank cannot charge whatever interest rate it likes on a loan.",People sometimes think banks can set any interest and hide charges. Regulation prevents that.,NCFE,beginner,भारत में बैंकों का विनियमन कौन करता है?,बैंकों का विनियमन भारतीय रिजर्व बैंक द्वारा किया जाता है।,आरबीआई एक रेफरी की तरह है जो यह सुनिश्चित करता है कि बैंक नियमों का पालन करें और ग्राहकों के साथ निष्पक्ष व्यवहार करें।,"आरबीआई के नियमों के कारण, कोई भी बैंक ऋण पर मनमाना ब्याज दर नहीं वसूल सकता।",लोग अक्सर सोचते हैं कि बैंक मनचाहा ब्याज दर तय कर सकते हैं और शुल्क छिपा सकते हैं। नियमन इसे रोकता है।,एनसीएफई,शुरुआत,भारतातील बँकांचे नियमन कोण करते?,बँकांचे नियमन भारतीय रिझर्व्ह बँकेद्वारे केले जाते.,"आरबीआय एका पंचासारखी आहे, जी बँका नियमांचे पालन करतात आणि ग्राहकांना योग्य वागणूक देतात याची खात्री करते.","आरबीआयच्या नियमांमुळे, बँक कर्जावर आपल्या मर्जीप्रमाणे कोणताही व्याजदर आकारू शकत नाही.",लोकांना कधीकधी वाटते की बँका कोणतेही व्याज ठरवू शकतात आणि शुल्क लपवू शकतात. नियमांमुळे तसे होण्यापासून प्रतिबंध होतो.,एनसीएफई,नवशिक्या
Is a Grievance Redressal Mechanism available for informal sources like moneylenders?,"No, informal sources are not regulated entities, so there is no grievance redressal mechanism for them.","It is like buying from a stranger with no receipt: if something goes wrong, there is nowhere to go for help.","If a moneylender cheats you, there is no official officer like a Banking Ombudsman to approach.",Borrowers sometimes assume all lenders can be complained about. Only regulated institutions have such mechanisms.,NCFE,beginner,क्या साहूकारों जैसे अनौपचारिक स्रोतों के लिए शिकायत निवारण तंत्र उपलब्ध है?,"नहीं, अनौपचारिक स्रोत विनियमित संस्थाएं नहीं हैं, इसलिए उनके लिए कोई शिकायत निवारण तंत्र नहीं है।","यह किसी अजनबी से बिना रसीद के सामान खरीदने जैसा है: अगर कुछ गड़बड़ हो जाती है, तो मदद के लिए कहीं जाने का कोई रास्ता नहीं होता।","यदि कोई साहूकार आपको धोखा देता है, तो शिकायत करने के लिए बैंकिंग लोकपाल जैसा कोई आधिकारिक अधिकारी मौजूद नहीं है।",कर्ज़ लेने वाले अक्सर यह मान लेते हैं कि सभी उधारदाताओं के खिलाफ शिकायत की जा सकती है। लेकिन ऐसा करने की व्यवस्था केवल विनियमित संस्थानों के पास ही होती है।,एनसीएफई,शुरुआत,सावकारांसारख्या अनौपचारिक स्रोतांसाठी तक्रार निवारण यंत्रणा उपलब्ध आहे का?,"नाही, अनौपचारिक स्रोत हे नियमन केलेल्या संस्था नाहीत, त्यामुळे त्यांच्यासाठी कोणतीही तक्रार निवारण यंत्रणा नाही.","हे एखाद्या अनोळखी व्यक्तीकडून पावतीशिवाय वस्तू विकत घेण्यासारखे आहे: जर काही चूक झाली, तर मदतीसाठी कुठेही जाता येत नाही.","जर एखाद्या सावकाराने तुमची फसवणूक केली, तर दाद मागण्यासाठी बँकिंग लोकपालासारखा कोणताही अधिकृत अधिकारी उपलब्ध नाही.",कर्जदार कधीकधी असे गृहीत धरतात की सर्वच कर्जदात्यांविरुद्ध तक्रार करता येते. केवळ नियमन केलेल्या संस्थांकडेच अशा यंत्रणा असतात.,एनसीएफई,नवशिक्या
Why do banks sometimes take longer than moneylenders to give loans?,Banks use public deposits and must scrutinise loan proposals to ensure the money is properly used and borrowers are protected.,"It is like a doctor checking tests carefully before prescribing, rather than handing out medicine instantly.","A bank may verify documents and repayment ability before sanctioning, which takes a few extra days.","People think the delay means banks are inefficient. Actually, the scrutiny protects depositors and borrowers alike.",NCFE,beginner,बैंक कभी-कभी साहूकारों की तुलना में ऋण देने में अधिक समय क्यों लेते हैं?,बैंक जनता की जमा राशि का उपयोग करते हैं और उन्हें यह सुनिश्चित करने के लिए ऋण प्रस्तावों की गहन जांच करनी चाहिए कि धन का सही उपयोग हो और उधारकर्ताओं को सुरक्षा मिले।,"यह ठीक वैसे ही है जैसे कोई डॉक्टर दवा लिखने से पहले सावधानीपूर्वक जांच-पड़ताल करता है, न कि तुरंत दवा दे देता है।","बैंक मंजूरी देने से पहले दस्तावेजों और भुगतान क्षमता का सत्यापन कर सकता है, जिसमें कुछ अतिरिक्त दिन लग सकते हैं।","लोगों को लगता है कि देरी का मतलब है कि बैंक अक्षम हैं। वास्तव में, यह जांच जमाकर्ताओं और उधारकर्ताओं दोनों की सुरक्षा करती है।",एनसीएफई,शुरुआत,बँका कधीकधी सावकारांपेक्षा कर्ज द्यायला जास्त वेळ का घेतात?,"बँका जनतेच्या ठेवींचा वापर करतात आणि पैशाचा योग्य वापर होत आहे व कर्जदारांचे संरक्षण होत आहे, हे सुनिश्चित करण्यासाठी त्यांनी कर्ज प्रस्तावांची छाननी करणे आवश्यक आहे.","हे म्हणजे, एखाद्या डॉक्टरने तात्काळ औषध देण्याऐवजी, ते लिहून देण्यापूर्वी चाचण्या काळजीपूर्वक तपासण्या करण्यासारखे आहे.","बँक मंजुरी देण्यापूर्वी कागदपत्रांची आणि परतफेड करण्याच्या क्षमतेची पडताळणी करू शकते, ज्यासाठी काही अतिरिक्त दिवस लागतात.","लोकांना वाटते की या विलंबाचा अर्थ बँका अकार्यक्षम आहेत. वास्तविक पाहता, ही छाननी ठेवीदार आणि कर्जदार या दोघांचेही संरक्षण करते.",एनसीएफई,नवशिक्या
What are the types of loans offered by banks?,"Banks offer loans for housing, education, agriculture and related activities, starting a business, consumption, and more.",A bank is like a multi-purpose toolbox that has the right tool for whatever project you need to build.,"You can get a housing loan to buy a home and an education loan to study, both from the same bank.","Some think banks only lend for big businesses. In fact, they meet all kinds of loan requirements.",NCFE,beginner,बैंकों द्वारा दिए जाने वाले ऋणों के प्रकार क्या-क्या हैं?,"बैंक आवास, शिक्षा, कृषि और संबंधित गतिविधियों, व्यवसाय शुरू करने, उपभोग और अन्य चीजों के लिए ऋण प्रदान करते हैं।",बैंक एक बहुउद्देशीय टूलबॉक्स की तरह है जिसमें आपकी जरूरत के हिसाब से किसी भी प्रोजेक्ट को पूरा करने के लिए सही उपकरण मौजूद होते हैं।,आप एक ही बैंक से घर खरीदने के लिए हाउसिंग लोन और पढ़ाई के लिए एजुकेशन लोन दोनों प्राप्त कर सकते हैं।,"कुछ लोगों का मानना ​​है कि बैंक केवल बड़े व्यवसायों को ही ऋण देते हैं। वास्तव में, वे सभी प्रकार की ऋण आवश्यकताओं को पूरा करते हैं।",एनसीएफई,शुरुआत,बँकांकडून कोणत्या प्रकारचे कर्ज दिले जातात?,"बँका घरबांधणी, शिक्षण, शेती आणि संबंधित कामे, व्यवसाय सुरू करणे, उपभोग आणि इतर अनेक गोष्टींसाठी कर्ज देतात.","बँक म्हणजे एका बहुउद्देशीय टूलबॉक्ससारखी असते, ज्यात तुम्हाला कोणताही प्रकल्प उभारण्यासाठी आवश्यक असलेले योग्य साधन असते.","तुम्ही घर घेण्यासाठी गृहकर्ज आणि शिक्षणासाठी शैक्षणिक कर्ज, दोन्ही एकाच बँकेकडून घेऊ शकता.","काहींना वाटते की बँका फक्त मोठ्या व्यवसायांनाच कर्ज देतात. वास्तविक पाहता, त्या सर्व प्रकारच्या कर्जाच्या गरजा पूर्ण करतात.",एनसीएफई,नवशिक्या
What is a key benefit of banks documenting the loan before disbursing it?,"Full documentation protects the borrower, because everything is recorded and the borrower cannot be cheated.","It is like writing down a deal on paper rather than agreeing by word of mouth, so no one can deny the terms later.","If a dispute arises, the written loan record shows the exact interest and terms agreed.","Some believe paperwork only helps the bank. In reality, documentation protects the borrower too.",NCFE,beginner,ऋण वितरित करने से पहले बैंकों द्वारा ऋण का दस्तावेजीकरण करने का एक प्रमुख लाभ क्या है?,"पूर्ण दस्तावेजीकरण उधारकर्ता की सुरक्षा करता है, क्योंकि सब कुछ दर्ज होता है और उधारकर्ता को धोखा नहीं दिया जा सकता है।","यह मौखिक रूप से सहमति देने की बजाय कागज पर समझौता करने जैसा है, ताकि बाद में कोई भी शर्तों को नकार न सके।","यदि कोई विवाद उत्पन्न होता है, तो लिखित ऋण रिकॉर्ड में ब्याज दर और सहमत शर्तों का सटीक विवरण होता है।","कुछ लोगों का मानना ​​है कि कागजी कार्रवाई केवल बैंक को ही फायदा पहुंचाती है। वास्तविकता में, दस्तावेजीकरण उधारकर्ता की भी रक्षा करता है।",एनसीएफई,शुरुआत,कर्ज वितरित करण्यापूर्वी बँकांनी त्याची कागदपत्रे तयार करण्याचा एक प्रमुख फायदा काय आहे?,"संपूर्ण दस्तऐवजीकरणामुळे कर्जदाराचे संरक्षण होते, कारण सर्व काही नोंदवले जाते आणि कर्जदाराची फसवणूक होऊ शकत नाही.","हे तोंडी मान्य करण्याऐवजी एखादा करार कागदावर लिहून ठेवण्यासारखे आहे, जेणेकरून नंतर कोणीही त्या अटी नाकारू शकणार नाही.","वाद निर्माण झाल्यास, लेखी कर्ज नोंदीमध्ये ठरलेले अचूक व्याजदर आणि अटी नमूद केलेल्या असतात.","काहींना वाटते की कागदपत्रांमुळे फक्त बँकेलाच मदत होते. पण वास्तविक पाहता, कागदपत्रे कर्जदाराचेही संरक्षण करतात.",एनसीएफई,नवशिक्या
For what purpose should one borrow money?,"Borrow only for an activity that enhances your income, so you can repay the loan with interest.","It is like watering a plant that will bear fruit, rather than pouring water on bare ground.",Taking a loan to buy seeds and tools that increase crop sales is a productive use of borrowing.,People sometimes borrow for unproductive spending. Borrowing is safest when it boosts income.,NCFE,beginner,किसी व्यक्ति को किस उद्देश्य से धन उधार लेना चाहिए?,"केवल ऐसी गतिविधि के लिए ऋण लें जिससे आपकी आय में वृद्धि हो, ताकि आप ब्याज सहित ऋण चुका सकें।","यह नंगी जमीन पर पानी डालने की बजाय, फल देने वाले पौधे को पानी देने जैसा है।",फसलों की बिक्री बढ़ाने वाले बीज और औजार खरीदने के लिए ऋण लेना उधार का एक उत्पादक उपयोग है।,लोग कभी-कभी अनुत्पादक खर्चों के लिए उधार लेते हैं। उधार लेना तब सबसे सुरक्षित होता है जब इससे आय में वृद्धि होती है।,एनसीएफई,शुरुआत,कोणत्या उद्देशासाठी पैसे उधार घ्यावेत?,"फक्त अशाच कामासाठी कर्ज घ्या ज्यामुळे तुमचे उत्पन्न वाढेल, जेणेकरून तुम्ही व्याजासहित कर्जाची परतफेड करू शकाल.","हे म्हणजे उघड्या जमिनीवर पाणी ओतण्याऐवजी, फळे देणाऱ्या झाडाला पाणी घालण्यासारखे आहे.",पिकांची विक्री वाढवणारी बियाणे आणि अवजारे खरेदी करण्यासाठी कर्ज घेणे हा कर्जाचा उत्पादक वापर आहे.,"लोक कधीकधी अनुत्पादक खर्चासाठी कर्ज घेतात. जेव्हा कर्जामुळे उत्पन्न वाढते, तेव्हा ते सर्वात सुरक्षित असते.",एनसीएफई,नवशिक्या
What is the cost of borrowing money from a bank?,The cost of borrowing is the interest charged on the money you borrow. Banks also may levy other charges for various purposes.,It is like paying rent for using someone else's money for a period of time.,"If you borrow 10,000 at 12% annual interest, you pay 1,200 in interest over a year, making your total repayment 11,200.","Many people think borrowing is free if they repay the full amount, forgetting that interest and charges must be paid on top.",NCFE,beginner,बैंक से पैसे उधार लेने की लागत क्या है?,ऋण लेने की लागत वह ब्याज है जो उधार ली गई राशि पर लगता है। बैंक विभिन्न उद्देश्यों के लिए अन्य शुल्क भी लगा सकते हैं।,यह किसी और के पैसे का कुछ समय तक इस्तेमाल करने के लिए किराया चुकाने जैसा है।,"यदि आप 12% वार्षिक ब्याज दर पर 10,000 उधार लेते हैं, तो आप एक वर्ष में 1,200 ब्याज का भुगतान करते हैं, जिससे आपकी कुल चुकौती राशि 11,200 हो जाती है।","बहुत से लोग सोचते हैं कि अगर वे पूरी राशि चुका देते हैं तो उधार लेना मुफ्त है, यह भूल जाते हैं कि ब्याज और अन्य शुल्क भी चुकाने पड़ते हैं।",एनसीएफई,शुरुआत,बँकेकडून पैसे उधार घेण्याचा खर्च काय असतो?,कर्ज घेण्याचा खर्च म्हणजे तुम्ही घेतलेल्या रकमेवर आकारले जाणारे व्याज. बँका विविध कारणांसाठी इतर शुल्कदेखील आकारू शकतात.,हे म्हणजे ठराविक कालावधीसाठी दुसऱ्याचे पैसे वापरल्याबद्दल भाडे देण्यासारखे आहे.,"जर तुम्ही 12% वार्षिक व्याजाने 10,000 रुपये कर्ज घेतले, तर तुम्हाला एका वर्षात 1,200 रुपये व्याज द्यावे लागेल, ज्यामुळे तुमची एकूण परतफेड 11,200 रुपये होईल.","अनेक लोकांना वाटते की संपूर्ण रक्कम परत केल्यास कर्ज मोफत मिळते, पण ते हे विसरतात की त्यावर व्याज आणि इतर शुल्क देखील भरावे लागते.",एनसीएफई,नवशिक्या
What does an annual interest rate of 12% mean?,An annual interest of 12% means the borrower pays 1% interest per month on the borrowed amount.,It is like splitting a yearly fee of 12 units into 12 equal monthly payments of 1 unit each.,"A 12% annual rate on a loan of 10,000 means roughly 100 in interest each month.","People often assume the 12% is charged monthly, which would actually make it 144% per year.",NCFE,beginner,12% की वार्षिक ब्याज दर का क्या अर्थ है?,12% की वार्षिक ब्याज दर का मतलब है कि उधारकर्ता उधार ली गई राशि पर प्रति माह 1% ब्याज का भुगतान करता है।,"यह ऐसा है जैसे 12 यूनिट की वार्षिक फीस को 12 बराबर मासिक किस्तों में विभाजित करना, जिसमें प्रत्येक किस्त 1 यूनिट की हो।","10,000 के ऋण पर 12% की वार्षिक दर का मतलब है कि हर महीने लगभग 100 का ब्याज देना होगा।","लोग अक्सर यह मान लेते हैं कि 12% मासिक रूप से लिया जाता है, जबकि वास्तव में यह प्रति वर्ष 144% होता है।",एनसीएफई,शुरुआत,१२% वार्षिक व्याजदराचा अर्थ काय आहे?,"१२% वार्षिक व्याजदराचा अर्थ असा आहे की, कर्जदार घेतलेल्या रकमेवर दरमहा १% व्याज देतो.",हे म्हणजे १२ युनिट्सचे वार्षिक शुल्क प्रत्येकी १ युनिटच्या १२ समान मासिक हप्त्यांमध्ये विभागण्यासारखे आहे.,"१०,००० च्या कर्जावर १२% वार्षिक व्याजदर म्हणजे दरमहा अंदाजे १०० रुपये व्याज.","लोक अनेकदा असे गृहीत धरतात की १२% मासिक आकारले जाते, पण प्रत्यक्षात ते वार्षिक १४४% होईल.",एनसीएफई,नवशिक्या
How is a bank loan obtained?,"You submit a loan application stating the purpose. The bank verifies the details, evaluates your repaying capacity, and then sanctions the loan, which you repay with interest in installments.",It is like applying for a membership where the club checks your background and ability to pay before approving you.,"You apply for a home loan, the bank checks your income and credit history, and once satisfied sanctions the loan for monthly repayment.","Some think a loan is automatically approved on request, but the bank first verifies details and assesses your ability to repay.",NCFE,beginner,बैंक से ऋण कैसे प्राप्त किया जाता है?,"आप ऋण का उद्देश्य बताते हुए एक आवेदन जमा करते हैं। बैंक विवरणों की जाँच करता है, आपकी ऋण चुकाने की क्षमता का मूल्यांकन करता है, और फिर ऋण स्वीकृत करता है, जिसे आप ब्याज सहित किश्तों में चुकाते हैं।","यह ठीक उसी तरह है जैसे किसी क्लब की सदस्यता के लिए आवेदन करना, जहां क्लब आपको मंजूरी देने से पहले आपकी पृष्ठभूमि और भुगतान करने की क्षमता की जांच करता है।","आप होम लोन के लिए आवेदन करते हैं, बैंक आपकी आय और क्रेडिट हिस्ट्री की जांच करता है, और संतुष्ट होने पर मासिक किस्तों में भुगतान के लिए लोन स्वीकृत कर देता है।","कुछ लोगों को लगता है कि आवेदन करने पर ऋण स्वतः ही स्वीकृत हो जाता है, लेकिन बैंक पहले विवरणों का सत्यापन करता है और आपकी चुकाने की क्षमता का आकलन करता है।",एनसीएफई,शुरुआत,बँकेकडून कर्ज कसे मिळवले जाते?,"तुम्ही उद्देश नमूद करून कर्जासाठी अर्ज सादर करता. बँक तपशिलांची पडताळणी करते, तुमच्या परतफेड क्षमतेचे मूल्यांकन करते आणि त्यानंतर कर्ज मंजूर करते, ज्याची परतफेड तुम्ही व्याजासह हप्त्यांमध्ये करता.","हे सदस्यत्वासाठी अर्ज करण्यासारखेच आहे, जिथे क्लब तुम्हाला मान्यता देण्यापूर्वी तुमची पार्श्वभूमी आणि पैसे देण्याची क्षमता तपासतो.","तुम्ही गृहकर्जासाठी अर्ज करता, बँक तुमचे उत्पन्न आणि क्रेडिट इतिहास तपासते आणि समाधान झाल्यावर मासिक परतफेडीसाठी कर्ज मंजूर करते.","काहींना वाटते की विनंती केल्यावर कर्ज आपोआप मंजूर होते, पण बँक आधी तपशिलांची पडताळणी करते आणि तुमची परतफेड करण्याची क्षमता तपासते.",एनसीएफई,नवशिक्या
Why is the frequency of compounding important in the price of a loan?,"Compounding frequency affects how much interest builds up, because interest is added to the amount and then charged interest again. More frequent compounding means a higher real cost.","It is like a snowball rolling downhill; the more often it gathers new snow, the bigger it becomes.","Two loans may both show 12%, but the one compounded monthly costs more than the one compounded yearly.","People think only the stated interest rate matters, ignoring that how often interest compounds changes the total cost.",NCFE,beginner,ऋण की कीमत में चक्रवृद्धि ब्याज की आवृत्ति क्यों महत्वपूर्ण है?,"ब्याज की चक्रवृद्धि आवृत्ति से ब्याज की राशि पर असर पड़ता है, क्योंकि ब्याज मूलधन में जुड़ जाता है और फिर उस पर दोबारा ब्याज लगाया जाता है। जितनी बार चक्रवृद्धि ब्याज लगाया जाएगा, वास्तविक लागत उतनी ही अधिक होगी।","यह एक पहाड़ी से नीचे लुढ़कते हुए बर्फ के गोले की तरह है; जितनी बार इस पर नई बर्फ गिरती है, यह उतना ही बड़ा होता जाता है।","दो ऋणों पर भले ही 12% ब्याज दर दिखाई दे, लेकिन मासिक रूप से चक्रवृद्धि ब्याज वाले ऋण की लागत वार्षिक रूप से चक्रवृद्धि ब्याज वाले ऋण की तुलना में अधिक होती है।","लोग सोचते हैं कि केवल बताई गई ब्याज दर ही मायने रखती है, इस बात को नजरअंदाज करते हुए कि ब्याज की चक्रवृद्धि दर कुल लागत को बदल देती है।",एनसीएफई,शुरुआत,कर्जाच्या किमतीमध्ये चक्रवाढीची वारंवारता का महत्त्वाची असते?,"चक्रवाढीच्या वारंवारतेमुळे जमा होणाऱ्या व्याजाच्या रकमेवर परिणाम होतो, कारण रकमेमध्ये व्याज जोडले जाते आणि नंतर पुन्हा व्याज आकारले जाते. जितक्या जास्त वेळा चक्रवाढ होते, तितका खरा खर्च जास्त असतो.","हे उतारावरून घरंगळणाऱ्या बर्फाच्या गोळ्यासारखं आहे; तो जेवढा जास्त वेळा नवीन बर्फ गोळा करतो, तेवढा तो मोठा होत जातो.","दोन कर्जांवर १२% व्याजदर दिसत असला तरी, मासिक चक्रवाढ होणारे कर्ज वार्षिक चक्रवाढ होणाऱ्या कर्जापेक्षा अधिक महाग असू शकते.","लोकांना वाटते की फक्त नमूद केलेला व्याजदरच महत्त्वाचा असतो, पण व्याज किती वेळाने चक्रवाढ होते यावर एकूण खर्च अवलंबून असतो, याकडे ते दुर्लक्ष करतात.",एनसीएफई,नवशिक्या
Why are bank interest rates fairer than those of informal sources?,"Banks publicly display their interest rates and charges, and apply them uniformly to similar customers for similar purposes, unlike informal lenders who hide the real cost.",It is like a shop with clearly displayed price tags versus a seller who quotes different hidden prices to each buyer.,Two customers taking the same type of loan for the same purpose are charged the same rate at a bank.,Some believe all lenders charge the same; in reality informal sources often do not reveal the real cost of borrowing.,NCFE,beginner,बैंकों की ब्याज दरें अनौपचारिक स्रोतों की ब्याज दरों की तुलना में अधिक उचित क्यों होती हैं?,"बैंक सार्वजनिक रूप से अपनी ब्याज दरें और शुल्क प्रदर्शित करते हैं, और अनौपचारिक ऋणदाताओं के विपरीत, जो वास्तविक लागत को छिपाते हैं, समान उद्देश्यों के लिए समान ग्राहकों पर उन्हें समान रूप से लागू करते हैं।","यह एक ऐसी दुकान की तरह है जहां कीमतों के टैग स्पष्ट रूप से प्रदर्शित होते हैं, बनाम एक ऐसा विक्रेता जो प्रत्येक खरीदार को अलग-अलग छिपी हुई कीमतें बताता है।",एक ही उद्देश्य के लिए एक ही प्रकार का ऋण लेने वाले दो ग्राहकों से बैंक में समान दर पर ब्याज लिया जाता है।,"कुछ लोगों का मानना ​​है कि सभी ऋणदाता एक समान ब्याज दर लेते हैं; वास्तविकता में, अनौपचारिक स्रोत अक्सर उधार लेने की वास्तविक लागत का खुलासा नहीं करते हैं।",एनसीएफई,शुरुआत,अनौपचारिक स्रोतांच्या दरांपेक्षा बँकेचे व्याजदर अधिक न्याय्य का असतात?,"वास्तविक खर्च लपवणाऱ्या अनौपचारिक कर्जदात्यांच्या विपरीत, बँका त्यांचे व्याजदर आणि शुल्क सार्वजनिकरित्या प्रदर्शित करतात आणि समान उद्देशांसाठी समान ग्राहकांना ते एकसमानपणे लागू करतात.",हे अगदी स्पष्टपणे किंमतीचे टॅग लावलेल्या दुकानाच्या आणि प्रत्येक ग्राहकाला वेगवेगळ्या छुप्या किंमती सांगणाऱ्या विक्रेत्याच्या उदाहरणासारखे आहे.,एकाच कारणासाठी एकाच प्रकारचे कर्ज घेणाऱ्या दोन ग्राहकांना बँकेत समान व्याजदर आकारला जातो.,"काहींना वाटते की सर्व कर्जदाते सारखेच शुल्क आकारतात; प्रत्यक्षात मात्र, अनौपचारिक स्रोत अनेकदा कर्ज घेण्याचा खरा खर्च उघड करत नाहीत.",एनसीएफई,नवशिक्या
Do you need to offer a guarantee for a bank loan?,"It depends on the type and purpose of the loan. Small loans generally need no guarantee, but larger loans require a guarantee in the form of the asset created or other collateral like land or a house.","It is like a library asking for a deposit only for expensive books, not for cheap ones.","A small personal loan may need no security, while a large home loan uses the house itself as security.","People often assume every loan needs collateral, but small loans usually require none.",NCFE,beginner,क्या बैंक से ऋण लेने के लिए गारंटी देना आवश्यक है?,"यह ऋण के प्रकार और उद्देश्य पर निर्भर करता है। छोटे ऋणों के लिए आमतौर पर गारंटी की आवश्यकता नहीं होती है, लेकिन बड़े ऋणों के लिए बनाई गई संपत्ति या जमीन या घर जैसी अन्य गिरवी के रूप में गारंटी की आवश्यकता होती है।","यह कुछ ऐसा ही है जैसे कोई पुस्तकालय केवल महंगी किताबों के लिए जमा राशि मांगे, सस्ती किताबों के लिए नहीं।","एक छोटे व्यक्तिगत ऋण के लिए किसी सुरक्षा की आवश्यकता नहीं हो सकती है, जबकि एक बड़े गृह ऋण में घर को ही सुरक्षा के रूप में इस्तेमाल किया जाता है।","लोग अक्सर यह मान लेते हैं कि हर ऋण के लिए गिरवी रखने की आवश्यकता होती है, लेकिन छोटे ऋणों के लिए आमतौर पर किसी गिरवी की आवश्यकता नहीं होती है।",एनसीएफई,शुरुआत,तुम्हाला बँकेच्या कर्जासाठी हमी देण्याची गरज आहे का?,"हे कर्जाच्या प्रकारावर आणि उद्देशावर अवलंबून असते. लहान कर्जांसाठी सहसा हमीची आवश्यकता नसते, परंतु मोठ्या कर्जांसाठी निर्माण केलेली मालमत्ता किंवा जमीन वा घरासारखे इतर तारण आवश्यक असते.","हे म्हणजे एखाद्या ग्रंथालयाने फक्त महागड्या पुस्तकांसाठीच अनामत रक्कम मागण्यासारखे आहे, स्वस्त पुस्तकांसाठी नाही.","लहान वैयक्तिक कर्जासाठी कोणत्याही तारणाची आवश्यकता नसते, तर मोठ्या गृहकर्जासाठी घर स्वतःच तारण म्हणून वापरले जाते.","लोकांना अनेकदा असे वाटते की प्रत्येक कर्जासाठी तारण लागते, पण लहान कर्जांसाठी सहसा तारणाची गरज नसते.",एनसीएफई,नवशिक्या
Why should you repay a bank loan?,"Banks lend depositors' money. If borrowers do not repay, the bank becomes financially weak, cannot repay depositors on time, and may be unable to lend to others or to you in future.",It is like returning money you borrowed from a common pool so that everyone who contributed can still draw from it.,"If you do not repay, your own relatives' deposits in the bank could be at risk, and your future loan applications may be rejected.","Some think non-repayment only affects them, but it can harm the bank, other depositors, and future borrowers.",NCFE,beginner,आपको बैंक से लिया गया ऋण क्यों चुकाना चाहिए?,"बैंक जमाकर्ताओं का पैसा उधार देते हैं। यदि उधार लेने वाले भुगतान नहीं करते हैं, तो बैंक की वित्तीय स्थिति कमजोर हो जाती है, वह जमाकर्ताओं को समय पर भुगतान नहीं कर पाता है, और भविष्य में दूसरों को या आपको उधार देने में असमर्थ हो सकता है।",यह ठीक वैसा ही है जैसे आपने साझा कोष से उधार लिया हुआ पैसा वापस कर दिया हो ताकि इसमें योगदान देने वाले सभी लोग अभी भी इससे लाभ उठा सकें।,"यदि आप ऋण नहीं चुकाते हैं, तो बैंक में आपके अपने रिश्तेदारों की जमा राशि खतरे में पड़ सकती है, और आपके भविष्य के ऋण आवेदन अस्वीकृत हो सकते हैं।","कुछ लोगों का मानना ​​है कि ऋण न चुकाने से केवल उन्हें ही नुकसान होता है, लेकिन इससे बैंक, अन्य जमाकर्ताओं और भविष्य के उधारकर्ताओं को भी नुकसान हो सकता है।",एनसीएफई,शुरुआत,तुम्ही बँकेच्या कर्जाची परतफेड का करावी?,"बँका ठेवीदारांचे पैसे कर्ज म्हणून देतात. जर कर्जदारांनी परतफेड केली नाही, तर बँक आर्थिकदृष्ट्या कमकुवत होते, ठेवीदारांना वेळेवर परतफेड करू शकत नाही आणि भविष्यात इतरांना किंवा तुम्हाला कर्ज देऊ शकणार नाही.","हे एखाद्या सामायिक निधीतून घेतलेले पैसे परत करण्यासारखे आहे, जेणेकरून योगदान देणाऱ्या प्रत्येकाला त्यातून पैसे काढता येतील.","तुम्ही परतफेड न केल्यास, बँकेतील तुमच्या स्वतःच्या नातेवाईकांच्या ठेवी धोक्यात येऊ शकतात आणि तुमचे भविष्यातील कर्ज अर्ज नाकारले जाऊ शकतात.","काहींना वाटते की परतफेड न केल्याने फक्त त्यांच्यावरच परिणाम होतो, पण त्यामुळे बँकेचे, इतर ठेवीदारांचे आणि भविष्यातील कर्जदारांचे नुकसान होऊ शकते.",एनसीएफई,नवशिक्या
What happens if you do not repay a bank loan?,The bank has the right to take possession of the security offered as guarantee and can start legal proceedings to recover the loan amount plus interest.,It is like a pawnbroker keeping your pledged item if you fail to pay back what you owe.,"If you default on a secured loan, the bank may seize the asset you pledged and pursue you legally for the remaining amount.","Some believe nothing happens if they stop paying, but the bank can seize the collateral and take legal action.",NCFE,beginner,यदि आप बैंक से लिया गया ऋण नहीं चुकाते हैं तो क्या होता है?,बैंक को गारंटी के तौर पर दी गई संपत्ति पर कब्जा करने का अधिकार है और वह ऋण राशि और ब्याज की वसूली के लिए कानूनी कार्यवाही शुरू कर सकता है।,यह ठीक वैसा ही है जैसे यदि आप अपना बकाया चुकाने में विफल रहते हैं तो कोई गिरवी रखने वाला आपकी गिरवी रखी हुई वस्तु को अपने पास रख लेता है।,"यदि आप किसी गिरवी रखे गए ऋण का भुगतान करने में चूक करते हैं, तो बैंक आपके द्वारा गिरवी रखी गई संपत्ति को जब्त कर सकता है और शेष राशि के लिए आपके खिलाफ कानूनी कार्रवाई कर सकता है।","कुछ लोगों का मानना ​​है कि भुगतान बंद करने पर कुछ नहीं होता, लेकिन बैंक गिरवी रखी गई संपत्ति को जब्त कर सकता है और कानूनी कार्रवाई कर सकता है।",एनसीएफई,शुरुआत,तुम्ही बँकेच्या कर्जाची परतफेड न केल्यास काय होते?,बँकेला हमी म्हणून दिलेल्या तारणाची मालमत्ता ताब्यात घेण्याचा अधिकार आहे आणि कर्जाची रक्कम व्याजासह वसूल करण्यासाठी कायदेशीर कारवाई सुरू करू शकते.,"हे अगदी असेच आहे, जसे की तुम्ही तुमचे देणे फेडू न शकल्यास एखादा सावकार तुमची गहाण ठेवलेली वस्तू स्वतःकडे ठेवून घेतो.","जर तुम्ही तारण ठेवलेल्या कर्जाची परतफेड करू शकला नाहीत, तर बँक तुम्ही तारण ठेवलेली मालमत्ता जप्त करू शकते आणि उर्वरित रकमेसाठी तुमच्यावर कायदेशीर कारवाई करू शकते.","काहींना वाटते की पैसे भरणे थांबवल्यास काहीही होत नाही, परंतु बँक तारण जप्त करू शकते आणि कायदेशीर कारवाई करू शकते.",एनसीएफई,नवशिक्या
What is collateral in a loan?,"Collateral is a security, such as land or a house, that you offer as a guarantee for a loan. If you fail to repay, the bank can take possession of it.",It is like leaving a valuable item with a lender to reassure them you will pay back.,"For a large loan, you might pledge your house as collateral so the bank is protected if you default.","People sometimes think collateral is a fee paid to the bank, but it is an asset held as security, not a payment.",NCFE,beginner,ऋण में संपार्श्विक क्या होता है?,"गिरवी रखी गई संपत्ति वह चीज़ है, जैसे ज़मीन या घर, जिसे आप ऋण के लिए गारंटी के तौर पर देते हैं। यदि आप ऋण चुकाने में विफल रहते हैं, तो बैंक उस पर कब्ज़ा कर सकता है।","यह ठीक वैसा ही है जैसे किसी ऋणदाता को यह आश्वासन देने के लिए कि आप भुगतान वापस कर देंगे, उसके पास कोई मूल्यवान वस्तु छोड़ देना।","बड़े ऋण के लिए, आप अपने घर को गिरवी रख सकते हैं ताकि भुगतान न कर पाने की स्थिति में बैंक सुरक्षित रहे।","लोग कभी-कभी सोचते हैं कि गिरवी रखी गई संपत्ति बैंक को दी जाने वाली फीस है, लेकिन यह एक ऐसी संपत्ति है जिसे सुरक्षा के रूप में रखा जाता है, न कि भुगतान के रूप में।",एनसीएफई,शुरुआत,कर्जामध्ये तारण म्हणजे काय?,"तारण म्हणजे जमीन किंवा घर यांसारखी एक सुरक्षा असते, जी तुम्ही कर्जासाठी हमी म्हणून देता. जर तुम्ही परतफेड करण्यात अयशस्वी झालात, तर बँक त्याचा ताबा घेऊ शकते.","हे म्हणजे, तुम्ही परतफेड कराल याची खात्री देण्यासाठी सावकाराकडे एखादी मौल्यवान वस्तू ठेवण्यासारखेच आहे.","मोठ्या कर्जासाठी, तुम्ही तुमचे घर तारण म्हणून ठेवू शकता, जेणेकरून तुम्ही कर्ज फेडण्यात अयशस्वी झाल्यास बँकेचे संरक्षण होईल.","लोकांना कधीकधी वाटते की तारण म्हणजे बँकेला दिलेले शुल्क आहे, पण ती एक मालमत्ता आहे जी सुरक्षेसाठी ठेवली जाते, ती दिलेली रक्कम नसते.",एनसीएफई,नवशिक्या
How do banks charge interest to different customers?,"Banks charge interest uniformly, meaning similar customers are charged the same rate for similar purposes, and the rates and charges are displayed publicly.",It is like a bus with a fixed fare for everyone travelling the same route.,Two farmers taking the same crop loan for the same purpose pay the same interest rate at the bank.,"Some assume banks negotiate secret individual rates, but banks publicly declare charges and apply them uniformly to similar customers.",NCFE,beginner,बैंक अलग-अलग ग्राहकों से ब्याज कैसे वसूलते हैं?,"बैंक एकसमान रूप से ब्याज वसूलते हैं, जिसका अर्थ है कि समान ग्राहकों से समान उद्देश्यों के लिए समान दर पर ब्याज लिया जाता है, और दरें और शुल्क सार्वजनिक रूप से प्रदर्शित किए जाते हैं।",यह एक ऐसी बस की तरह है जिसमें एक ही मार्ग पर यात्रा करने वाले सभी यात्रियों के लिए किराया तय होता है।,एक ही उद्देश्य के लिए एक ही प्रकार का फसल ऋण लेने वाले दो किसान बैंक में समान ब्याज दर का भुगतान करते हैं।,"कुछ लोग मानते हैं कि बैंक गुप्त रूप से व्यक्तिगत दरों पर बातचीत करते हैं, लेकिन बैंक सार्वजनिक रूप से शुल्क घोषित करते हैं और उन्हें समान ग्राहकों पर समान रूप से लागू करते हैं।",एनसीएफई,शुरुआत,बँका वेगवेगळ्या ग्राहकांकडून व्याज कसे आकारतात?,"बँका एकसमान व्याज आकारतात, म्हणजेच समान ग्राहकांकडून समान उद्देशांसाठी समान दराने शुल्क आकारले जाते आणि हे दर व शुल्क सार्वजनिकरित्या प्रदर्शित केले जातात.",हे एकाच मार्गावर प्रवास करणाऱ्या आणि सर्वांसाठी निश्चित भाडे असलेल्या बससारखे आहे.,एकाच कारणासाठी एकच पीक कर्ज घेणारे दोन शेतकरी बँकेला सारखाच व्याजदर देतात.,"काहींना असे वाटते की बँका गुप्तपणे वैयक्तिक दरांची वाटाघाटी करतात, परंतु बँका शुल्क जाहीरपणे घोषित करतात आणि ते समान ग्राहकांना एकसमानपणे लागू करतात.",एनसीएफई,नवशिक्या
How do you convert a bank's annual interest rate into a monthly rate?,Divide the annual rate by 12. An annual interest of 12% means roughly 1% interest per month.,"It is like splitting a yearly gym membership fee into equal monthly instalments: 12,000 a year works out to about 1,000 a month.","A bank advertising a 12% annual rate effectively charges about 1% each month, so on a 50,000 loan the monthly interest is roughly 500 before repayments.","People often assume a 12% annual rate is charged only once at year-end, but it is spread across each month, which changes how you budget for repayments.",NCFE,beginner,आप बैंक की वार्षिक ब्याज दर को मासिक दर में कैसे परिवर्तित करते हैं?,वार्षिक ब्याज दर को 12 से भाग दें। 12% की वार्षिक ब्याज दर का मतलब लगभग 1% प्रति माह ब्याज है।,"यह एक तरह से जिम की वार्षिक सदस्यता शुल्क को बराबर मासिक किस्तों में बांटने जैसा है: 12,000 प्रति वर्ष लगभग 1,000 प्रति माह होता है।","एक बैंक जो 12% वार्षिक ब्याज दर का विज्ञापन करता है, वह प्रभावी रूप से हर महीने लगभग 1% ब्याज वसूलता है, इसलिए 50,000 के ऋण पर मासिक ब्याज पुनर्भुगतान से पहले लगभग 500 होता है।","लोग अक्सर यह मान लेते हैं कि 12% की वार्षिक दर केवल वर्ष के अंत में एक बार ही ली जाती है, लेकिन यह प्रत्येक माह में फैली होती है, जिससे आपके पुनर्भुगतान के लिए बजट बनाने का तरीका बदल जाता है।",एनसीएफई,शुरुआत,बँकेच्या वार्षिक व्याजदराचे मासिक दरात रूपांतर कसे करायचे?,वार्षिक दराला १२ ने भागा. १२% वार्षिक व्याज म्हणजे अंदाजे दरमहा १% व्याज.,"हे एखाद्या जिमच्या वार्षिक सदस्यत्व शुल्काचे समान मासिक हप्त्यांमध्ये विभाजन करण्यासारखे आहे: वर्षाला १२,००० म्हणजे महिन्याला सुमारे १,००० होतात.","१२% वार्षिक दराची जाहिरात करणारी बँक प्रत्यक्षात दरमहा सुमारे १% व्याज आकारते, त्यामुळे ५०,००० च्या कर्जावर परतफेडीपूर्वी मासिक व्याज अंदाजे ५०० रुपये असते.","लोक अनेकदा असे गृहीत धरतात की १२% वार्षिक दर फक्त एकदाच वर्षाच्या शेवटी आकारला जातो, पण तो प्रत्येक महिन्यात विभागलेला असतो, ज्यामुळे परतफेडीसाठीचे तुमचे बजेट बनवण्याची पद्धत बदलते.",एनसीएफई,नवशिक्या
Why is the frequency of compounding important for the price of a loan?,"Compounding decides how often interest is added to the balance; the more often it compounds, the more interest you end up paying.","It is like a snowball rolling downhill: the more often you add fresh snow, the faster the ball grows, so the frequency of adding snow matters.","A loan compounded monthly will cost slightly more than the same loan compounded yearly, because interest is being calculated on a growing balance more frequently.","Some borrowers only look at the headline interest rate and ignore compounding, not realising it can significantly raise the true cost of the loan.",NCFE,beginner,ऋण की कीमत के लिए चक्रवृद्धि ब्याज की आवृत्ति क्यों महत्वपूर्ण है?,"चक्रवृद्धि ब्याज यह निर्धारित करता है कि मूलधन में ब्याज कितनी बार जोड़ा जाता है; जितनी बार चक्रवृद्धि ब्याज जोड़ा जाता है, उतना ही अधिक ब्याज आपको अंततः चुकाना पड़ता है।","यह एक पहाड़ी से नीचे लुढ़कते हुए बर्फ के गोले की तरह है: आप जितनी बार ताज़ी बर्फ डालते हैं, गोला उतनी ही तेज़ी से बढ़ता है, इसलिए बर्फ डालने की आवृत्ति मायने रखती है।","मासिक चक्रवृद्धि ब्याज वाले ऋण की लागत वार्षिक चक्रवृद्धि ब्याज वाले समान ऋण की तुलना में थोड़ी अधिक होगी, क्योंकि ब्याज की गणना बढ़ती हुई राशि पर अधिक बार की जाती है।","कुछ उधारकर्ता केवल शीर्षक ब्याज दर को देखते हैं और चक्रवृद्धि ब्याज को नजरअंदाज कर देते हैं, यह महसूस किए बिना कि इससे ऋण की वास्तविक लागत में काफी वृद्धि हो सकती है।",एनसीएफई,शुरुआत,कर्जाच्या किमतीसाठी चक्रवाढीची वारंवारता का महत्त्वाची असते?,"चक्रवाढीमुळे शिल्लक रकमेत किती वेळा व्याज जोडले जाईल हे ठरते; जितक्या जास्त वेळा चक्रवाढ होते, तितके जास्त व्याज तुम्हाला द्यावे लागते.","हे उतारावरून घरंगळणाऱ्या बर्फाच्या गोळ्यासारखे आहे: तुम्ही जितक्या जास्त वेळा नवीन बर्फ टाकाल, तितक्या वेगाने तो गोळा मोठा होतो, म्हणून बर्फ टाकण्याची वारंवारता महत्त्वाची आहे.","मासिक चक्रवाढ पद्धतीने आकारलेल्या कर्जाचा खर्च, वार्षिक चक्रवाढ पद्धतीने आकारलेल्या त्याच कर्जापेक्षा किंचित जास्त असतो, कारण वाढत्या रकमेवर अधिक वारंवार व्याज आकारले जाते.","काही कर्जदार केवळ दर्शनी व्याजदर पाहतात आणि चक्रवाढीकडे दुर्लक्ष करतात, पण त्यामुळे कर्जाचा खरा खर्च लक्षणीयरीत्या वाढू शकतो, याची त्यांच्या लक्षात येत नाही.",एनसीएफई,नवशिक्या
How are banks more transparent than informal lenders about the cost of borrowing?,"Banks publicly display their interest rates and charges and apply them uniformly to similar customers, unlike informal lenders who hide the real cost.",It is like a restaurant with a printed menu versus a roadside seller who quotes whatever price comes to mind: the printed menu lets you compare fairly.,"A bank publishes its loan interest rates and fees for everyone to see and charges the same rate to similar customers for similar purposes, whereas an informal moneylender may not disclose charges at all.","It is a mistake to assume all lenders reveal their true charges; only regulated banks are required to be transparent, which is why you should insist on knowing the full cost.",NCFE,beginner,उधार लेने की लागत के मामले में बैंक अनौपचारिक उधारदाताओं की तुलना में अधिक पारदर्शी कैसे होते हैं?,"बैंक अपने ब्याज दरों और शुल्कों को सार्वजनिक रूप से प्रदर्शित करते हैं और उन्हें समान ग्राहकों पर समान रूप से लागू करते हैं, अनौपचारिक ऋणदाता इसके विपरीत वास्तविक लागत को छिपाते हैं।",यह एक मुद्रित मेनू वाले रेस्तरां और सड़क किनारे के विक्रेता के बीच के अंतर के समान है जो मनचाहा मूल्य बताता है: मुद्रित मेनू आपको निष्पक्ष तुलना करने की सुविधा देता है।,"एक बैंक अपने ऋण की ब्याज दरें और शुल्क सबके देखने के लिए प्रकाशित करता है और समान ग्राहकों से समान उद्देश्यों के लिए समान दर वसूलता है, जबकि एक अनौपचारिक साहूकार शुल्क का खुलासा बिल्कुल नहीं कर सकता है।","यह मान लेना गलत है कि सभी ऋणदाता अपने वास्तविक शुल्क का खुलासा करते हैं; केवल विनियमित बैंकों को ही पारदर्शी होना अनिवार्य है, इसलिए आपको पूरी लागत जानने पर जोर देना चाहिए।",एनसीएफई,शुरुआत,कर्ज घेण्याच्या खर्चाच्या बाबतीत बँका अनौपचारिक सावकारांपेक्षा अधिक पारदर्शक कशा असतात?,"वास्तविक खर्च लपवणाऱ्या अनौपचारिक कर्जदात्यांच्या विपरीत, बँका त्यांचे व्याजदर आणि शुल्क सार्वजनिकरित्या प्रदर्शित करतात आणि ते समान ग्राहकांना एकसमानपणे लागू करतात.",हे छापील मेनू असलेल्या रेस्टॉरंट आणि मनात येईल ती किंमत सांगणाऱ्या रस्त्यावरील विक्रेत्यासारखे आहे: छापील मेनूमुळे तुम्हाला योग्य तुलना करता येते.,"बँक आपले कर्जाचे व्याजदर आणि शुल्क सर्वांना दिसतील अशा प्रकारे जाहीर करते आणि समान प्रकारच्या ग्राहकांकडून समान उद्देशांसाठी तोच दर आकारते, याउलट एखादा अनौपचारिक सावकार आपले शुल्क अजिबात जाहीर करत नाही.","सर्व कर्जदाते त्यांचे खरे शुल्क उघड करतात असे गृहीत धरणे चूक आहे; केवळ नियमन केलेल्या बँकांनाच पारदर्शक असणे बंधनकारक आहे, म्हणूनच तुम्ही संपूर्ण खर्च जाणून घेण्याचा आग्रह धरला पाहिजे.",एनसीएफई,नवशिक्या
When do you need to offer a guarantee or collateral for a bank loan?,"Small loans generally need no guarantee, while larger loans usually require a guarantee in the form of an asset or collateral such as land or a house.","It is like borrowing a large sum from a friend who asks you to leave your watch as security, whereas borrowing a small amount may need no such promise.","A small personal loan may be approved without security, but a home loan is secured by the very house the loan builds, and a large business loan may be secured by land pledged as collateral.","Some believe a guarantee is always required; in reality it depends on the type and purpose of the loan, and many small loans are given without any security.",NCFE,beginner,बैंक से ऋण लेने के लिए आपको गारंटी या गिरवी रखने की आवश्यकता कब पड़ती है?,"छोटे ऋणों के लिए आमतौर पर किसी गारंटी की आवश्यकता नहीं होती है, जबकि बड़े ऋणों के लिए आमतौर पर जमीन या घर जैसी संपत्ति या गिरवी के रूप में गारंटी की आवश्यकता होती है।","यह ठीक वैसा ही है जैसे आप किसी मित्र से बड़ी रकम उधार लेते हैं और वह आपसे अपनी घड़ी गिरवी रखने को कहता है, जबकि छोटी रकम उधार लेने के लिए शायद ऐसी किसी गिरवी की जरूरत न हो।","एक छोटा व्यक्तिगत ऋण बिना किसी सुरक्षा के स्वीकृत किया जा सकता है, लेकिन एक गृह ऋण उस घर द्वारा सुरक्षित होता है जिसके निर्माण के लिए ऋण दिया जाता है, और एक बड़ा व्यावसायिक ऋण गिरवी रखी गई भूमि द्वारा सुरक्षित हो सकता है।","कुछ लोगों का मानना ​​है कि गारंटी हमेशा आवश्यक होती है; वास्तविकता में यह ऋण के प्रकार और उद्देश्य पर निर्भर करता है, और कई छोटे ऋण बिना किसी सुरक्षा के दिए जाते हैं।",एनसीएफई,शुरुआत,बँकेच्या कर्जासाठी हमी किंवा तारण देण्याची गरज केव्हा भासते?,"लहान कर्जांसाठी सहसा हमीची आवश्यकता नसते, तर मोठ्या कर्जांसाठी सामान्यतः जमीन किंवा घर यांसारख्या मालमत्तेच्या किंवा तारणाच्या स्वरूपात हमीची आवश्यकता असते.","हे अगदी एखाद्या मित्राकडून मोठी रक्कम उधार घेण्यासारखे आहे, जो तुमच्याकडे तारण म्हणून तुमचे घड्याळ ठेवतो, तर याउलट, छोटी रक्कम उधार घेण्यासाठी अशा कोणत्याही आश्वासनाची गरज भासत नाही.","लहान वैयक्तिक कर्ज तारणाशिवाय मंजूर केले जाऊ शकते, परंतु गृहकर्ज हे ज्या घरासाठी कर्ज घेतले जाते त्याच घराद्वारे सुरक्षित केले जाते आणि मोठे व्यावसायिक कर्ज तारण म्हणून ठेवलेल्या जमिनीद्वारे सुरक्षित केले जाऊ शकते.",काहींना वाटते की हमी नेहमीच आवश्यक असते; प्रत्यक्षात ते कर्जाच्या प्रकारावर आणि उद्देशावर अवलंबून असते आणि अनेक लहान कर्जे कोणत्याही सुरक्षेशिवाय दिली जातात.,एनसीएफई,नवशिक्या
What steps are involved in obtaining a bank loan?,"You submit an application stating the purpose, the bank verifies the details and evaluates your repaying capacity, then sanctions the loan for repayment in instalments with interest.","It is like applying to rent an apartment: you state why you need it, the landlord checks you can pay, then the lease is approved with monthly payments.","For a loan you fill in the purpose, the bank checks your documents and income, and once satisfied it sanctions the amount to be repaid in instalments as indicated.",People often think a loan is granted instantly on request; actually the bank verifies details and assesses your repayment capacity before sanctioning anything.,NCFE,beginner,बैंक से ऋण प्राप्त करने में कौन-कौन से चरण शामिल हैं?,"आप उद्देश्य बताते हुए एक आवेदन जमा करते हैं, बैंक विवरणों का सत्यापन करता है और आपकी चुकौती क्षमता का मूल्यांकन करता है, फिर ब्याज सहित किश्तों में भुगतान के लिए ऋण स्वीकृत करता है।","यह एक अपार्टमेंट किराए पर लेने के लिए आवेदन करने जैसा है: आप बताते हैं कि आपको इसकी आवश्यकता क्यों है, मकान मालिक यह जांचता है कि आप भुगतान कर सकते हैं या नहीं, फिर मासिक किश्तों के साथ पट्टा स्वीकृत हो जाता है।","ऋण के लिए आप उद्देश्य संबंधी जानकारी भरते हैं, बैंक आपके दस्तावेज़ और आय की जाँच करता है, और संतुष्ट होने पर किश्तों में चुकाने के लिए राशि स्वीकृत कर देता है।",लोग अक्सर सोचते हैं कि लोन आवेदन करने पर तुरंत मिल जाता है; असल में बैंक लोन मंजूर करने से पहले आपके विवरण की पुष्टि करता है और आपकी चुकाने की क्षमता का आकलन करता है।,एनसीएफई,शुरुआत,बँकेकडून कर्ज मिळवण्याच्या प्रक्रियेमध्ये कोणत्या टप्प्यांचा समावेश असतो?,"तुम्ही उद्देश नमूद करून अर्ज सादर करता, बँक तपशिलांची पडताळणी करते आणि तुमच्या परतफेड क्षमतेचे मूल्यांकन करते, त्यानंतर व्याजासह हप्त्यांमध्ये परतफेडीसाठी कर्ज मंजूर करते.","हे घर भाड्याने घेण्यासाठी अर्ज करण्यासारखेच आहे: तुम्हाला त्याची गरज का आहे हे तुम्ही सांगता, घरमालक तुम्ही पैसे देऊ शकता की नाही हे तपासतो, आणि मग मासिक हप्त्यांसह भाडेकरार मंजूर केला जातो.","कर्जासाठी तुम्ही त्याचा उद्देश नमूद करता, बँक तुमची कागदपत्रे आणि उत्पन्न तपासते, आणि समाधान झाल्यावर, नमूद केल्याप्रमाणे हप्त्यांमध्ये परतफेड करण्याच्या अटीवर रक्कम मंजूर करते.","लोकांना अनेकदा असे वाटते की अर्ज केल्यावर कर्ज त्वरित मंजूर होते; प्रत्यक्षात, बँक कोणतीही गोष्ट मंजूर करण्यापूर्वी तपशिलांची पडताळणी करते आणि तुमच्या परतफेड क्षमतेचे मूल्यांकन करते.",एनसीएफई,नवशिक्या
What forms can the guarantee for a bank loan take?,"The guarantee can be the asset created with the loan itself, or other collateral securities such as land or a house, depending on the loan type.","It is like a builder holding the plot as security for the construction loan, or a lender accepting your second property as a safety net.","In a home loan the guarantee is usually the house being purchased, while in a business loan the borrower may pledge land or a house as collateral.",Some assume collateral must always be cash; in reality it is commonly the financed asset itself or property like land and buildings.,NCFE,beginner,बैंक ऋण की गारंटी किन-किन रूपों में हो सकती है?,"गारंटी ऋण के प्रकार के आधार पर, ऋण से निर्मित संपत्ति या भूमि या घर जैसी अन्य संपार्श्विक प्रतिभूतियां हो सकती हैं।","यह कुछ वैसा ही है जैसे कोई बिल्डर निर्माण ऋण के लिए भूखंड को गिरवी के रूप में रखता है, या कोई ऋणदाता आपकी दूसरी संपत्ति को सुरक्षा कवच के रूप में स्वीकार करता है।","होम लोन में गारंटी के तौर पर आमतौर पर खरीदा जा रहा घर होता है, जबकि बिजनेस लोन में उधारकर्ता जमीन या घर को गिरवी रख सकता है।","कुछ लोग मानते हैं कि गिरवी के रूप में हमेशा नकदी ही होनी चाहिए; वास्तविकता में, यह आमतौर पर वित्तपोषित संपत्ति या भूमि और इमारतों जैसी संपत्ति होती है।",एनसीएफई,शुरुआत,बँकेच्या कर्जासाठीची हमी कोणत्या स्वरूपाची असू शकते?,"कर्जाच्या प्रकारानुसार, हमी ही कर्जातून निर्माण केलेली मालमत्ता किंवा जमीन वा घर यांसारख्या इतर तारणात्मक वस्तू असू शकते.","हे एखाद्या बिल्डरने बांधकाम कर्जासाठी भूखंड तारण म्हणून ठेवण्यासारखे, किंवा कर्जदात्याने तुमची दुसरी मालमत्ता सुरक्षा जाळे म्हणून स्वीकारण्यासारखे आहे.","गृहकर्जामध्ये हमी म्हणून सहसा खरेदी केले जाणारे घर असते, तर व्यवसाय कर्जामध्ये कर्जदार जमीन किंवा घर तारण म्हणून ठेवू शकतो.",काहींना असे वाटते की तारण नेहमी रोख रक्कमच असली पाहिजे; प्रत्यक्षात मात्र सामान्यतः ती स्वतः कर्ज घेतलेली मालमत्ता किंवा जमीन आणि इमारतींसारखी मालमत्ता असते.,एनसीएफई,नवशिक्या
Why can a bank charge the same rate to similar customers for similar purposes?,"Because banks publicly declare their charges and apply them uniformly, so similar customers seeking loans for similar purposes pay the same rate.","It is like a supermarket where every shopper pays the same listed price for the same product, rather than a price that changes from person to person.","Two customers taking a car loan for the same purpose at the same bank are charged the same displayed rate, ensuring fair and uniform treatment.","It is a misconception that banks negotiate secret rates like informal lenders; regulated banks follow published, uniform rates for comparable loans.",NCFE,beginner,एक बैंक समान उद्देश्यों के लिए समान ग्राहकों से समान दर क्यों वसूल सकता है?,"क्योंकि बैंक सार्वजनिक रूप से अपने शुल्क घोषित करते हैं और उन्हें समान रूप से लागू करते हैं, इसलिए समान उद्देश्यों के लिए ऋण चाहने वाले समान ग्राहकों को समान दर का भुगतान करना पड़ता है।","यह एक सुपरमार्केट की तरह है जहां हर ग्राहक एक ही उत्पाद के लिए एक ही सूचीबद्ध कीमत चुकाता है, न कि ऐसी कीमत जो व्यक्ति-दर-व्यक्ति बदलती रहती है।","एक ही बैंक से एक ही उद्देश्य के लिए कार लोन लेने वाले दो ग्राहकों से एक ही दर ली जाती है, जिससे निष्पक्ष और एकसमान व्यवहार सुनिश्चित होता है।","यह एक गलत धारणा है कि बैंक अनौपचारिक ऋणदाताओं की तरह गुप्त दरों पर बातचीत करते हैं; विनियमित बैंक तुलनीय ऋणों के लिए प्रकाशित, एकसमान दरों का पालन करते हैं।",एनसीएफई,शुरुआत,एखादी बँक समान ग्राहकांकडून समान उद्देशांसाठी सारखाच दर का आकारू शकते?,"बँका त्यांचे शुल्क जाहीरपणे घोषित करतात आणि ते एकसमानपणे लागू करतात, त्यामुळे समान उद्देशांसाठी कर्ज घेऊ इच्छिणाऱ्या समान ग्राहकांना समान दराने पैसे द्यावे लागतात.","हे एका सुपरमार्केटसारखे आहे, जिथे प्रत्येक ग्राहक एकाच उत्पादनासाठी, व्यक्तीनुसार बदलणाऱ्या किमतीऐवजी, सारखीच सूचीबद्ध किंमत देतो.","एकाच बँकेतून, एकाच उद्देशासाठी वाहन कर्ज घेणाऱ्या दोन ग्राहकांकडून समान दर आकारला जातो, ज्यामुळे त्यांना न्याय्य आणि एकसमान वागणूक मिळते.","बँका अनौपचारिक कर्जदात्यांप्रमाणे गुप्त दरांची वाटाघाटी करतात हा एक गैरसमज आहे; नियमन केलेल्या बँका तुलनात्मक कर्जांसाठी प्रकाशित, एकसमान दरांचे पालन करतात.",एनसीएफई,नवशिक्या
What is SEBI and what is its main role?,"SEBI (Securities and Exchange Board of India) is the regulator of the securities market. Its mandate is to protect investors, promote the development of the securities market, and regulate it.",Think of SEBI as a referee in a sports match — it makes sure everyone plays by the rules and that players (investors) are treated fairly.,"If a company tries to cheat investors while selling shares, SEBI can investigate and take action against it.","Many people think SEBI guarantees profits or protects them from all losses; in reality, it protects investors' interests by enforcing fair rules, not by preventing market losses.",SEBI,beginner,एसईबीआई क्या है और इसकी मुख्य भूमिका क्या है?,"एसईबीआई (भारतीय प्रतिभूति और विनिमय बोर्ड) प्रतिभूति बाजार का नियामक निकाय है। इसका दायित्व निवेशकों की सुरक्षा करना, प्रतिभूति बाजार के विकास को बढ़ावा देना और इसे विनियमित करना है।",एसईबी को एक खेल मैच में रेफरी की तरह समझें - यह सुनिश्चित करता है कि हर कोई नियमों का पालन करे और खिलाड़ियों (निवेशकों) के साथ निष्पक्ष व्यवहार किया जाए।,"यदि कोई कंपनी शेयर बेचते समय निवेशकों को धोखा देने की कोशिश करती है, तो सेबी इसकी जांच कर उसके खिलाफ कार्रवाई कर सकता है।","कई लोगों का मानना ​​है कि सेबी मुनाफे की गारंटी देता है या उन्हें सभी प्रकार के नुकसान से बचाता है; वास्तविकता में, यह बाजार में होने वाले नुकसान को रोकने के बजाय निष्पक्ष नियमों को लागू करके निवेशकों के हितों की रक्षा करता है।",एसईबीआई,शुरुआत,सेबी काय आहे आणि तिची मुख्य भूमिका काय आहे?,"सेबी (भारतीय प्रतिभूति आणि विनिमय मंडळ) ही प्रतिभूति बाजाराची नियामक संस्था आहे. गुंतवणूकदारांचे संरक्षण करणे, प्रतिभूति बाजाराच्या विकासाला चालना देणे आणि त्याचे नियमन करणे हे तिचे कार्यक्षेत्र आहे.",सेबीला एखाद्या क्रीडा सामन्यातील पंच समजा — ती हे सुनिश्चित करते की प्रत्येकजण नियमांनुसार खेळेल आणि खेळाडूंना (गुंतवणूकदारांना) योग्य वागणूक मिळेल.,"जर एखादी कंपनी शेअर्स विकताना गुंतवणूकदारांची फसवणूक करण्याचा प्रयत्न करत असेल, तर सेबी चौकशी करून तिच्यावर कारवाई करू शकते.","बऱ्याच लोकांना वाटते की सेबी नफ्याची हमी देते किंवा त्यांना सर्व प्रकारच्या नुकसानीपासून वाचवते; प्रत्यक्षात, ती बाजारातील नुकसान टाळून नव्हे, तर योग्य नियमांची अंमलबजावणी करून गुंतवणूकदारांच्या हिताचे रक्षण करते.",सेबी,नवशिक्या
What are equity shares?,"Equity shares, commonly called shares, represent a share of ownership in a company.","Owning shares is like owning a slice of a pizza — the more slices you own, the bigger your portion of the company.","If you buy 100 shares of a company that has 10,000 total shares, you own 1% of that company.","Some beginners think buying shares is like lending money to a company (as with a loan); actually, shares make you a part-owner, not a lender.",SEBI,beginner,इक्विटी शेयर क्या होते हैं?,"इक्विटी शेयर, जिन्हें सामान्यतः शेयर कहा जाता है, किसी कंपनी में स्वामित्व के एक हिस्से का प्रतिनिधित्व करते हैं।","शेयर खरीदना पिज्जा का एक टुकड़ा खरीदने जैसा है - आपके पास जितने ज्यादा टुकड़े होंगे, कंपनी में आपका हिस्सा उतना ही बड़ा होगा।","यदि आप किसी कंपनी के 100 शेयर खरीदते हैं, जिसके कुल 10,000 शेयर हैं, तो आप उस कंपनी के 1% के मालिक बन जाते हैं।","कुछ नौसिखिए सोचते हैं कि शेयर खरीदना किसी कंपनी को पैसा उधार देने जैसा है (जैसे ऋण लेना); वास्तव में, शेयर आपको कंपनी का आंशिक मालिक बनाते हैं, न कि ऋणदाता।",एसईबीआई,शुरुआत,इक्विटी शेअर्स म्हणजे काय?,"इक्विटी शेअर्स, ज्यांना सामान्यतः शेअर्स म्हटले जाते, हे कंपनीमधील मालकीचा वाटा दर्शवतात.","शेअर्सची मालकी असणे म्हणजे पिझ्झाच्या एका तुकड्याची मालकी असण्यासारखे आहे — तुमच्याकडे जितके जास्त तुकडे असतील, तितका कंपनीमधील तुमचा वाटा मोठा असतो.","जर तुम्ही एकूण १०,००० शेअर्स असलेल्या कंपनीचे १०० शेअर्स विकत घेतले, तर त्या कंपनीमध्ये तुमची १% मालकी असते.","काही नवशिक्यांना वाटते की शेअर्स खरेदी करणे म्हणजे कंपनीला पैसे उधार देण्यासारखे आहे (जसे कर्ज घेतात); वास्तविक पाहता, शेअर्स तुम्हाला कर्जदार नव्हे, तर कंपनीचे सह-मालक बनवतात.",सेबी,नवशिक्या
What is a shareholder and what benefits do they get?,An investor who invests in the shares of a company is called a shareholder. They are entitled to corporate benefits like dividends from the company's profits and voting rights in the company's decision-making at General Meetings.,A shareholder is like a part-owner of a shop who shares in the profits and gets a say in how the shop is run.,A shareholder may receive a dividend when the company earns a profit and can vote on important company decisions.,"Many think shareholders can freely withdraw their money from the company anytime; instead, they usually sell their shares in the market to exit.",SEBI,beginner,शेयरधारक कौन होता है और उन्हें क्या लाभ मिलते हैं?,किसी कंपनी के शेयरों में निवेश करने वाले निवेशक को शेयरधारक कहा जाता है। उन्हें कंपनी के लाभ जैसे लाभांश और आम बैठकों में कंपनी के निर्णय लेने में मतदान का अधिकार प्राप्त होता है।,शेयरधारक एक दुकान के आंशिक मालिक की तरह होता है जो मुनाफे में हिस्सेदारी रखता है और दुकान के संचालन में अपनी राय देने का अधिकार रखता है।,कंपनी के लाभ कमाने पर शेयरधारक को लाभांश प्राप्त हो सकता है और वह कंपनी के महत्वपूर्ण निर्णयों पर मतदान कर सकता है।,"कई लोगों का मानना ​​है कि शेयरधारक कंपनी से अपना पैसा कभी भी स्वतंत्र रूप से निकाल सकते हैं; इसके बजाय, वे आमतौर पर बाजार में अपने शेयर बेचकर बाहर निकल जाते हैं।",एसईबीआई,शुरुआत,भागधारक म्हणजे काय आणि त्यांना कोणते फायदे मिळतात?,जो गुंतवणूकदार कंपनीच्या शेअर्समध्ये गुंतवणूक करतो त्याला शेअरहोल्डर म्हणतात. ते कंपनीच्या नफ्यातून मिळणाऱ्या लाभांशासारख्या कॉर्पोरेट लाभांसाठी आणि कंपनीच्या सर्वसाधारण सभांमध्ये निर्णय प्रक्रियेत मतदानाच्या हक्कासाठी पात्र असतात.,"भागधारक हा एखाद्या दुकानाच्या सह-मालकासारखा असतो, ज्याला नफ्यात वाटा मिळतो आणि दुकान कसे चालवायचे यावर त्याचे मत विचारात घेतले जाते.",कंपनीला नफा झाल्यावर भागधारकाला लाभांश मिळू शकतो आणि तो कंपनीच्या महत्त्वाच्या निर्णयांवर मतदान करू शकतो.,"बऱ्याच जणांना वाटते की भागधारक कंपनीतून आपले पैसे कधीही सहजपणे काढू शकतात; त्याऐवजी, ते सहसा बाहेर पडण्यासाठी बाजारात आपले शेअर्स विकतात.",सेबी,नवशिक्या
What is the securities market?,"The securities market is where securities such as shares of companies and units of mutual funds are bought, sold, and dealt in.","It works like a vegetable market, but instead of vegetables, people buy and sell shares and other financial instruments.","When you buy shares of a company through a stock exchange, that transaction happens in the securities market.","Some beginners think the securities market only deals in shares; it also includes mutual fund units, derivatives, and other instruments.",SEBI,beginner,शेयर बाजार क्या है?,"प्रतिभूति बाजार वह स्थान है जहां कंपनियों के शेयर और म्यूचुअल फंड की इकाइयां जैसी प्रतिभूतियों की खरीद, बिक्री और लेन-देन होता है।","यह एक सब्जी मंडी की तरह काम करता है, लेकिन सब्जियों के बजाय, लोग शेयर और अन्य वित्तीय उपकरण खरीदते और बेचते हैं।","जब आप स्टॉक एक्सचेंज के माध्यम से किसी कंपनी के शेयर खरीदते हैं, तो वह लेनदेन प्रतिभूति बाजार में होता है।","कुछ नौसिखिए सोचते हैं कि प्रतिभूति बाजार केवल शेयरों में ही लेन-देन करता है; इसमें म्यूचुअल फंड इकाइयां, डेरिवेटिव और अन्य उपकरण भी शामिल हैं।",एसईबीआई,शुरुआत,प्रतिभूती बाजार म्हणजे काय?,"प्रतिभूती बाजार हे असे ठिकाण आहे जिथे कंपन्यांचे शेअर्स आणि म्युच्युअल फंडाचे युनिट्स यांसारख्या प्रतिभूतींची खरेदी, विक्री आणि व्यवहार केले जातात.","हे भाजीपाल्याच्या बाजारासारखेच चालते, पण इथे भाजीपाल्याऐवजी लोक शेअर्स आणि इतर वित्तीय साधनांची खरेदी-विक्री करतात.","जेव्हा तुम्ही शेअर बाजारामार्फत एखाद्या कंपनीचे शेअर्स खरेदी करता, तेव्हा तो व्यवहार प्रतिभूती बाजारात होतो.","काही नवशिक्यांना वाटते की शेअर बाजारात फक्त शेअर्सचाच व्यवहार होतो; पण त्यात म्युच्युअल फंड युनिट्स, डेरिव्हेटिव्ह्ज आणि इतर साधनांचाही समावेश असतो.",सेबी,नवशिक्या
What are derivatives?,"Derivatives are financial instruments whose value depends upon the value of another asset such as shares, debt securities, or commodities.",A derivative is like a bet on the price of something else — its value rises and falls based on the thing it is linked to.,A derivative linked to a share will gain or lose value as that share's price changes.,"Beginners often think derivatives have their own fixed value; actually, their value is always derived from an underlying asset.",SEBI,beginner,डेरिवेटिव क्या होते हैं?,"डेरिवेटिव ऐसे वित्तीय उपकरण हैं जिनका मूल्य शेयरों, ऋण प्रतिभूतियों या वस्तुओं जैसी किसी अन्य परिसंपत्ति के मूल्य पर निर्भर करता है।",डेरिवेटिव किसी अन्य चीज की कीमत पर लगाए गए दांव की तरह होता है - इसका मूल्य उस चीज के आधार पर बढ़ता और घटता है जिससे यह जुड़ा होता है।,किसी शेयर से जुड़ा डेरिवेटिव उस शेयर की कीमत में बदलाव के साथ मूल्य में वृद्धि या कमी करेगा।,"शुरुआती निवेशक अक्सर सोचते हैं कि डेरिवेटिव का अपना एक निश्चित मूल्य होता है; वास्तव में, उनका मूल्य हमेशा एक अंतर्निहित परिसंपत्ति से प्राप्त होता है।",एसईबीआई,शुरुआत,अवकलज म्हणजे काय?,"डेरिव्हेटिव्ह्ज ही अशी वित्तीय साधने आहेत, ज्यांचे मूल्य शेअर्स, कर्ज रोखे किंवा वस्तू यांसारख्या दुसऱ्या मालमत्तेच्या मूल्यावर अवलंबून असते.","डेरिव्हेटिव्ह हे दुसऱ्या एखाद्या गोष्टीच्या किमतीवर लावलेल्या सट्ट्यासारखे असते — ते ज्या गोष्टीशी जोडलेले असते, त्यानुसार त्याचे मूल्य वाढते आणि कमी होते.","शेअरच्या किमतीत बदल झाल्यास, त्या शेअरशी संबंधित डेरिव्हेटिव्हचे मूल्य वाढते किंवा कमी होते.","नवशिक्यांना अनेकदा असे वाटते की डेरिव्हेटिव्हचे स्वतःचे निश्चित मूल्य असते; प्रत्यक्षात, त्यांचे मूल्य नेहमीच अंतर्निहित मालमत्तेवरून ठरवले जाते.",सेबी,नवशिक्या
What is a demat account or dematerialized share?,"A demat (dematerialized) share is a share held electronically instead of as a physical paper certificate. The Depositories Act, 1996 provides for electronic maintenance and transfer of ownership of these shares.","A demat account is like a digital wallet for your shares, just as a bank account holds your money electronically.","When you buy shares today, they are credited to your demat account in electronic form rather than issued as paper certificates.",Some people still believe they must keep physical share certificates; modern shares are held and transferred electronically.,SEBI,beginner,डीमैट खाता या डीमैटरियलाइज्ड शेयर क्या होता है?,"डीमैट (डीमैटरियलाइज्ड) शेयर वह शेयर होता है जिसे भौतिक कागजी प्रमाण पत्र के बजाय इलेक्ट्रॉनिक रूप में रखा जाता है। डिपॉजिटरी अधिनियम, 1996 इन शेयरों के इलेक्ट्रॉनिक रखरखाव और स्वामित्व हस्तांतरण का प्रावधान करता है।","एक डीमैट खाता आपके शेयरों के लिए एक डिजिटल वॉलेट की तरह है, ठीक वैसे ही जैसे एक बैंक खाता आपके पैसे को इलेक्ट्रॉनिक रूप से सुरक्षित रखता है।","जब आप आज शेयर खरीदते हैं, तो वे कागजी प्रमाणपत्रों के रूप में जारी होने के बजाय इलेक्ट्रॉनिक रूप में आपके डीमैट खाते में जमा किए जाते हैं।",कुछ लोग अब भी मानते हैं कि उन्हें भौतिक शेयर प्रमाणपत्र अपने पास रखना चाहिए; आधुनिक शेयर इलेक्ट्रॉनिक रूप से रखे और हस्तांतरित किए जाते हैं।,एसईबीआई,शुरुआत,डिमॅट खाते किंवा डिमॅट शेअर म्हणजे काय?,"डिमॅट (डीमटेरियलाइज्ड) शेअर म्हणजे असा शेअर जो प्रत्यक्ष कागदी प्रमाणपत्राऐवजी इलेक्ट्रॉनिक पद्धतीने धारण केला जातो. डिपॉझिटरीज कायदा, १९९६ या शेअर्सची इलेक्ट्रॉनिक पद्धतीने देखभाल आणि मालकी हस्तांतरणाची तरतूद करतो.","ज्याप्रमाणे बँक खात्यामध्ये तुमचे पैसे इलेक्ट्रॉनिक पद्धतीने ठेवले जातात, त्याचप्रमाणे डिमॅट खाते हे तुमच्या शेअर्ससाठी एका डिजिटल वॉलेटसारखे असते.","आज जेव्हा तुम्ही शेअर्स खरेदी करता, तेव्हा ते कागदी प्रमाणपत्रांच्या स्वरूपात जारी न होता, तुमच्या डिमॅट खात्यात इलेक्ट्रॉनिक स्वरूपात जमा केले जातात.",काही लोकांना अजूनही असे वाटते की त्यांनी शेअरची प्रत्यक्ष प्रमाणपत्रे जपून ठेवली पाहिजेत; आधुनिक शेअर्स इलेक्ट्रॉनिक पद्धतीने धारण केले जातात आणि हस्तांतरित केले जातात.,सेबी,नवशिक्या
What is a mutual fund?,A mutual fund is an investment option where investors invest in units of a fund that pools money to invest in securities such as shares.,"A mutual fund is like a group of people pooling their money to buy a large basket of investments together, sharing the costs and returns.","Instead of choosing individual shares yourself, you can buy units of a mutual fund, and the fund manager invests on your behalf.","Many think mutual funds are guaranteed to give returns; in reality, their value can go up or down based on the market.",SEBI,beginner,म्युचुअल फंड क्या है?,म्यूचुअल फंड एक निवेश विकल्प है जहां निवेशक एक फंड की इकाइयों में निवेश करते हैं जो शेयरों जैसी प्रतिभूतियों में निवेश करने के लिए धन एकत्रित करता है।,"म्यूचुअल फंड एक तरह से लोगों का एक समूह है जो एक साथ निवेश के एक बड़े समूह में पैसा लगाते हैं, और लागत और रिटर्न को आपस में साझा करते हैं।","शेयरों का चयन स्वयं करने के बजाय, आप म्यूचुअल फंड की इकाइयाँ खरीद सकते हैं, और फंड मैनेजर आपकी ओर से निवेश करता है।","बहुत से लोग सोचते हैं कि म्यूचुअल फंड से रिटर्न मिलना तय है; वास्तविकता में, बाजार की स्थिति के आधार पर इनका मूल्य घट या बढ़ सकता है।",एसईबीआई,शुरुआत,म्युच्युअल फंड म्हणजे काय?,"म्युच्युअल फंड हा गुंतवणुकीचा एक पर्याय आहे, ज्यामध्ये गुंतवणूकदार अशा फंडाच्या युनिट्समध्ये गुंतवणूक करतात, जो शेअर्ससारख्या सिक्युरिटीजमध्ये गुंतवणूक करण्यासाठी निधी गोळा करतो.","म्युच्युअल फंड म्हणजे काही लोकांनी एकत्र पैसे जमा करून गुंतवणुकीचा एक मोठा संच तयार करणे आणि त्यातील खर्च व परतावा वाटून घेणे, यासारखे आहे.","स्वतः वैयक्तिक शेअर्स निवडण्याऐवजी, तुम्ही म्युच्युअल फंडाचे युनिट्स खरेदी करू शकता आणि फंड मॅनेजर तुमच्या वतीने गुंतवणूक करतो.","बऱ्याच जणांना वाटते की म्युच्युअल फंडातून परतावा मिळण्याची हमी असते; पण प्रत्यक्षात, बाजारातील चढ-उतारानुसार त्यांचे मूल्य वाढू किंवा कमी होऊ शकते.",सेबी,नवशिक्या
What is a stock exchange?,"A stock exchange is a recognized marketplace where securities such as shares are bought and sold. The Securities Contracts (Regulation) Act, 1956 provides for the recognition and regulation of such transactions.",A stock exchange is like a supervised shopping mall where buyers and sellers of shares meet to trade.,"When an investor places an order to buy a company's shares, that order is executed on a stock exchange.",Beginners sometimes think stock exchanges themselves sell shares; they only provide a platform for buyers and sellers to trade.,SEBI,beginner,स्टॉक एक्सचेंज क्या है?,"शेयर बाजार एक मान्यता प्राप्त बाजार है जहां शेयरों जैसी प्रतिभूतियों की खरीद-बिक्री होती है। प्रतिभूति अनुबंध (विनियमन) अधिनियम, 1956 ऐसे लेन-देन की मान्यता और विनियमन का प्रावधान करता है।",स्टॉक एक्सचेंज एक नियंत्रित शॉपिंग मॉल की तरह है जहां शेयरों के खरीदार और विक्रेता व्यापार करने के लिए मिलते हैं।,"जब कोई निवेशक किसी कंपनी के शेयर खरीदने का ऑर्डर देता है, तो वह ऑर्डर स्टॉक एक्सचेंज पर निष्पादित होता है।",शुरुआती लोगों को कभी-कभी लगता है कि स्टॉक एक्सचेंज खुद शेयर बेचते हैं; जबकि वे केवल खरीदारों और विक्रेताओं को व्यापार करने के लिए एक मंच प्रदान करते हैं।,एसईबीआई,शुरुआत,शेअर बाजार म्हणजे काय?,"शेअर बाजार हे एक मान्यताप्राप्त बाजारपेठ आहे, जिथे शेअर्ससारख्या प्रतिभूतींची खरेदी-विक्री केली जाते. प्रतिभूती करार (नियमन) अधिनियम, १९५६ अशा व्यवहारांना मान्यता आणि नियमन करण्याची तरतूद करतो.","शेअर बाजार हे एका देखरेख असलेल्या शॉपिंग मॉलसारखे असते, जिथे शेअर्सचे खरेदीदार आणि विक्रेते व्यापार करण्यासाठी भेटतात.","जेव्हा एखादा गुंतवणूकदार कंपनीचे शेअर्स खरेदी करण्याची ऑर्डर देतो, तेव्हा ती ऑर्डर स्टॉक एक्सचेंजवर कार्यान्वित केली जाते.",नवशिक्यांना कधीकधी असे वाटते की शेअर बाजार स्वतः शेअर्स विकतात; पण ते फक्त खरेदीदार आणि विक्रेत्यांना व्यापार करण्यासाठी एक व्यासपीठ उपलब्ध करून देतात.,सेबी,नवशिक्या
What is the regulatory framework governing the securities market in India?,"The four main legislations governing the securities market are: the SEBI Act, 1992; the Companies Act, 2013; the Securities Contracts (Regulation) Act, 1956; and the Depositories Act, 1996.",These laws work together like different sets of road rules that keep traffic (the market) safe and orderly.,"The Companies Act, 2013 governs how securities are issued and transferred, while the SEBI Act gives SEBI its regulatory powers.","Some believe a single law governs the whole market; actually, four main legislations together govern India's securities market.",SEBI,beginner,भारत में प्रतिभूति बाजार को नियंत्रित करने वाला नियामक ढांचा क्या है?,"प्रतिभूति बाजार को नियंत्रित करने वाले चार मुख्य कानून हैं: एसईबीआई अधिनियम, 1992; कंपनी अधिनियम, 2013; प्रतिभूति अनुबंध (विनियमन) अधिनियम, 1956; और डिपॉजिटरी अधिनियम, 1996।",ये कानून सड़क नियमों के विभिन्न समूहों की तरह मिलकर काम करते हैं जो यातायात (बाजार) को सुरक्षित और व्यवस्थित बनाए रखते हैं।,"कंपनी अधिनियम, 2013 प्रतिभूतियों के जारी करने और हस्तांतरण को नियंत्रित करता है, जबकि एसईबीआई अधिनियम एसईबीआई को उसकी नियामक शक्तियां प्रदान करता है।","कुछ लोगों का मानना ​​है कि एक ही कानून पूरे बाजार को नियंत्रित करता है; वास्तव में, चार मुख्य कानून मिलकर भारत के प्रतिभूति बाजार को नियंत्रित करते हैं।",एसईबीआई,शुरुआत,भारतातील प्रतिभूती बाजाराचे नियमन करणारी नियामक चौकट कोणती आहे?,"प्रतिभूती बाजाराचे नियमन करणारे चार मुख्य कायदे पुढीलप्रमाणे आहेत: सेबी कायदा, १९९२; कंपनी कायदा, २०१३; प्रतिभूती करार (नियमन) कायदा, १९५६; आणि डिपॉझिटरीज कायदा, १९९६.","हे कायदे रस्त्यावरील वेगवेगळ्या नियमांप्रमाणे एकत्रितपणे काम करतात, जे वाहतूक (बाजारपेठ) सुरक्षित आणि सुव्यवस्थित ठेवतात.","कंपनी कायदा, २०१३ प्रतिभूती कशा जारी केल्या जातात आणि हस्तांतरित केल्या जातात याचे नियमन करतो, तर सेबी कायदा सेबीला तिचे नियामक अधिकार देतो.","काहींना वाटते की संपूर्ण बाजारपेठेवर एकच कायदा लागू होतो; प्रत्यक्षात, भारताच्या प्रतिभूती बाजारपेठेवर चार प्रमुख कायदे मिळून नियंत्रण ठेवतात.",सेबी,नवशिक्या
When was SEBI established and under which law?,"SEBI was established on April 12, 1992 in accordance with the provisions of the SEBI Act, 1992.","Just as a school is set up under an education law, SEBI was set up under the SEBI Act to oversee the market.","The SEBI Act, 1992 gives SEBI statutory powers to protect investors and regulate the market.",Some think SEBI regulates all investments including insurance and pensions; those fall under other regulators like IRDAI and PFRDA.,SEBI,beginner,एसईबीआई की स्थापना कब और किस कानून के तहत हुई थी?,"एसईबीआई की स्थापना 12 अप्रैल, 1992 को एसईबीआई अधिनियम, 1992 के प्रावधानों के अनुसार की गई थी।","जिस प्रकार किसी शिक्षा कानून के तहत स्कूल की स्थापना की जाती है, उसी प्रकार बाजार की निगरानी के लिए एसईबीआई अधिनियम के तहत एसईबीआई की स्थापना की गई थी।","एसईबीआई अधिनियम, 1992 एसईबीआई को निवेशकों की रक्षा करने और बाजार को विनियमित करने के लिए वैधानिक शक्तियां प्रदान करता है।",कुछ लोगों का मानना ​​है कि सेबी बीमा और पेंशन सहित सभी निवेशों को विनियमित करता है; जबकि ये अन्य नियामक निकायों जैसे आईआरडीएआई और पीएफआरडीए के अंतर्गत आते हैं।,एसईबीआई,शुरुआत,सेबीची स्थापना केव्हा आणि कोणत्या कायद्यांतर्गत झाली?,"सेबी अधिनियम, १९९२ च्या तरतुदींनुसार सेबीची स्थापना १२ एप्रिल १९९२ रोजी करण्यात आली.","ज्याप्रमाणे शिक्षण कायद्यांतर्गत शाळेची स्थापना केली जाते, त्याचप्रमाणे बाजारावर देखरेख ठेवण्यासाठी सेबी कायद्यांतर्गत सेबीची स्थापना करण्यात आली.","सेबी कायदा, १९९२ सेबीला गुंतवणूकदारांचे संरक्षण करण्यासाठी आणि बाजाराचे नियमन करण्यासाठी वैधानिक अधिकार देतो.",काहींना वाटते की सेबी विमा आणि पेन्शनसह सर्व गुंतवणुकीचे नियमन करते; परंतु त्या गोष्टी आयआरडीएआय (IRDAI) आणि पीएफआरडीए (PFRDA) सारख्या इतर नियामकांच्या अखत्यारीत येतात.,सेबी,नवशिक्या
What is SEBI and why was it established?,"SEBI (Securities and Exchange Board of India) is the regulator of the Indian securities market. It was established on April 12, 1992 under the SEBI Act to protect investors' interests, promote the development of the securities market, and regulate it.","SEBI is like the referee in a cricket match: it does not play the game, but it makes sure everyone follows the rules so players (investors) are treated fairly.","If a company tries to manipulate its share price or mislead investors, SEBI can investigate and take action against it.","Many beginners think SEBI directly buys or sells shares or guarantees profits. In reality, SEBI only regulates the market; it does not invest on your behalf.",SEBI,beginner,एसईबीआई क्या है और इसकी स्थापना क्यों की गई थी?,"भारतीय प्रतिभूति और विनिमय बोर्ड (एसईबीआई) भारतीय प्रतिभूति बाजार का नियामक निकाय है। इसकी स्थापना 12 अप्रैल, 1992 को एसईबीआई अधिनियम के तहत निवेशकों के हितों की रक्षा, प्रतिभूति बाजार के विकास को बढ़ावा देने और इसे विनियमित करने के लिए की गई थी।","SEBI क्रिकेट मैच में रेफरी की तरह है: यह खेल नहीं खेलता, लेकिन यह सुनिश्चित करता है कि हर कोई नियमों का पालन करे ताकि खिलाड़ियों (निवेशकों) के साथ निष्पक्ष व्यवहार किया जाए।","यदि कोई कंपनी अपने शेयर की कीमत में हेरफेर करने या निवेशकों को गुमराह करने की कोशिश करती है, तो एसईबीआई इसकी जांच कर सकती है और उसके खिलाफ कार्रवाई कर सकती है।","कई नए निवेशकों को लगता है कि SEBI सीधे शेयर खरीदता या बेचता है या मुनाफे की गारंटी देता है। असल में, SEBI केवल बाजार को नियंत्रित करता है; यह आपकी ओर से निवेश नहीं करता है।",एसईबीआई,शुरुआत,सेबी काय आहे आणि तिची स्थापना का करण्यात आली?,"सेबी (भारतीय प्रतिभूति आणि विनिमय मंडळ) ही भारतीय प्रतिभूति बाजाराची नियामक संस्था आहे. गुंतवणूकदारांच्या हिताचे रक्षण करणे, प्रतिभूति बाजाराच्या विकासाला चालना देणे आणि त्याचे नियमन करणे या उद्देशाने सेबी कायद्यांतर्गत १२ एप्रिल १९९२ रोजी तिची स्थापना करण्यात आली.","सेबी ही क्रिकेट सामन्यातील पंचासारखी आहे: ती स्वतः खेळ खेळत नाही, परंतु प्रत्येकजण नियमांचे पालन करत आहे याची खात्री करते, जेणेकरून खेळाडूंना (गुंतवणूकदारांना) योग्य वागणूक मिळेल.","जर एखादी कंपनी आपल्या शेअरच्या किमतीत फेरफार करण्याचा किंवा गुंतवणूकदारांची दिशाभूल करण्याचा प्रयत्न करत असेल, तर सेबी चौकशी करून तिच्यावर कारवाई करू शकते.","अनेक नवशिक्यांना वाटते की सेबी थेट शेअर्सची खरेदी-विक्री करते किंवा नफ्याची हमी देते. वास्तविक पाहता, सेबी केवळ बाजाराचे नियमन करते; ती तुमच्या वतीने गुंतवणूक करत नाही.",सेबी,नवशिक्या
What is an equity share?,"An equity share, commonly called a share, represents a unit of ownership in a company. The person who holds it becomes a shareholder and can benefit from the company's profits.","Owning a share is like owning a small slice of a pizza: you do not own the whole pizza, but you own a piece of it and share in what it produces.","If you buy 100 shares of a company out of a total of 1,000 shares, you own 10% of that company.","A common myth is that a share is a loan to the company. Actually, a share is ownership, not lending—only bonds and debentures are loans.",SEBI,beginner,इक्विटी शेयर क्या होता है?,"शेयर, जिसे आम भाषा में इक्विटी शेयर कहा जाता है, कंपनी में स्वामित्व की एक इकाई का प्रतिनिधित्व करता है। इसे रखने वाला व्यक्ति शेयरधारक बन जाता है और कंपनी के मुनाफे से लाभ उठा सकता है।","शेयर का मालिक होना पिज्जा के एक छोटे से टुकड़े का मालिक होने जैसा है: आप पूरे पिज्जा के मालिक नहीं होते, लेकिन आप उसके एक टुकड़े के मालिक होते हैं और उससे होने वाले लाभ में हिस्सेदार होते हैं।","यदि आप किसी कंपनी के कुल 1,000 शेयरों में से 100 शेयर खरीदते हैं, तो आप उस कंपनी के 10% के मालिक बन जाते हैं।","एक आम गलत धारणा यह है कि शेयर कंपनी को दिया गया ऋण है। वास्तव में, शेयर स्वामित्व है, ऋण नहीं—केवल बांड और डिबेंचर ही ऋण होते हैं।",एसईबीआई,शुरुआत,इक्विटी शेअर म्हणजे काय?,"इक्विटी शेअर, ज्याला सामान्यतः शेअर म्हटले जाते, हे कंपनीमधील मालकीचे एक एकक दर्शवते. जो व्यक्ती तो धारण करतो, तो भागधारक बनतो आणि कंपनीच्या नफ्यातून लाभ मिळवू शकतो.","शेअरची मालकी असणे म्हणजे पिझ्झाच्या एका लहान तुकड्याची मालकी असण्यासारखे आहे: तुम्ही संपूर्ण पिझ्झाचे मालक नसता, पण तुम्ही त्याच्या एका तुकड्याचे मालक असता आणि त्यातून निर्माण होणाऱ्या उत्पादनात तुमचा वाटा असतो.","जर तुम्ही एखाद्या कंपनीच्या एकूण १,००० शेअर्सपैकी १०० शेअर्स खरेदी केले, तर त्या कंपनीमध्ये तुमची १०% मालकी असते.","एक प्रचलित गैरसमज असा आहे की शेअर हे कंपनीला दिलेले कर्ज असते. वास्तविक पाहता, शेअर म्हणजे मालकी हक्क असतो, कर्ज देणे नव्हे—केवळ बॉण्ड्स आणि डिबेंचर्स हीच कर्जे असतात.",सेबी,नवशिक्या
What benefits does a shareholder get?,A shareholder is entitled to corporate benefits such as dividends from the company's profits and voting rights in the company's general meetings.,Being a shareholder is like being a member of a housing society: you get a share of the benefits and you also get a vote on important decisions.,"A shareholder can vote on decisions like electing directors, and may receive a dividend if the company declares one.","Many think dividends are guaranteed. In truth, dividends depend on the company's profits and its decision to declare them, so they are not guaranteed.",SEBI,beginner,शेयरधारक को क्या लाभ मिलते हैं?,एक शेयरधारक कंपनी के लाभों जैसे कि कंपनी के मुनाफे से लाभांश और कंपनी की आम बैठकों में मतदान के अधिकार का हकदार होता है।,शेयरधारक होना किसी हाउसिंग सोसाइटी के सदस्य होने जैसा है: आपको लाभों का एक हिस्सा मिलता है और महत्वपूर्ण निर्णयों पर आपको वोट देने का अधिकार भी मिलता है।,"शेयरधारक निदेशकों के चुनाव जैसे निर्णयों पर मतदान कर सकते हैं, और यदि कंपनी लाभांश घोषित करती है तो उन्हें लाभांश प्राप्त हो सकता है।","कई लोग सोचते हैं कि लाभांश की गारंटी होती है। सच्चाई यह है कि लाभांश कंपनी के मुनाफे और उसे घोषित करने के निर्णय पर निर्भर करता है, इसलिए इसकी गारंटी नहीं होती।",एसईबीआई,शुरुआत,भागधारकाला कोणते फायदे मिळतात?,भागधारक कंपनीच्या नफ्यातून मिळणाऱ्या लाभांशासारख्या आणि कंपनीच्या सर्वसाधारण सभांमधील मतदानाच्या हक्कांसारख्या कॉर्पोरेट लाभांसाठी पात्र असतो.,भागधारक असणे हे एखाद्या गृहनिर्माण संस्थेचे सदस्य असण्यासारखेच आहे: तुम्हाला लाभांमध्ये वाटा मिळतो आणि महत्त्वाच्या निर्णयांवर मतदानाचा हक्कही मिळतो.,भागधारक संचालक निवडण्यासारख्या निर्णयांवर मतदान करू शकतो आणि कंपनीने लाभांश जाहीर केल्यास त्याला तो मिळू शकतो.,"बऱ्याच जणांना वाटते की लाभांश निश्चित असतो. खरे तर, लाभांश हा कंपनीच्या नफ्यावर आणि तो जाहीर करण्याच्या कंपनीच्या निर्णयावर अवलंबून असतो, त्यामुळे तो निश्चित नसतो.",सेबी,नवशिक्या
"What does the SEBI Act, 1992 do?","The SEBI Act, 1992 gives SEBI statutory powers to protect investors' interests, promote the development of the securities market, and regulate the market.","The SEBI Act is like the rulebook given to a referee—without it, the referee has no authority to enforce fair play.","Using powers under this Act, SEBI can frame regulations, investigate misconduct, and penalise violators in the securities market.","Some believe SEBI's only job is punishing fraud. Actually, it also promotes the development of the market, not just enforces rules.",SEBI,beginner,"एसईबीआई अधिनियम, 1992 क्या करता है?","एसईबीआई अधिनियम, 1992 एसईबीआई को निवेशकों के हितों की रक्षा करने, प्रतिभूति बाजार के विकास को बढ़ावा देने और बाजार को विनियमित करने के लिए वैधानिक शक्तियां प्रदान करता है।","एसईबीआई अधिनियम एक रेफरी को दी गई नियम पुस्तिका की तरह है - इसके बिना, रेफरी के पास निष्पक्ष खेल को लागू करने का कोई अधिकार नहीं है।","इस अधिनियम के अंतर्गत प्राप्त शक्तियों का उपयोग करते हुए, एसईबीआई प्रतिभूति बाजार में नियम बना सकता है, कदाचार की जांच कर सकता है और उल्लंघनकर्ताओं को दंडित कर सकता है।","कुछ लोगों का मानना ​​है कि SEBI का एकमात्र काम धोखाधड़ी करने वालों को दंडित करना है। वास्तव में, यह केवल नियमों को लागू करने तक ही सीमित नहीं है, बल्कि बाजार के विकास को भी बढ़ावा देता है।",एसईबीआई,शुरुआत,"सेबी कायदा, १९९२ काय करतो?","सेबी कायदा, १९९२ सेबीला गुंतवणूकदारांच्या हिताचे रक्षण करणे, प्रतिभूती बाजाराच्या विकासाला चालना देणे आणि बाजाराचे नियमन करणे यासाठी वैधानिक अधिकार देतो.","सेबी कायदा हा एखाद्या पंचाला दिलेल्या नियमावलीसारखा आहे—त्याशिवाय, पंचाला निष्पक्ष खेळ लागू करण्याचा अधिकार नाही.","या कायद्यान्वये असलेल्या अधिकारांचा वापर करून, सेबी प्रतिभूती बाजारात नियम बनवू शकते, गैरवर्तनाची चौकशी करू शकते आणि उल्लंघन करणाऱ्यांना दंड करू शकते.","काहींना वाटते की सेबीचे एकमेव काम फसवणुकीला शिक्षा करणे आहे. वास्तविक पाहता, ती केवळ नियमांची अंमलबजावणी करत नाही, तर बाजाराच्या विकासालाही चालना देते.",सेबी,नवशिक्या
What are dematerialized (demat) shares and which law governs them?,"Demat shares are shares held and transferred electronically instead of as paper certificates. The Depositories Act, 1996 provides for their electronic maintenance and transfer of ownership.","A demat account is like a digital bank account for shares—your holdings live in electronic form, just as your money does in a bank.","When you buy shares through a broker, they are credited to your demat account electronically rather than being issued as paper certificates.","Many think demat shares are riskier because they are not physical. In fact, electronic holding reduces risks like loss, theft, or forgery of paper certificates.",SEBI,beginner,डीमैट (डीमैट) शेयर क्या होते हैं और इन्हें कौन सा कानून नियंत्रित करता है?,"डीमैट शेयर वे शेयर होते हैं जिन्हें कागजी प्रमाणपत्रों के बजाय इलेक्ट्रॉनिक रूप से रखा और हस्तांतरित किया जाता है। डिपॉजिटरी अधिनियम, 1996 इनके इलेक्ट्रॉनिक रखरखाव और स्वामित्व हस्तांतरण का प्रावधान करता है।","डीमैट खाता शेयरों के लिए एक डिजिटल बैंक खाते की तरह है - आपकी होल्डिंग्स इलेक्ट्रॉनिक रूप में रहती हैं, ठीक वैसे ही जैसे आपका पैसा बैंक में रहता है।","जब आप किसी ब्रोकर के माध्यम से शेयर खरीदते हैं, तो वे कागजी प्रमाणपत्रों के रूप में जारी होने के बजाय इलेक्ट्रॉनिक रूप से आपके डीमैट खाते में जमा किए जाते हैं।","कई लोगों का मानना ​​है कि डीमैट शेयर अधिक जोखिम भरे होते हैं क्योंकि वे भौतिक रूप में मौजूद नहीं होते। वास्तव में, इलेक्ट्रॉनिक होल्डिंग से कागजी प्रमाणपत्रों के खोने, चोरी होने या जालसाजी जैसे जोखिम कम हो जाते हैं।",एसईबीआई,शुरुआत,डिमॅट शेअर्स म्हणजे काय आणि ते कोणत्या कायद्यानुसार नियंत्रित होतात?,"डिमॅट शेअर्स म्हणजे कागदी प्रमाणपत्रांऐवजी इलेक्ट्रॉनिक पद्धतीने धारण केलेले आणि हस्तांतरित केलेले शेअर्स. डिपॉझिटरीज कायदा, १९९६ त्यांच्या इलेक्ट्रॉनिक देखभालीची आणि मालकी हस्तांतरणाची तरतूद करतो.","डिमॅट खाते हे शेअर्ससाठीच्या डिजिटल बँक खात्यासारखेच आहे—ज्याप्रमाणे तुमचे पैसे बँकेत असतात, त्याचप्रमाणे तुमची गुंतवणूक इलेक्ट्रॉनिक स्वरूपात असते.","जेव्हा तुम्ही ब्रोकरमार्फत शेअर्स खरेदी करता, तेव्हा ते कागदी प्रमाणपत्रांच्या स्वरूपात जारी न होता, तुमच्या डिमॅट खात्यात इलेक्ट्रॉनिक पद्धतीने जमा केले जातात.","अनेकांना वाटते की डिमॅट शेअर्स अधिक जोखमीचे असतात कारण ते भौतिक स्वरूपात नसतात. वास्तविक पाहता, इलेक्ट्रॉनिक पद्धतीने शेअर्स धारण केल्याने कागदी प्रमाणपत्रांचे नुकसान, चोरी किंवा बनावटगिरी यांसारखे धोके कमी होतात.",सेबी,नवशिक्या
Which four main laws govern the securities market in India?,"The four main laws are the SEBI Act, 1992; the Companies Act, 2013; the Securities Contracts (Regulation) Act, 1956; and the Depositories Act, 1996.",Think of these four laws as the four wheels of a car—each handles a different job but together they keep the market moving safely.,"The Companies Act, 2013 governs the issuance and transfer of securities in public issues, while the SCRA, 1956 deals with stock exchange transactions.","Some assume one single law governs everything. In reality, the securities market is regulated by a set of complementary laws, each covering different areas.",SEBI,beginner,भारत में प्रतिभूति बाजार को नियंत्रित करने वाले चार मुख्य कानून कौन से हैं?,"चार मुख्य कानून हैं: एसईबीआई अधिनियम, 1992; कंपनी अधिनियम, 2013; प्रतिभूति अनुबंध (विनियमन) अधिनियम, 1956; और डिपॉजिटरी अधिनियम, 1996।","इन चार कानूनों को कार के चार पहियों की तरह समझें—प्रत्येक का एक अलग काम होता है, लेकिन साथ मिलकर वे बाजार को सुरक्षित रूप से आगे बढ़ाते रहते हैं।","कंपनी अधिनियम, 2013 सार्वजनिक निर्गमों में प्रतिभूतियों के निर्गमन और हस्तांतरण को नियंत्रित करता है, जबकि एससीआरए, 1956 स्टॉक एक्सचेंज लेनदेन से संबंधित है।","कुछ लोग मानते हैं कि एक ही कानून सब कुछ नियंत्रित करता है। वास्तविकता में, प्रतिभूति बाजार पूरक कानूनों के एक समूह द्वारा विनियमित होता है, जिनमें से प्रत्येक अलग-अलग क्षेत्रों को कवर करता है।",एसईबीआई,शुरुआत,भारतातील प्रतिभूति बाजाराचे नियमन कोणते चार मुख्य कायदे करतात?,"चार मुख्य कायदे म्हणजे सेबी कायदा, १९९२; कंपनी कायदा, २०१३; प्रतिभूती करार (नियमन) कायदा, १९५६; आणि डिपॉझिटरीज कायदा, १९९६.","या चार नियमांना गाडीची चार चाके समजा—प्रत्येक चाक वेगळे काम करते, पण एकत्रितपणे ती बाजारपेठेला सुरक्षितपणे गतिमान ठेवतात.","कंपनी कायदा, २०१३ सार्वजनिक विक्रीतील प्रतिभूतींच्या जारी करण्यावर आणि हस्तांतरणावर नियंत्रण ठेवतो, तर एससीआरए, १९५६ शेअर बाजारातील व्यवहारांशी संबंधित आहे.","काही जण असे गृहीत धरतात की सर्व गोष्टींसाठी एकच कायदा लागू होतो. प्रत्यक्षात, प्रतिभूती बाजार हा एकमेकांना पूरक असलेल्या कायद्यांच्या संचाद्वारे नियंत्रित केला जातो, ज्यातील प्रत्येक कायदा वेगवेगळ्या क्षेत्रांना व्यापतो.",सेबी,नवशिक्या
"What does the Companies Act, 2013 cover in the securities market?","The Companies Act, 2013 provides regulations for the issuance, allotment, and transfer of securities, and related matters in public issues of securities.","The Companies Act is like the rulebook for opening and running a shop, ensuring a company issues and transfers its shares in an orderly, legal way.","When a company makes an Initial Public Offering (IPO) and allots shares to the public, it must follow the Companies Act, 2013.","People often confuse the Companies Act with SEBI regulations. The Companies Act governs company matters broadly, while SEBI regulates the securities market and investor protection.",SEBI,beginner,"कंपनी अधिनियम, 2013 प्रतिभूति बाजार में किन-किन बातों को शामिल करता है?","कंपनी अधिनियम, 2013 प्रतिभूतियों के निर्गमन, आवंटन और हस्तांतरण तथा प्रतिभूतियों के सार्वजनिक निर्गम से संबंधित मामलों के लिए नियम प्रदान करता है।","कंपनी अधिनियम एक दुकान खोलने और चलाने के लिए नियम पुस्तिका की तरह है, जो यह सुनिश्चित करता है कि कोई कंपनी अपने शेयरों को व्यवस्थित और कानूनी तरीके से जारी और हस्तांतरित करे।","जब कोई कंपनी प्रारंभिक सार्वजनिक पेशकश (आईपीओ) करती है और जनता को शेयर आवंटित करती है, तो उसे कंपनी अधिनियम, 2013 का पालन करना होगा।","लोग अक्सर कंपनी अधिनियम और एसईबीआई के नियमों में भ्रम पैदा कर देते हैं। कंपनी अधिनियम व्यापक रूप से कंपनी संबंधी मामलों को नियंत्रित करता है, जबकि एसईबीआई प्रतिभूति बाजार और निवेशक संरक्षण को विनियमित करता है।",एसईबीआई,शुरुआत,"कंपनी कायदा, २०१३ मध्ये प्रतिभूती बाजाराच्या संदर्भात कोणत्या बाबींचा समावेश होतो?","कंपनी कायदा, २०१३ मध्ये प्रतिभूतींच्या सार्वजनिक विक्रीमधील प्रतिभूतींचे जारी करणे, वाटप करणे आणि हस्तांतरण करणे, तसेच संबंधित बाबींसाठी नियम प्रदान केले आहेत.","कंपनी कायदा हा दुकान उघडण्यासाठी आणि चालवण्यासाठीच्या नियमावलीसारखा आहे, जो कंपनी आपले शेअर्स सुव्यवस्थित आणि कायदेशीर मार्गाने जारी करते व हस्तांतरित करते याची खात्री करतो.","जेव्हा एखादी कंपनी प्रारंभिक सार्वजनिक प्रस्ताव (IPO) आणते आणि जनतेला शेअर्सचे वाटप करते, तेव्हा तिला कंपनी कायदा, २०१३ चे पालन करणे बंधनकारक आहे.","लोक अनेकदा कंपनी कायदा आणि सेबीच्या नियमांमध्ये गोंधळ करतात. कंपनी कायदा सर्वसाधारणपणे कंपनीच्या बाबींचे नियमन करतो, तर सेबी प्रतिभूती बाजार आणि गुंतवणूकदारांच्या संरक्षणाचे नियमन करते.",सेबी,नवशिक्या
Is SEBI responsible for all financial products like insurance and pensions?,"No. SEBI regulates the securities market only. Investments under other regulators such as RBI, IRDAI, PFRDA, and the Ministry of Corporate Affairs fall outside its scope.","SEBI is like one department in a large government building—each department (RBI, IRDAI, PFRDA) handles its own floor and type of product.","Bank fixed deposits are regulated by RBI, insurance products by IRDAI, and pension products by PFRDA—not by SEBI.","A common myth is that SEBI oversees every kind of investment. In fact, insurance, banking, and pension products are governed by other regulators.",SEBI,beginner,क्या एसईबीआई बीमा और पेंशन जैसे सभी वित्तीय उत्पादों के लिए जिम्मेदार है?,"नहीं। एसईबीआई केवल प्रतिभूति बाजार को विनियमित करता है। आरबीआई, आईआरडीएआई, पीएफआरडीए और कॉर्पोरेट मामलों के मंत्रालय जैसे अन्य नियामकों के अंतर्गत आने वाले निवेश इसके दायरे से बाहर हैं।","एसईबीआई एक विशाल सरकारी इमारत में स्थित एक विभाग की तरह है - प्रत्येक विभाग (आरबीआई, आईआरडीएआई, पीएफआरडीए) अपने-अपने तल और उत्पाद के प्रकार को संभालता है।","बैंक फिक्स्ड डिपॉजिट का विनियमन आरबीआई द्वारा, बीमा उत्पादों का विनियमन आईआरडीएआई द्वारा और पेंशन उत्पादों का विनियमन पीएफआरडीए द्वारा किया जाता है, न कि सेबी द्वारा।","एक आम गलत धारणा यह है कि एसईबीआई हर तरह के निवेश की निगरानी करता है। वास्तव में, बीमा, बैंकिंग और पेंशन उत्पादों का संचालन अन्य नियामकों द्वारा किया जाता है।",एसईबीआई,शुरुआत,विमा आणि पेन्शन यांसारख्या सर्व आर्थिक उत्पादनांसाठी सेबी जबाबदार आहे का?,"नाही. सेबी केवळ प्रतिभूती बाजाराचे नियमन करते. आरबीआय, आयआरडीएआय, पीएफआरडीए आणि कॉर्पोरेट व्यवहार मंत्रालय यांसारख्या इतर नियामकांच्या अखत्यारीतील गुंतवणूक तिच्या कार्यक्षेत्राबाहेर येते.","सेबी ही एखाद्या मोठ्या सरकारी इमारतीमधील एका विभागासारखी आहे—प्रत्येक विभाग (आरबीआय, आयआरडीएआय, पीएफआरडीए) आपापला मजला आणि उत्पादनाचा प्रकार हाताळतो.","बँकेच्या मुदत ठेवींचे नियमन आरबीआय (RBI), विमा उत्पादनांचे नियमन आयआरडीएआय (IRDAI) आणि पेन्शन उत्पादनांचे नियमन पीएफआरडीए (PFRDA) करते—सेबी (SEBI) द्वारे नाही.","एक सामान्य गैरसमज असा आहे की सेबी सर्व प्रकारच्या गुंतवणुकीवर देखरेख करते. वास्तविक पाहता, विमा, बँकिंग आणि पेन्शन उत्पादने इतर नियामकांद्वारे नियंत्रित केली जातात.",सेबी,नवशिक्या
What are debt securities?,"Debt securities are financial instruments issued by companies or institutions to borrow money from investors, which is repaid later. They are also called debentures or bonds.",It is like lending money to a friend who promises to pay you back with a little extra for the help.,"A company issues a bond for ₹10,000 that pays you interest every year and returns your ₹10,000 after 5 years.","People think buying a bond makes them an owner of the company, but it actually makes them a lender.",SEBI,beginner,ऋण प्रतिभूतियाँ क्या होती हैं?,"ऋण प्रतिभूतियाँ कंपनियों या संस्थानों द्वारा निवेशकों से धन उधार लेने के लिए जारी किए गए वित्तीय साधन हैं, जिनका भुगतान बाद में किया जाता है। इन्हें डिबेंचर या बॉन्ड भी कहा जाता है।",यह ठीक वैसा ही है जैसे आप किसी दोस्त को पैसे उधार देते हैं और वह वादा करता है कि मदद के बदले में वह आपको थोड़ा अतिरिक्त पैसा लौटा देगा।,"एक कंपनी 10,000 रुपये का बॉन्ड जारी करती है जो आपको हर साल ब्याज देता है और 5 साल बाद आपके 10,000 रुपये वापस कर देता है।","लोग सोचते हैं कि बॉन्ड खरीदने से वे कंपनी के मालिक बन जाते हैं, लेकिन वास्तव में इससे वे ऋणदाता बन जाते हैं।",एसईबीआई,शुरुआत,कर्ज रोखे म्हणजे काय?,"कर्जरोखे ही कंपन्या किंवा संस्थांनी गुंतवणूकदारांकडून पैसे उधार घेण्यासाठी जारी केलेली वित्तीय साधने आहेत, ज्यांची परतफेड नंतर केली जाते. त्यांना डिबेंचर्स किंवा बॉण्ड्स असेही म्हटले जाते.","हे एखाद्या मित्राला पैसे उधार देण्यासारखे आहे, जो मदतीच्या मोबदल्यात थोडे अधिक पैसे परत देण्याचे वचन देतो.","एक कंपनी ₹10,000 चा बॉण्ड जारी करते, ज्यावर तुम्हाला दरवर्षी व्याज मिळते आणि 5 वर्षांनंतर तुमचे ₹10,000 परत मिळतात.","लोकांना वाटते की बॉण्ड खरेदी केल्याने ते कंपनीचे मालक बनतात, पण प्रत्यक्षात ते एक कर्जदार बनतात.",सेबी,नवशिक्या
What do investors in debt securities receive?,Investors in debt securities are entitled to receive interest or coupons and get back the principal amount that they invested.,"It is like a fixed rent you receive for letting someone use your money, plus getting your money back at the end.","You invest ₹50,000 in a debenture and receive ₹4,000 interest each year plus your ₹50,000 back at maturity.","People assume interest is guaranteed only if the security is secured, but even unsecured securities promise payment, though with higher risk.",SEBI,beginner,ऋण प्रतिभूतियों में निवेश करने वाले निवेशकों को क्या प्राप्त होता है?,ऋण प्रतिभूतियों में निवेश करने वाले निवेशक ब्याज या कूपन प्राप्त करने और निवेश की गई मूल राशि वापस पाने के हकदार होते हैं।,"यह एक निश्चित किराए की तरह है जो आपको किसी को अपना पैसा इस्तेमाल करने देने के बदले में मिलता है, और अंत में आपको अपना पैसा वापस भी मिल जाता है।","आप एक डिबेंचर में ₹50,000 का निवेश करते हैं और प्रत्येक वर्ष ₹4,000 का ब्याज प्राप्त करते हैं, साथ ही परिपक्वता पर आपको अपने ₹50,000 वापस मिल जाते हैं।","लोग मानते हैं कि ब्याज की गारंटी तभी मिलती है जब प्रतिभूति सुरक्षित हो, लेकिन असुरक्षित प्रतिभूतियां भी भुगतान का वादा करती हैं, हालांकि उनमें जोखिम अधिक होता है।",एसईबीआई,शुरुआत,कर्जरोख्यांमध्ये गुंतवणूक करणाऱ्यांना काय मिळते?,कर्जरोख्यांमध्ये गुंतवणूक करणाऱ्या गुंतवणूकदारांना व्याज किंवा कूपन मिळण्याचा आणि त्यांनी गुंतवलेली मूळ रक्कम परत मिळवण्याचा हक्क असतो.,"हे म्हणजे, तुमचे पैसे दुसऱ्याला वापरू दिल्याबद्दल मिळणाऱ्या एका निश्चित भाड्यासारखे आहे, आणि शेवटी तुम्हाला तुमचे पैसे परतही मिळतात.","तुम्ही डिबेंचरमध्ये ₹50,000 गुंतवता आणि तुम्हाला दरवर्षी ₹4,000 व्याज तसेच मुदतपूर्तीनंतर तुमचे ₹50,000 परत मिळतात.","लोकांना असे वाटते की तारण सुरक्षित असेल तरच व्याजाची हमी मिळते, परंतु असुरक्षित तारणांमधूनही पैसे मिळण्याची खात्री असते, जरी त्यात जास्त जोखीम असली तरी.",सेबी,नवशिक्या
What is the difference between secured and unsecured debt securities?,"Secured debt securities are backed by collateral, while unsecured debt securities are not backed by any collateral.","A secured loan is like pawning a gold ring for a loan, while an unsecured loan is like borrowing on a handshake.","A secured bond backed by company property pays lower interest, while an unsecured bond pays higher interest because it is riskier.","People think unsecured bonds are always unsafe, but they can still be repaid if the issuer is financially strong.",SEBI,beginner,सुरक्षित और असुरक्षित ऋण प्रतिभूतियों में क्या अंतर है?,"सुरक्षित ऋण प्रतिभूतियाँ संपार्श्विक द्वारा समर्थित होती हैं, जबकि असुरक्षित ऋण प्रतिभूतियाँ किसी भी संपार्श्विक द्वारा समर्थित नहीं होती हैं।","एक सिक्योर्ड लोन लेना सोने की अंगूठी गिरवी रखने जैसा है, जबकि एक अनसिक्योर्ड लोन लेना सिर्फ हाथ मिलाने के भरोसे उधार लेने जैसा है।","कंपनी की संपत्ति द्वारा समर्थित एक सुरक्षित बॉन्ड कम ब्याज देता है, जबकि एक असुरक्षित बॉन्ड अधिक जोखिम भरा होने के कारण अधिक ब्याज देता है।","लोग सोचते हैं कि असुरक्षित बॉन्ड हमेशा असुरक्षित होते हैं, लेकिन यदि जारीकर्ता आर्थिक रूप से मजबूत है तो उन्हें चुकाया जा सकता है।",एसईबीआई,शुरुआत,सुरक्षित आणि असुरक्षित कर्ज रोख्यांमध्ये काय फरक आहे?,"सुरक्षित कर्ज रोख्यांना तारणाचा आधार असतो, तर असुरक्षित कर्ज रोख्यांना कोणत्याही तारणाचा आधार नसतो.","तारण ठेवलेले कर्ज म्हणजे कर्जासाठी सोन्याची अंगठी गहाण ठेवण्यासारखे आहे, तर तारण न ठेवलेले कर्ज म्हणजे केवळ हस्तांदोलनावर उसने घेण्यासारखे आहे.","कंपनीच्या मालमत्तेद्वारे तारण ठेवलेल्या सुरक्षित बंधपत्रावर कमी व्याज मिळते, तर असुरक्षित बंधपत्रावर जास्त व्याज मिळते कारण त्यात जास्त धोका असतो.","लोकांना वाटते की असुरक्षित रोखे नेहमीच असुरक्षित असतात, परंतु जर जारीकर्ता आर्थिकदृष्ट्या सक्षम असेल तर त्यांची परतफेड केली जाऊ शकते.",सेबी,नवशिक्या
What are mutual funds?,"Mutual funds are financial instruments made up of a pool of money collected from many investors and then invested in securities like shares, bonds and money market instruments.",It is like many friends pooling money to buy a big basket of different snacks that no single person could afford alone.,"1,000 people each put in ₹1,000 into a mutual fund, and the fund manager invests the ₹10 lakh across many shares and bonds.","People think mutual funds only invest in stocks, but they can also invest in bonds, money market instruments and other assets.",SEBI,beginner,म्यूचुअल फंड क्या होते हैं?,"म्यूचुअल फंड वित्तीय साधन हैं जो कई निवेशकों से एकत्रित धन के एक समूह से बने होते हैं और फिर शेयरों, बांडों और मुद्रा बाजार उपकरणों जैसी प्रतिभूतियों में निवेश किए जाते हैं।","यह कुछ ऐसा है जैसे कई दोस्त मिलकर अलग-अलग तरह के स्नैक्स से भरी एक बड़ी टोकरी खरीदते हैं, जिसे कोई भी अकेला व्यक्ति नहीं खरीद सकता।","एक म्यूचुअल फंड में 1,000 लोग प्रत्येक ₹1,000 का निवेश करते हैं, और फंड मैनेजर ₹10 लाख की राशि को कई शेयरों और बॉन्डों में निवेश करता है।","लोग सोचते हैं कि म्यूचुअल फंड केवल शेयरों में निवेश करते हैं, लेकिन वे बॉन्ड, मनी मार्केट इंस्ट्रूमेंट्स और अन्य संपत्तियों में भी निवेश कर सकते हैं।",एसईबीआई,शुरुआत,म्युच्युअल फंड म्हणजे काय?,"म्युच्युअल फंड हे असे आर्थिक साधन आहे, जे अनेक गुंतवणूकदारांकडून गोळा केलेल्या एकूण पैशातून तयार होते आणि नंतर शेअर्स, बॉण्ड्स आणि मनी मार्केट इन्स्ट्रुमेंट्ससारख्या सिक्युरिटीजमध्ये गुंतवले जाते.","हे अगदी असं आहे, जसं अनेक मित्र एकत्र पैसे गोळा करून वेगवेगळ्या खाद्यपदार्थांनी भरलेली एक मोठी टोपली विकत घेतात, जी एका व्यक्तीला एकट्याला परवडणार नाही.","१,००० लोक प्रत्येकी ₹१,००० एका म्युच्युअल फंडात गुंतवतात आणि फंड मॅनेजर ₹१० लाखांची गुंतवणूक अनेक शेअर्स आणि बॉण्ड्समध्ये करतो.","लोकांना वाटते की म्युच्युअल फंड फक्त स्टॉक्समध्येच गुंतवणूक करतात, पण ते बॉण्ड्स, मनी मार्केट इन्स्ट्रुमेंट्स आणि इतर मालमत्तांमध्येही गुंतवणूक करू शकतात.",सेबी,नवशिक्या
What is the primary function of the securities market?,"Its primary function is to enable the allocation of savings from investors to those who need funds, such as companies raising money.",It is like a bridge that moves money from people who have extra savings to businesses that need money to grow.,"An investor's savings are used to buy shares in a company, and that money helps the company build a new factory.","People think the securities market only benefits investors, but it also helps companies grow and contributes to the country's economic development.",SEBI,beginner,शेयर बाजार का प्राथमिक कार्य क्या है?,"इसका प्राथमिक कार्य निवेशकों की बचत को उन लोगों तक पहुँचाना है जिन्हें धन की आवश्यकता होती है, जैसे कि धन जुटाने वाली कंपनियाँ।",यह एक पुल की तरह है जो अतिरिक्त बचत वाले लोगों से उन व्यवसायों तक पैसा पहुंचाता है जिन्हें विकास के लिए पैसे की जरूरत होती है।,"एक निवेशक की बचत का उपयोग कंपनी के शेयर खरीदने के लिए किया जाता है, और वह पैसा कंपनी को एक नया कारखाना बनाने में मदद करता है।","लोग सोचते हैं कि शेयर बाजार से केवल निवेशकों को ही फायदा होता है, लेकिन यह कंपनियों को बढ़ने में भी मदद करता है और देश के आर्थिक विकास में योगदान देता है।",एसईबीआई,शुरुआत,प्रतिभूती बाजाराचे मुख्य कार्य काय आहे?,"गुंतवणूकदारांची बचत, निधीची गरज असलेल्यांना, जसे की निधी उभारणाऱ्या कंपन्यांना, वितरित करणे हे त्याचे मुख्य कार्य आहे.","हा एका पुलासारखा आहे, जो अतिरिक्त बचत असलेल्या लोकांकडून वाढीसाठी पैशांची गरज असलेल्या व्यवसायांपर्यंत पैसे पोहोचवतो.",गुंतवणूकदाराच्या बचतीचा उपयोग कंपनीचे शेअर्स खरेदी करण्यासाठी केला जातो आणि त्या पैशाने कंपनीला नवीन कारखाना उभारण्यास मदत होते.,"लोकांना वाटते की शेअर बाजाराचा फायदा फक्त गुंतवणूकदारांनाच होतो, पण तो कंपन्यांना वाढण्यास मदत करतो आणि देशाच्या आर्थिक विकासातही योगदान देतो.",सेबी,नवशिक्या
What are the two segments of the securities market?,"The securities market has two segments: the primary market, where new securities are issued, and the secondary market, where already-issued securities are traded.","The primary market is like buying a new car directly from the showroom, while the secondary market is like buying or selling a used car.","A company first sells shares to the public in the primary market, and later those shares are traded among investors in the secondary market.","People think the two markets are separate, but they are interdependent and inseparable parts of the same securities market.",SEBI,beginner,शेयर बाजार के दो खंड कौन से हैं?,"प्रतिभूति बाजार के दो खंड हैं: प्राथमिक बाजार, जहां नई प्रतिभूतियां जारी की जाती हैं, और द्वितीयक बाजार, जहां पहले से जारी प्रतिभूतियों का कारोबार होता है।","प्राथमिक बाजार का मतलब है सीधे शोरूम से नई कार खरीदना, जबकि द्वितीयक बाजार का मतलब है पुरानी कार खरीदना या बेचना।","एक कंपनी पहले प्राथमिक बाजार में जनता को शेयर बेचती है, और बाद में उन शेयरों का द्वितीयक बाजार में निवेशकों के बीच कारोबार होता है।","लोग सोचते हैं कि दोनों बाजार अलग-अलग हैं, लेकिन वे एक ही प्रतिभूति बाजार के परस्पर निर्भर और अविभाज्य हिस्से हैं।",एसईबीआई,शुरुआत,प्रतिभूती बाजाराचे दोन विभाग कोणते आहेत?,"प्रतिभूती बाजाराचे दोन विभाग आहेत: प्राथमिक बाजार, जिथे नवीन प्रतिभूती जारी केल्या जातात, आणि दुय्यम बाजार, जिथे आधीच जारी केलेल्या प्रतिभूतींचा व्यापार होतो.","प्राथमिक बाजारपेठ म्हणजे थेट शोरूममधून नवीन गाडी विकत घेण्यासारखे आहे, तर दुय्यम बाजारपेठ म्हणजे वापरलेली गाडी विकत घेण्यासारखे किंवा विकण्यासारखे आहे.",कंपनी प्रथम प्राथमिक बाजारात जनतेला शेअर्स विकते आणि नंतर दुय्यम बाजारात गुंतवणूकदारांमध्ये त्या शेअर्सची खरेदी-विक्री होते.,"लोकांना वाटते की हे दोन बाजार वेगळे आहेत, पण ते एकाच प्रतिभूती बाजाराचे परस्परावलंबी आणि अविभाज्य भाग आहेत.",सेबी,नवशिक्या
What is the primary market?,"The primary market, also called the new issues market, is where companies and institutions raise funds from the public by issuing new securities like shares, debentures and bonds.",It is like a farmer selling freshly harvested vegetables directly to buyers at a farm gate.,A company sells new shares to the public for the first time to raise ₹100 crore for expansion.,"People think the primary market is only for shares, but government and companies also issue bonds and debentures there.",SEBI,beginner,प्राथमिक बाजार क्या है?,"प्राथमिक बाजार, जिसे नए निर्गम बाजार भी कहा जाता है, वह स्थान है जहां कंपनियां और संस्थान शेयर, डिबेंचर और बॉन्ड जैसी नई प्रतिभूतियां जारी करके जनता से धन जुटाते हैं।",यह कुछ वैसा ही है जैसे कोई किसान खेत के गेट पर ही खरीदारों को ताजी सब्जियां बेचता है।,एक कंपनी विस्तार के लिए 100 करोड़ रुपये जुटाने के उद्देश्य से पहली बार जनता को नए शेयर बेचती है।,"लोग सोचते हैं कि प्राथमिक बाजार केवल शेयरों के लिए है, लेकिन सरकार और कंपनियां भी वहां बांड और डिबेंचर जारी करती हैं।",एसईबीआई,शुरुआत,प्राथमिक बाजार म्हणजे काय?,"प्राथमिक बाजार, ज्याला नवीन प्रतिभूती बाजार असेही म्हणतात, हे असे ठिकाण आहे जिथे कंपन्या आणि संस्था शेअर्स, डिबेंचर्स आणि बॉण्ड्स यांसारख्या नवीन प्रतिभूती जारी करून जनतेकडून निधी उभारतात.",हे एखाद्या शेतकऱ्याने ताजी काढलेली भाजीपाला थेट शेताच्या दारातच खरेदीदारांना विकण्यासारखे आहे.,विस्तारासाठी १०० कोटी रुपये उभारण्याकरिता एक कंपनी पहिल्यांदाच जनतेला नवीन शेअर्सची विक्री करते.,"लोकांना वाटते की प्राथमिक बाजारपेठ फक्त शेअर्ससाठीच आहे, पण सरकार आणि कंपन्या तिथे बॉण्ड्स आणि डिबेंचर्सदेखील जारी करतात.",सेबी,नवशिक्या
What is the secondary market?,"The secondary market is where securities that have already been offered to the public are traded, with the objective of capital appreciation.",It is like a secondhand market where items already bought can be resold to other people.,An investor buys shares of a listed company on a stock exchange from another investor who wants to sell them.,"People think companies receive money when shares are traded in the secondary market, but the money goes to the selling investor, not the company.",SEBI,beginner,द्वितीयक बाजार क्या है?,द्वितीयक बाजार वह जगह है जहां पूंजी में वृद्धि के उद्देश्य से उन प्रतिभूतियों का व्यापार किया जाता है जिन्हें पहले ही जनता को पेश किया जा चुका है।,यह एक तरह का सेकेंड हैंड मार्केट है जहां पहले से खरीदी गई वस्तुओं को अन्य लोगों को दोबारा बेचा जा सकता है।,एक निवेशक किसी स्टॉक एक्सचेंज में सूचीबद्ध कंपनी के शेयर दूसरे निवेशक से खरीदता है जो उन्हें बेचना चाहता है।,"लोगों को लगता है कि जब शेयरों का द्वितीयक बाजार में कारोबार होता है तो कंपनियों को पैसा मिलता है, लेकिन वास्तव में पैसा बेचने वाले निवेशक के पास जाता है, कंपनी के पास नहीं।",एसईबीआई,शुरुआत,दुय्यम बाजारपेठ म्हणजे काय?,"दुय्यम बाजारपेठ हे असे ठिकाण आहे जिथे भांडवली मूल्यवृद्धीच्या उद्देशाने, जनतेला आधीच देऊ केलेल्या प्रतिभूतींचा व्यापार केला जातो.","हे एका जुन्या वस्तूंच्या बाजारासारखे आहे, जिथे आधीच खरेदी केलेल्या वस्तू इतर लोकांना पुन्हा विकता येतात.","एक गुंतवणूकदार, शेअर बाजारात सूचीबद्ध असलेल्या कंपनीचे शेअर्स विकू इच्छिणाऱ्या दुसऱ्या गुंतवणूकदाराकडून ते खरेदी करतो.","लोकांना वाटते की जेव्हा दुय्यम बाजारात शेअर्सची खरेदी-विक्री होते तेव्हा कंपन्यांना पैसे मिळतात, पण ते पैसे कंपनीला नाही, तर विक्री करणाऱ्या गुंतवणूकदाराला मिळतात.",सेबी,नवशिक्या
What is an Initial Public Offer (IPO)?,An IPO is the first public offer of shares made by a company to the general public.,It is like a brand-new shop opening its doors to the public for the very first time.,A private company offers its shares to the public for the first time through an IPO to raise capital.,"People think an IPO is a fresh issue of new shares only, but a public offer can also be an offer for sale by existing shareholders.",SEBI,beginner,इनिशियल पब्लिक ऑफर (आईपीओ) क्या है?,आईपीओ किसी कंपनी द्वारा आम जनता को शेयरों की पहली सार्वजनिक पेशकश होती है।,यह बिल्कुल एक नई दुकान की तरह है जो पहली बार जनता के लिए अपने दरवाजे खोल रही है।,एक निजी कंपनी पूंजी जुटाने के उद्देश्य से आईपीओ के माध्यम से पहली बार जनता को अपने शेयर पेश करती है।,"लोग सोचते हैं कि आईपीओ केवल नए शेयरों का एक नया निर्गम होता है, लेकिन सार्वजनिक पेशकश मौजूदा शेयरधारकों द्वारा बिक्री की पेशकश भी हो सकती है।",एसईबीआई,शुरुआत,प्रारंभिक सार्वजनिक प्रस्ताव (IPO) म्हणजे काय?,आयपीओ म्हणजे कंपनीने सर्वसामान्य जनतेला केलेली शेअर्सची पहिली सार्वजनिक विक्री होय.,"हे एखाद्या अगदी नवीन दुकानासारखे आहे, जे पहिल्यांदाच लोकांसाठी आपले दरवाजे उघडत आहे.",एक खाजगी कंपनी भांडवल उभारण्यासाठी आयपीओच्या माध्यमातून आपले शेअर्स पहिल्यांदाच जनतेला विक्रीसाठी उपलब्ध करते.,"लोकांना वाटते की आयपीओ म्हणजे फक्त नवीन शेअर्सची ताजी विक्री असते, पण सार्वजनिक प्रस्ताव हा विद्यमान भागधारकांकडून विक्रीचा प्रस्ताव देखील असू शकतो.",सेबी,नवशिक्या
What is a fresh issue of shares?,"A fresh issue of shares is when new shares are issued by the company to public investors, and the funds go to the company to be used for its purposes.",It is like a bakery baking fresh loaves of bread to sell to the public for the first time.,A company issues 1 lakh new shares to the public and uses the raised funds to build a new plant.,"People think all money raised in a public offer goes to the company, but in an offer for sale the money goes to selling shareholders instead.",SEBI,beginner,शेयरों का नया निर्गम क्या होता है?,"शेयरों का नया निर्गम तब होता है जब कंपनी द्वारा सार्वजनिक निवेशकों को नए शेयर जारी किए जाते हैं, और प्राप्त धनराशि कंपनी के अपने उद्देश्यों के लिए उपयोग की जाती है।",यह कुछ वैसा ही है जैसे कोई बेकरी पहली बार जनता को बेचने के लिए ताज़ी ब्रेड बना रही हो।,एक कंपनी जनता को 1 लाख नए शेयर जारी करती है और जुटाई गई धनराशि का उपयोग एक नया संयंत्र बनाने के लिए करती है।,"लोग सोचते हैं कि सार्वजनिक पेशकश में जुटाया गया सारा पैसा कंपनी को जाता है, लेकिन बिक्री के प्रस्ताव में पैसा बेचने वाले शेयरधारकों को जाता है।",एसईबीआई,शुरुआत,शेअर्सचा नवीन इश्यू म्हणजे काय?,नवीन समभाग विक्री म्हणजे जेव्हा कंपनी सार्वजनिक गुंतवणूकदारांना नवीन समभाग जारी करते आणि त्यातून मिळालेला निधी कंपनीला तिच्या उद्देशांसाठी वापरण्याकरिता मिळतो.,हे एखाद्या बेकरीने लोकांना पहिल्यांदाच विकण्यासाठी ताजे पाव बनवण्यासारखे आहे.,एक कंपनी जनतेला १ लाख नवीन शेअर्स जारी करते आणि त्यातून उभारलेल्या निधीचा वापर नवीन कारखाना उभारण्यासाठी करते.,"लोकांना वाटते की पब्लिक ऑफरमध्ये उभारलेला सर्व पैसा कंपनीला जातो, पण ऑफर फॉर सेलमध्ये तो पैसा त्याऐवजी विक्री करणाऱ्या भागधारकांना जातो.",सेबी,नवशिक्या
What benefits are investors entitled to in the securities market?,"Investors are entitled to benefits like interest, dividends, capital appreciation and bonus shares.","It is like a tree that gives you fruit in several ways — some now, some as it grows, and some as extra branches.","An investor receives dividends from shares, interest from bonds, and the share price rising over time gives capital appreciation.","People think stock market returns only come from rising share prices, but dividends and bonus shares are also ways to earn.",SEBI,beginner,शेयर बाजार में निवेशकों को कौन-कौन से लाभ प्राप्त होते हैं?,"निवेशकों को ब्याज, लाभांश, पूंजी वृद्धि और बोनस शेयर जैसे लाभ प्राप्त करने का अधिकार है।","यह एक ऐसे पेड़ की तरह है जो आपको कई तरीकों से फल देता है - कुछ अभी, कुछ जैसे-जैसे वह बढ़ता है, और कुछ अतिरिक्त शाखाओं के रूप में।","एक निवेशक को शेयरों से लाभांश, बांडों से ब्याज प्राप्त होता है, और समय के साथ शेयर की कीमत में वृद्धि से पूंजी में वृद्धि होती है।","लोग सोचते हैं कि शेयर बाजार से मिलने वाला लाभ केवल शेयरों की बढ़ती कीमतों से ही आता है, लेकिन लाभांश और बोनस शेयर भी कमाई के तरीके हैं।",एसईबीआई,शुरुआत,शेअर बाजारात गुंतवणूकदारांना कोणते लाभ मिळतात?,"गुंतवणूकदार व्याज, लाभांश, भांडवली वाढ आणि बोनस शेअर्स यांसारख्या लाभांसाठी पात्र आहेत.","हे एका झाडासारखे आहे जे तुम्हाला अनेक प्रकारे फळे देते — काही आता, काही जसजसे ते वाढते तसतसे, आणि काही अतिरिक्त फांद्यांच्या रूपात.","गुंतवणूकदाराला शेअर्समधून लाभांश, बॉण्ड्समधून व्याज मिळते आणि कालांतराने शेअरची किंमत वाढल्याने भांडवली मूल्यवृद्धी होते.","लोकांना वाटते की शेअर बाजारातील परतावा केवळ वाढत्या शेअरच्या किमतींमधूनच मिळतो, पण लाभांश आणि बोनस शेअर्स हे देखील कमाईचे मार्ग आहेत.",सेबी,नवशिक्या
What is a debt security?,"A debt security is a financial instrument issued by a company or institution to borrow money from investors, which is repaid later with interest.",It is like lending money to a friend who promises to pay you back with a little extra as a thank-you.,A company issues bonds to raise money; you buy a bond and receive regular interest (coupons) plus your principal back at the end of the term.,"Many believe buying a debt security makes you a part-owner of the company, but you are actually a lender, not an owner.",SEBI,beginner,ऋण प्रतिभूति क्या होती है?,"ऋण प्रतिभूति एक वित्तीय साधन है जिसे कोई कंपनी या संस्था निवेशकों से पैसा उधार लेने के लिए जारी करती है, जिसे बाद में ब्याज सहित चुकाया जाता है।",यह ठीक वैसा ही है जैसे आप किसी दोस्त को पैसे उधार देते हैं और वह आपको धन्यवाद के रूप में थोड़ा अतिरिक्त पैसा लौटाने का वादा करता है।,कोई कंपनी पैसा जुटाने के लिए बॉन्ड जारी करती है; आप बॉन्ड खरीदते हैं और नियमित ब्याज (कूपन) के साथ-साथ अवधि के अंत में अपनी मूल राशि वापस प्राप्त करते हैं।,"बहुत से लोग मानते हैं कि ऋण सुरक्षा खरीदने से आप कंपनी के आंशिक मालिक बन जाते हैं, लेकिन वास्तव में आप ऋणदाता होते हैं, मालिक नहीं।",एसईबीआई,शुरुआत,कर्ज प्रतिभूती म्हणजे काय?,"कर्ज प्रतिभूती हे गुंतवणूकदारांकडून पैसे उधार घेण्यासाठी कंपनी किंवा संस्थेद्वारे जारी केलेले एक वित्तीय साधन आहे, ज्याची परतफेड नंतर व्याजासह केली जाते.","हे एखाद्या मित्राला पैसे उधार देण्यासारखे आहे, जो आभार म्हणून थोडे अधिक पैसे परत करण्याचे वचन देतो.","कंपनी पैसे उभारण्यासाठी बॉण्ड्स जारी करते; तुम्ही बॉण्ड खरेदी करता आणि तुम्हाला नियमित व्याज (कूपन) मिळते, तसेच मुदतीच्या शेवटी तुमची मुद्दल परत मिळते.","अनेकांना असे वाटते की डेट सिक्युरिटी खरेदी केल्याने तुम्ही कंपनीचे सह-मालक बनता, पण प्रत्यक्षात तुम्ही मालक नसून कर्जदाते असता.",सेबी,नवशिक्या
What is the difference between a secured and an unsecured debt security?,"A secured debt security is backed by collateral, while an unsecured one is not backed by any specific asset.","A secured loan is like pawning your watch for cash, while an unsecured loan is like borrowing on your good name alone.","A bond backed by the issuer's property is secured, but a bond backed only by the issuer's promise to pay is unsecured.",People often assume all bonds are safe because they are 'secured'; in reality unsecured bonds carry more risk.,SEBI,beginner,सुरक्षित और असुरक्षित ऋण प्रतिभूतियों में क्या अंतर है?,"एक सुरक्षित ऋण प्रतिभूति संपार्श्विक द्वारा समर्थित होती है, जबकि एक असुरक्षित प्रतिभूति किसी विशिष्ट परिसंपत्ति द्वारा समर्थित नहीं होती है।","एक सिक्योर्ड लोन लेना ऐसा है जैसे नकदी के लिए अपनी घड़ी गिरवी रखना, जबकि एक अनसिक्योर्ड लोन लेना ऐसा है जैसे केवल अपनी साख के भरोसे उधार लेना।","जारीकर्ता की संपत्ति द्वारा समर्थित बॉन्ड सुरक्षित होता है, लेकिन केवल जारीकर्ता के भुगतान के वादे द्वारा समर्थित बॉन्ड असुरक्षित होता है।",लोग अक्सर यह मान लेते हैं कि सभी बॉन्ड सुरक्षित होते हैं क्योंकि वे 'सुरक्षित' होते हैं; वास्तविकता में असुरक्षित बॉन्ड में अधिक जोखिम होता है।,एसईबीआई,शुरुआत,सुरक्षित आणि असुरक्षित कर्ज प्रतिभूतीमध्ये काय फरक आहे?,"सुरक्षित कर्ज प्रतिभूती ही तारणाद्वारे समर्थित असते, तर असुरक्षित कर्ज प्रतिभूती कोणत्याही विशिष्ट मालमत्तेद्वारे समर्थित नसते.","तारण ठेवलेले कर्ज म्हणजे पैशांसाठी तुमचे घड्याळ गहाण ठेवण्यासारखे आहे, तर तारण न ठेवलेले कर्ज म्हणजे केवळ तुमच्या चांगल्या नावावर उधार घेण्यासारखे आहे.","जारीकर्त्याच्या मालमत्तेद्वारे समर्थित असलेला बॉण्ड सुरक्षित असतो, परंतु केवळ जारीकर्त्याच्या परतफेडीच्या आश्वासनावर समर्थित असलेला बॉण्ड असुरक्षित असतो.","सर्व बंधपत्रे 'सुरक्षित' असल्यामुळे ती सुरक्षित असतात, असे लोक अनेकदा गृहीत धरतात; प्रत्यक्षात असुरक्षित बंधपत्रांमध्ये अधिक धोका असतो.",सेबी,नवशिक्या
Who are the major issuers of securities and what do they issue?,"Corporate entities mainly issue equity shares and debt, while governments issue debt securities like dated securities and treasury bills.",It is like two different vendors at a market: a shop selling a variety of goods versus a bank selling savings certificates.,"A company issues shares and bonds, whereas the Central or State Government issues dated securities and treasury bills.","Some assume only companies issue securities, but governments are also major issuers, especially of debt securities.",SEBI,beginner,प्रतिभूतियों के प्रमुख निर्धारक कौन हैं और वे क्या जारी करते हैं?,"कॉर्पोरेट संस्थाएं मुख्य रूप से इक्विटी शेयर और ऋण जारी करती हैं, जबकि सरकारें दिनांकित प्रतिभूतियों और ट्रेजरी बिल जैसी ऋण प्रतिभूतियां जारी करती हैं।",यह बाजार में दो अलग-अलग विक्रेताओं की तरह है: एक दुकान जो कई तरह की वस्तुएं बेचती है और एक बैंक जो बचत प्रमाण पत्र बेचता है।,"एक कंपनी शेयर और बॉन्ड जारी करती है, जबकि केंद्र या राज्य सरकार नियत तिथि वाली प्रतिभूतियां और ट्रेजरी बिल जारी करती है।","कुछ लोग मानते हैं कि केवल कंपनियां ही प्रतिभूतियां जारी करती हैं, लेकिन सरकारें भी प्रमुख जारीकर्ता हैं, खासकर ऋण प्रतिभूतियों की।",एसईबीआई,शुरुआत,प्रतिभूतींचे प्रमुख जारीकर्ते कोण आहेत आणि ते काय जारी करतात?,"कॉर्पोरेट संस्था प्रामुख्याने इक्विटी शेअर्स आणि कर्जरोखे जारी करतात, तर सरकारे मुदत रोखे आणि ट्रेझरी बिले यांसारखे कर्जरोखे जारी करतात.",हे बाजारातील दोन वेगवेगळ्या विक्रेत्यांसारखे आहे: विविध वस्तू विकणारे दुकान आणि बचत प्रमाणपत्रे विकणारी बँक.,"कंपनी शेअर्स आणि बॉण्ड्स जारी करते, तर केंद्र किंवा राज्य सरकार मुदत प्रतिभूती आणि ट्रेझरी बिले जारी करते.","काहींना असे वाटते की फक्त कंपन्याच प्रतिभूती जारी करतात, परंतु सरकारे देखील, विशेषतः कर्ज प्रतिभूतींच्या बाबतीत, प्रमुख जारीकर्ते आहेत.",सेबी,नवशिक्या
What is an Offer for Sale (OFS)?,"An Offer for Sale is when existing shareholders like promoters or financial institutions sell their shares to the public; the money goes to those sellers, not to the company.","Like a second-hand car owner selling their car to a buyer — the money goes to the owner, not to the car factory.","A promoter of a listed company sells part of their personal stake to public investors through an OFS; the proceeds go to the promoter, not the company.","People think the company receives the money raised in an OFS, but actually the selling shareholders get the funds.",SEBI,beginner,बिक्री प्रस्ताव (ओएफएस) क्या है?,"शेयर बिक्री का प्रस्ताव तब होता है जब प्रमोटर या वित्तीय संस्थानों जैसे मौजूदा शेयरधारक अपने शेयर जनता को बेचते हैं; पैसा उन विक्रेताओं के पास जाता है, कंपनी के पास नहीं।","जैसे कोई सेकंड हैंड कार का मालिक अपनी कार किसी खरीदार को बेचता है - पैसा मालिक के पास जाता है, न कि कार बनाने वाली कंपनी के पास।","एक लिस्टेड कंपनी का प्रमोटर OFS के माध्यम से सार्वजनिक निवेशकों को अपनी निजी हिस्सेदारी का एक हिस्सा बेचता है; इससे प्राप्त राशि प्रमोटर को मिलती है, कंपनी को नहीं।","लोगों को लगता है कि OFS में जुटाई गई धनराशि कंपनी को मिलती है, लेकिन वास्तव में यह धनराशि बेचने वाले शेयरधारकों को मिलती है।",एसईबीआई,शुरुआत,विक्रीसाठीचा प्रस्ताव (OFS) म्हणजे काय?,"विक्रीचा प्रस्ताव म्हणजे जेव्हा प्रवर्तक किंवा वित्तीय संस्थांसारखे विद्यमान भागधारक त्यांचे शेअर्स जनतेला विकतात; यातून मिळणारा पैसा कंपनीला नाही, तर त्या विक्रेत्यांना मिळतो.","ज्याप्रमाणे एखादा जुनी गाडीचा मालक आपली गाडी खरेदीदाराला विकतो, त्याप्रमाणे पैसे मालकाला मिळतात, कारखान्याला नाही.","सूचीबद्ध कंपनीचा प्रवर्तक ओएफएस (OFS) द्वारे सार्वजनिक गुंतवणूकदारांना आपल्या वैयक्तिक हिश्श्याचा काही भाग विकतो; यातून मिळणारी रक्कम कंपनीला नव्हे, तर प्रवर्तकाला मिळते.","लोकांना वाटते की ओएफएस (OFS) मध्ये उभारलेला पैसा कंपनीला मिळतो, पण प्रत्यक्षात तो निधी विक्री करणाऱ्या भागधारकांना मिळतो.",सेबी,नवशिक्या
What is a Follow on Public Offer (FPO)?,An FPO is a fresh issue of securities to the public by a company that has already completed an IPO in the past.,Like a restaurant that already opened to the public raising extra money from new investors to expand.,"A company that did its IPO three years ago issues new shares to the public to raise more capital, which is an FPO.","People confuse an FPO with an IPO; an IPO is a company's first public issue, while an FPO is a subsequent one.",SEBI,beginner,फॉलो ऑन पब्लिक ऑफर (एफपीओ) क्या है?,एफपीओ एक ऐसी कंपनी द्वारा जनता के लिए प्रतिभूतियों का नया निर्गम है जिसने पहले ही आईपीओ पूरा कर लिया है।,"जैसे कोई रेस्तरां जो पहले से ही जनता के लिए खुला हुआ है, विस्तार करने के लिए नए निवेशकों से अतिरिक्त धन जुटा रहा है।","एक कंपनी जिसने तीन साल पहले अपना आईपीओ किया था, वह अधिक पूंजी जुटाने के लिए जनता को नए शेयर जारी करती है, जिसे एफपीओ कहा जाता है।","लोग एफपीओ और आईपीओ को लेकर भ्रमित हो जाते हैं; आईपीओ किसी कंपनी का पहला सार्वजनिक निर्गम होता है, जबकि एफपीओ उसके बाद का निर्गम होता है।",एसईबीआई,शुरुआत,फॉलो ऑन पब्लिक ऑफर (FPO) म्हणजे काय?,"एफपीओ म्हणजे ज्या कंपनीने भूतकाळात आयपीओ आधीच पूर्ण केला आहे, तिच्याद्वारे जनतेला सिक्युरिटीजचा केलेला एक नवीन इश्यू होय.","ज्याप्रमाणे एखादे रेस्टॉरंट जे आधीच लोकांसाठी खुले झाले आहे, ते विस्तारासाठी नवीन गुंतवणूकदारांकडून अतिरिक्त निधी उभारते.","तीन वर्षांपूर्वी आयपीओ आणलेली कंपनी अधिक भांडवल उभारण्यासाठी जनतेला नवीन शेअर्स जारी करते, याला एफपीओ म्हणतात.","लोक एफपीओ आणि आयपीओमध्ये गोंधळ करतात; आयपीओ हा कंपनीचा पहिला सार्वजनिक इश्यू असतो, तर एफपीओ हा त्यानंतरचा असतो.",सेबी,नवशिक्या
What is a Preferential Issue?,"A preferential issue is when securities are issued to an identified set of investors such as promoters, strategic investors, or employees, rather than to the general public.",Like inviting only selected guests to a private dinner instead of opening the restaurant to everyone.,"A company issues new shares only to its promoters and a few strategic investors, skipping the open market.","Some think preferential issues are open to all investors, but they are limited to a select identified group.",SEBI,beginner,वरीयता जारी करना क्या है?,"तरजीही निर्गम वह प्रक्रिया है जिसमें प्रतिभूतियां आम जनता के बजाय प्रमोटरों, रणनीतिक निवेशकों या कर्मचारियों जैसे निवेशकों के एक विशिष्ट समूह को जारी की जाती हैं।",जैसे कि रेस्तरां को सभी के लिए खोलने के बजाय केवल चुनिंदा मेहमानों को ही निजी रात्रिभोज में आमंत्रित करना।,"एक कंपनी खुले बाजार को दरकिनार करते हुए, केवल अपने प्रवर्तकों और कुछ रणनीतिक निवेशकों को ही नए शेयर जारी करती है।","कुछ लोगों का मानना ​​है कि तरजीही शेयर जारी करना सभी निवेशकों के लिए खुला है, लेकिन वास्तव में यह एक चुनिंदा समूह तक ही सीमित है।",एसईबीआई,शुरुआत,प्राधान्यपूर्ण अंक म्हणजे काय?,"प्राधान्य समभाग विक्री म्हणजे जेव्हा प्रतिभूती सर्वसामान्य जनतेऐवजी, प्रवर्तक, धोरणात्मक गुंतवणूकदार किंवा कर्मचारी यांसारख्या ओळखल्या गेलेल्या गुंतवणूकदारांच्या गटाला जारी केल्या जातात.",जणू काही रेस्टॉरंट सर्वांसाठी खुले करण्याऐवजी केवळ निवडक पाहुण्यांनाच खासगी जेवणासाठी आमंत्रित करण्यासारखे.,"कंपनी खुल्या बाजाराला वगळून, केवळ तिच्या प्रवर्तकांना आणि काही निवडक धोरणात्मक गुंतवणूकदारांनाच नवीन शेअर्स जारी करते.","काहींना वाटते की प्राधान्य समभाग सर्व गुंतवणूकदारांसाठी खुले आहेत, परंतु ते एका निवडक ओळखल्या गेलेल्या गटापुरतेच मर्यादित आहेत.",सेबी,नवशिक्या
What is a Rights Issue?,A rights issue is when a company gives its existing shareholders the right to subscribe to newly issued shares in proportion to their existing shareholding.,Like offering existing members of a club the first chance to buy extra membership shares before outsiders.,"If you own 5% of a company, a rights issue lets you apply for 5% of the newly issued shares.","People believe subscribing to a rights issue is compulsory, but shareholders can choose to decline.",SEBI,beginner,अधिकार का मुद्दा क्या है?,राइट्स इश्यू वह प्रक्रिया है जिसमें कोई कंपनी अपने मौजूदा शेयरधारकों को उनकी मौजूदा शेयरधारिता के अनुपात में नए जारी किए गए शेयरों की सदस्यता लेने का अधिकार देती है।,जैसे किसी क्लब के मौजूदा सदस्यों को बाहरी लोगों से पहले अतिरिक्त सदस्यता शेयर खरीदने का पहला मौका देना।,"यदि आपके पास किसी कंपनी के 5% शेयर हैं, तो राइट्स इश्यू के माध्यम से आप नए जारी किए गए शेयरों के 5% के लिए आवेदन कर सकते हैं।","लोगों का मानना ​​है कि राइट्स इश्यू में सदस्यता लेना अनिवार्य है, लेकिन शेयरधारक मना करने का विकल्प चुन सकते हैं।",एसईबीआई,शुरुआत,हक्कांचा मुद्दा म्हणजे काय?,राइट्स इश्यू म्हणजे जेव्हा एखादी कंपनी आपल्या विद्यमान भागधारकांना त्यांच्या सध्याच्या भागधारणेच्या प्रमाणात नव्याने जारी केलेले शेअर्स खरेदी करण्याचा अधिकार देते.,"जसे की, एखाद्या क्लबच्या विद्यमान सदस्यांना बाहेरील व्यक्तींच्या आधी अतिरिक्त सदस्यत्व शेअर्स खरेदी करण्याची पहिली संधी देणे.","जर तुमच्याकडे कंपनीचे ५% शेअर्स असतील, तर राइट्स इश्यूमुळे तुम्हाला नव्याने जारी केलेल्या ५% शेअर्ससाठी अर्ज करता येतो.","राइट्स इश्यूमध्ये गुंतवणूक करणे अनिवार्य आहे असे लोकांना वाटते, परंतु भागधारकांना नकार देण्याचा पर्याय असतो.",सेबी,नवशिक्या
What is a Bonus Issue?,A bonus issue is when existing shareholders receive additional shares in proportion to their existing shareholding at no additional cost.,Like a shop giving you free extra items in proportion to how much you already bought.,A shareholder holding 100 shares receives 50 extra shares for free in a 1:2 bonus issue.,"People think bonus shares cost money, but they are issued free of cost to existing shareholders.",SEBI,beginner,बोनस अंक क्या होता है?,बोनस इश्यू वह स्थिति होती है जब मौजूदा शेयरधारकों को बिना किसी अतिरिक्त लागत के उनकी मौजूदा शेयरधारिता के अनुपात में अतिरिक्त शेयर प्राप्त होते हैं।,जैसे कोई दुकान आपको आपके द्वारा पहले से खरीदी गई वस्तुओं के अनुपात में मुफ्त में अतिरिक्त वस्तुएं दे रही हो।,100 शेयर रखने वाले शेयरधारक को 1:2 के बोनस इश्यू में 50 अतिरिक्त शेयर मुफ्त में मिलते हैं।,"लोगों को लगता है कि बोनस शेयरों के लिए पैसे खर्च करने पड़ते हैं, लेकिन ये मौजूदा शेयरधारकों को मुफ्त में जारी किए जाते हैं।",एसईबीआई,शुरुआत,बोनस अंक म्हणजे काय?,"बोनस इश्यू म्हणजे जेव्हा विद्यमान भागधारकांना त्यांच्या सध्याच्या भागधारणेच्या प्रमाणात, कोणताही अतिरिक्त खर्च न करता अतिरिक्त शेअर्स मिळतात.",जसे एखादे दुकान तुम्ही आधीच केलेल्या खरेदीच्या प्रमाणात तुम्हाला मोफत अतिरिक्त वस्तू देते.,१०० शेअर्स असलेल्या भागधारकाला १:२ बोनस इश्यूमध्ये ५० अतिरिक्त शेअर्स मोफत मिळतात.,"लोकांना वाटते की बोनस शेअर्ससाठी पैसे मोजावे लागतात, पण ते विद्यमान भागधारकांना विनामूल्य दिले जातात.",सेबी,नवशिक्या
What is renunciation of rights shares?,Renunciation is when a shareholder unwilling to subscribe to a rights issue sells their rights in the open market through the rights entitlement trading platform or an off-market transaction.,Like passing on a discount coupon you don't want to a friend who can use it.,A shareholder who does not want to buy more shares sells their rights entitlement on the stock exchange to someone else.,"Some think refusing a rights issue means the rights simply lapse, but the shareholder can sell them instead.",SEBI,beginner,अधिकारों और शेयरों का त्याग क्या होता है?,"जब कोई शेयरधारक राइट्स इश्यू में सदस्यता लेने के लिए अनिच्छुक होता है, तो वह राइट्स एंटाइटेलमेंट ट्रेडिंग प्लेटफॉर्म या ऑफ-मार्केट लेनदेन के माध्यम से खुले बाजार में अपने अधिकार बेच देता है, जिसे ही त्याग कहा जाता है।",जैसे कि आप अपने किसी ऐसे डिस्काउंट कूपन को किसी ऐसे दोस्त को दे देते हैं जो उसका इस्तेमाल कर सकता है।,"जो शेयरधारक और शेयर नहीं खरीदना चाहता, वह शेयर बाजार में अपने अधिकार किसी और को बेच देता है।","कुछ लोगों का मानना ​​है कि राइट्स इश्यू को अस्वीकार करने का मतलब है कि राइट्स स्वतः ही समाप्त हो जाते हैं, लेकिन शेयरधारक इसके बजाय उन्हें बेच सकता है।",एसईबीआई,शुरुआत,हक्क भागांचा त्याग म्हणजे काय?,"हक्क विक्रीमध्ये सहभागी होण्यास इच्छुक नसलेला भागधारक जेव्हा हक्क हक्क व्यापार मंचाद्वारे किंवा बाजारबाह्य व्यवहाराद्वारे खुल्या बाजारात आपले हक्क विकतो, तेव्हा त्याला त्याग म्हणतात.","जसं की, तुम्हाला नको असलेलं एखादं डिस्काउंट कूपन, ज्याला त्याची गरज आहे अशा मित्राला देऊन टाकणं.","ज्या भागधारकाला अधिक शेअर्स खरेदी करण्याची इच्छा नसते, तो शेअर बाजारातील आपले हक्क दुसऱ्या कोणाला तरी विकतो.","काहींना वाटते की राइट्स इश्यू नाकारल्यास ते हक्क आपोआप रद्द होतात, पण भागधारक त्याऐवजी ते विकू शकतो.",सेबी,नवशिक्या
Who is eligible to participate in a rights issue?,Only shareholders whose names appear on the company's register of shareholders on the record date are eligible to participate.,Like only people on the guest list on the day of the event being allowed entry.,"If the record date is 10th June, only those registered as shareholders on that date can apply for the rights shares.","People think anyone can buy rights shares, but eligibility depends on being a registered shareholder on the record date.",SEBI,beginner,किसी अधिकार संबंधी मुद्दे में भाग लेने के लिए कौन पात्र है?,केवल वे शेयरधारक ही भाग लेने के पात्र हैं जिनके नाम रिकॉर्ड तिथि पर कंपनी के शेयरधारकों के रजिस्टर में दर्ज हैं।,जैसे कि कार्यक्रम वाले दिन केवल अतिथि सूची में शामिल लोगों को ही प्रवेश की अनुमति दी जाएगी।,"यदि रिकॉर्ड तिथि 10 जून है, तो केवल वही लोग जो उस तिथि को शेयरधारक के रूप में पंजीकृत हैं, राइट्स शेयरों के लिए आवेदन कर सकते हैं।","लोगों को लगता है कि कोई भी राइट्स शेयर खरीद सकता है, लेकिन पात्रता इस बात पर निर्भर करती है कि व्यक्ति रिकॉर्ड तिथि पर पंजीकृत शेयरधारक हो।",एसईबीआई,शुरुआत,हक्क विक्रीमध्ये सहभागी होण्यास कोण पात्र आहे?,"केवळ तेच भागधारक सहभागी होण्यास पात्र आहेत, ज्यांची नावे नोंदणीच्या तारखेला कंपनीच्या भागधारकांच्या नोंदवहीमध्ये आहेत.",जसे की कार्यक्रमाच्या दिवशी फक्त पाहुण्यांच्या यादीतील लोकांनाच प्रवेश दिला जातो.,"जर रेकॉर्ड तारीख १० जून असेल, तर केवळ त्या तारखेला भागधारक म्हणून नोंदणी केलेलेच राइट्स शेअर्ससाठी अर्ज करू शकतात.","लोकांना वाटते की कोणीही राइट्स शेअर्स खरेदी करू शकतो, परंतु पात्रता ही रेकॉर्ड तारखेला नोंदणीकृत शेअरधारक असण्यावर अवलंबून असते.",सेबी,नवशिक्या
What is a draft prospectus (DRHP)?,"A draft prospectus, or draft red herring prospectus, is the offer document a company files with SEBI to raise funds from the public, containing details about the company, promoters, business, finances, risks, and terms of the issue.",Like a detailed product manual that helps a buyer understand what they are purchasing before they commit.,"Before an IPO, a company files a DRHP with SEBI describing its business model, financial history, and the purpose of raising money.","People think the prospectus is only marketing material, but it is a legal document meant to help investors make informed decisions.",SEBI,beginner,ड्राफ्ट प्रॉस्पेक्टस (डीआरएचपी) क्या है?,"एक ड्राफ्ट प्रॉस्पेक्टस, या ड्राफ्ट रेड हेरिंग प्रॉस्पेक्टस, वह प्रस्ताव दस्तावेज है जिसे कोई कंपनी जनता से धन जुटाने के लिए एसईबीआई के पास दाखिल करती है, जिसमें कंपनी, प्रमोटरों, व्यवसाय, वित्त, जोखिम और निर्गम की शर्तों के बारे में विवरण होता है।",जैसे एक विस्तृत उत्पाद मैनुअल जो खरीदार को खरीदारी करने से पहले यह समझने में मदद करता है कि वे क्या खरीद रहे हैं।,"आईपीओ से पहले, एक कंपनी एसईबीआई के पास डीआरएचपी (डिजिटल राइट्स पेपर) दाखिल करती है जिसमें उसके बिजनेस मॉडल, वित्तीय इतिहास और धन जुटाने के उद्देश्य का वर्णन होता है।","लोग सोचते हैं कि प्रॉस्पेक्टस केवल मार्केटिंग सामग्री है, लेकिन यह एक कानूनी दस्तावेज है जिसका उद्देश्य निवेशकों को सोच-समझकर निर्णय लेने में मदद करना है।",एसईबीआई,शुरुआत,ड्राफ्ट प्रॉस्पेक्टस (DRHP) म्हणजे काय?,"मसुदा प्रॉस्पेक्टस, किंवा मसुदा रेड हेरिंग प्रॉस्पेक्टस, हा एक ऑफर दस्तऐवज आहे जो कंपनी जनतेकडून निधी उभारण्यासाठी सेबीकडे दाखल करते, ज्यामध्ये कंपनी, प्रवर्तक, व्यवसाय, वित्त, जोखीम आणि इश्यूच्या अटींबद्दल तपशील असतो.","एखाद्या तपशीलवार उत्पादन माहितीपुस्तिकेप्रमाणे, जी खरेदीदाराला खरेदीचा निर्णय घेण्यापूर्वी आपण काय खरेदी करत आहोत हे समजून घेण्यास मदत करते.","आयपीओपूर्वी, कंपनी सेबीकडे डीआरएचपी दाखल करते, ज्यामध्ये तिच्या व्यवसायाचे मॉडेल, आर्थिक इतिहास आणि निधी उभारण्याचा उद्देश यांचे वर्णन असते.","लोकांना वाटते की माहितीपत्रक हे केवळ विपणन साहित्य आहे, पण तो एक कायदेशीर दस्तऐवज आहे जो गुंतवणूकदारांना माहितीपूर्ण निर्णय घेण्यास मदत करण्यासाठी असतो.",सेबी,नवशिक्या
What is the record date and Ex-Rights date in a rights issue?,"The record date is the cut-off date for determining eligible shareholders for a rights issue, and the Ex-Rights date is two days prior to the record date.","Like a deadline for being on a list, with a buffer date before it when the eligibility is frozen.","If the record date is 15th June, the Ex-Rights date is 13th June; buying after that means you are not eligible for the rights.","Some think buying shares anytime before the issue closes makes them eligible, but only holdings as of the record date count.",SEBI,beginner,राइट्स इश्यू में रिकॉर्ड डेट और एक्स-राइट्स डेट क्या होती है?,"रिकॉर्ड तिथि, राइट्स इश्यू के लिए पात्र शेयरधारकों को निर्धारित करने की अंतिम तिथि होती है, और एक्स-राइट्स तिथि रिकॉर्ड तिथि से दो दिन पहले की होती है।","जैसे किसी सूची में शामिल होने की एक समय सीमा होती है, जिसके पहले एक बफर तिथि होती है जब पात्रता को स्थिर रखा जाता है।","यदि रिकॉर्ड तिथि 15 जून है, तो एक्स-राइट्स तिथि 13 जून है; उसके बाद खरीदने का मतलब है कि आप अधिकारों के लिए पात्र नहीं हैं।","कुछ लोगों का मानना ​​है कि शेयर जारी होने की प्रक्रिया पूरी होने से पहले कभी भी शेयर खरीदने से वे पात्र हो जाते हैं, लेकिन केवल रिकॉर्ड तिथि तक के शेयर ही गिने जाते हैं।",एसईबीआई,शुरुआत,राइट्स इश्यूमध्ये रेकॉर्ड डेट आणि एक्स-राइट्स डेट म्हणजे काय?,रेकॉर्ड तारीख ही राइट्स इश्यूसाठी पात्र भागधारक निश्चित करण्याची अंतिम तारीख आहे आणि एक्स-राइट्स तारीख ही रेकॉर्ड तारखेच्या दोन दिवस आधीची असते.,"जसे यादीत नाव समाविष्ट करण्यासाठी अंतिम मुदत असते आणि त्यापूर्वी एक मधली तारीख असते, ज्या दरम्यान पात्रता गोठवली जाते.","जर रेकॉर्ड तारीख १५ जून असेल, तर एक्स-राईट्स तारीख १३ जून आहे; त्यानंतर खरेदी केल्यास तुम्ही हक्कांसाठी पात्र राहणार नाही.","काहींना वाटते की इश्यू बंद होण्यापूर्वी कधीही शेअर्स खरेदी केल्याने ते पात्र ठरतात, परंतु केवळ रेकॉर्ड डेटनुसार असलेली हिस्सेदारीच ग्राह्य धरली जाते.",सेबी,नवशिक्या
How are shares issued in the primary market allotted and held?,"Securities issued in the primary market are listed on a recognized stock exchange within 3 working days of the issue closure date, and allotted shares are credited to the investor's demat account held with a depository.",Like an online order being delivered to your personal locker within a few days after purchase.,"After an issue closes, the shares are listed for trading within 3 working days and credited to your demat account.","People think they receive physical share certificates, but shares are credited electronically to a demat account.",SEBI,beginner,प्राथमिक बाजार में जारी किए गए शेयरों का आवंटन और उन्हें धारण करने का तरीका क्या है?,"प्राथमिक बाजार में जारी की गई प्रतिभूतियां जारी होने की तिथि के 3 कार्य दिवसों के भीतर एक मान्यता प्राप्त स्टॉक एक्सचेंज पर सूचीबद्ध हो जाती हैं, और आवंटित शेयर निवेशक के डिपॉजिटरी में रखे गए डीमैट खाते में जमा कर दिए जाते हैं।",जैसे ऑनलाइन ऑर्डर करने के कुछ दिनों के भीतर ही वह आपके पर्सनल लॉकर में डिलीवर हो जाता है।,"शेयर जारी होने की प्रक्रिया पूरी होने के बाद, शेयर 3 कार्य दिवसों के भीतर ट्रेडिंग के लिए सूचीबद्ध हो जाते हैं और आपके डीमैट खाते में जमा हो जाते हैं।","लोगों को लगता है कि उन्हें शेयरों के भौतिक प्रमाण पत्र मिलते हैं, लेकिन वास्तव में शेयर इलेक्ट्रॉनिक रूप से डीमैट खाते में जमा किए जाते हैं।",एसईबीआई,शुरुआत,प्राथमिक बाजारात जारी केलेले शेअर्स कसे वाटप केले जातात आणि कसे धारण केले जातात?,"प्राथमिक बाजारात जारी केलेले रोखे, इश्यू बंद झाल्याच्या तारखेपासून ३ कामकाजाच्या दिवसांच्या आत मान्यताप्राप्त स्टॉक एक्सचेंजवर सूचीबद्ध केले जातात आणि वाटप केलेले शेअर्स डिपॉझिटरीमध्ये असलेल्या गुंतवणूकदाराच्या डिमॅट खात्यात जमा केले जातात.",जसे की ऑनलाइन ऑर्डर खरेदी केल्यानंतर काही दिवसांत तुमच्या वैयक्तिक लॉकरमध्ये पोहोचवली जाते.,"इश्यू बंद झाल्यानंतर, शेअर्स ३ कामकाजाच्या दिवसांच्या आत ट्रेडिंगसाठी सूचीबद्ध केले जातात आणि तुमच्या डिमॅट खात्यात जमा केले जातात.","लोकांना वाटते की त्यांना प्रत्यक्ष शेअर प्रमाणपत्रे मिळतात, पण शेअर्स डिमॅट खात्यात इलेक्ट्रॉनिक पद्धतीने जमा केले जातात.",सेबी,नवशिक्या
What is an Offer for Sale (OFS) in the primary market?,"An Offer for Sale is when existing shareholders such as promoters or financial institutions sell their shares to the public. The money paid by investors goes to those selling shareholders, not to the company itself.","It is like a second-hand shop: you buy an item, but the money goes to the previous owner, not the original factory that made it.","A promoter who owns 60% of a listed company sells 5% of their stake to public investors through an OFS. The cash from investors goes directly to the promoter, and the company receives nothing.","Many think the company receives the money raised in an OFS. In reality, the funds go to the selling shareholders, not the company.",SEBI,beginner,प्राथमिक बाजार में ऑफर फॉर सेल (ओएफएस) क्या है?,"शेयर बिक्री प्रस्ताव वह स्थिति है जब मौजूदा शेयरधारक, जैसे कि प्रमोटर या वित्तीय संस्थान, अपने शेयर जनता को बेचते हैं। निवेशकों द्वारा भुगतान की गई धनराशि कंपनी को नहीं बल्कि बेचने वाले शेयरधारकों को जाती है।","यह एक सेकंड-हैंड दुकान की तरह है: आप एक वस्तु खरीदते हैं, लेकिन पैसा पिछले मालिक के पास जाता है, न कि उस मूल कारखाने के पास जिसने इसे बनाया था।","एक सूचीबद्ध कंपनी में 60% हिस्सेदारी रखने वाला प्रमोटर, OFS के माध्यम से अपनी 5% हिस्सेदारी सार्वजनिक निवेशकों को बेचता है। निवेशकों से प्राप्त धनराशि सीधे प्रमोटर को जाती है, और कंपनी को कुछ भी प्राप्त नहीं होता है।","कई लोगों का मानना ​​है कि OFS में जुटाई गई धनराशि कंपनी को मिलती है। वास्तविकता में, यह धनराशि कंपनी को नहीं बल्कि बेचने वाले शेयरधारकों को जाती है।",एसईबीआई,शुरुआत,प्राथमिक बाजारात 'विक्रीचा प्रस्ताव' (Offer for Sale - OFS) म्हणजे काय?,"विक्रीचा प्रस्ताव म्हणजे जेव्हा प्रवर्तक किंवा वित्तीय संस्थांसारखे विद्यमान भागधारक त्यांचे शेअर्स जनतेला विकतात. गुंतवणूकदारांनी दिलेले पैसे कंपनीला न मिळता, विक्री करणाऱ्या भागधारकांना मिळतात.","हे एखाद्या जुन्या वस्तूंच्या दुकानासारखे आहे: तुम्ही एखादी वस्तू विकत घेता, पण त्याचे पैसे ती वस्तू बनवणाऱ्या मूळ कारखान्याला न जाता, आधीच्या मालकाला मिळतात.","एका सूचीबद्ध कंपनीमध्ये ६०% मालकी असलेला प्रवर्तक, ओएफएस (OFS) द्वारे आपला ५% हिस्सा सार्वजनिक गुंतवणूकदारांना विकतो. गुंतवणूकदारांकडून मिळालेली रक्कम थेट प्रवर्तकाला मिळते आणि कंपनीला काहीही मिळत नाही.","बऱ्याच जणांना असे वाटते की ओएफएस (OFS) मध्ये उभारलेला निधी कंपनीला मिळतो. वास्तविक पाहता, हा निधी कंपनीला नाही, तर विक्री करणाऱ्या भागधारकांना जातो.",सेबी,नवशिक्या
Is it compulsory for a shareholder to subscribe to a Rights Issue?,"No. Shareholders who do not wish to subscribe can sell their rights in the open market through the rights entitlement trading platform of the stock exchange, or via an off-market transaction. This is called renunciation of rights shares.","It is like receiving a discount coupon you do not want to use, so you can sell or give that coupon to someone else instead.",An investor not interested in buying more shares sells their rights entitlement on the stock exchange's rights trading platform to another buyer.,"Many assume they must either subscribe or lose their rights. In reality, they can sell or renounce their rights entitlement.",SEBI,beginner,क्या शेयरधारक के लिए राइट्स इश्यू में सदस्यता लेना अनिवार्य है?,"नहीं। जो शेयरधारक शेयर खरीदना नहीं चाहते, वे अपने अधिकार शेयर बाजार में स्टॉक एक्सचेंज के अधिकार व्यापार मंच के माध्यम से या ऑफ-मार्केट लेनदेन के जरिए बेच सकते हैं। इसे अधिकार शेयरों का त्याग कहा जाता है।","यह ठीक वैसा ही है जैसे आपको कोई डिस्काउंट कूपन मिला हो जिसे आप इस्तेमाल नहीं करना चाहते, इसलिए आप उस कूपन को बेच सकते हैं या किसी और को दे सकते हैं।","जो निवेशक और शेयर खरीदने में रुचि नहीं रखते हैं, वे शेयर बाजार के राइट्स ट्रेडिंग प्लेटफॉर्म पर अपने राइट्स एंटाइटेलमेंट को किसी अन्य खरीदार को बेच देते हैं।","कई लोग मानते हैं कि उन्हें या तो सदस्यता लेनी होगी या अपने अधिकार खो देने होंगे। वास्तविकता में, वे अपने अधिकारों को बेच सकते हैं या उनका त्याग कर सकते हैं।",एसईबीआई,शुरुआत,भागधारकासाठी राइट्स इश्यूमध्ये भाग घेणे बंधनकारक आहे का?,"नाही. ज्या भागधारकांना वर्गणी भरण्याची इच्छा नाही, ते आपले हक्क शेअर बाजाराच्या हक्क-प्राप्ती व्यापार मंचाद्वारे (rights entitlement trading platform) खुल्या बाजारात, किंवा बाजाराबाहेरील व्यवहाराद्वारे (off-market transaction) विकू शकतात. याला हक्क भागांचा त्याग (renunciation of rights shares) म्हणतात.","हे अगदी असे आहे की, तुम्हाला एक सवलत कूपन मिळाले आहे जे तुम्हाला वापरायचे नाही, म्हणून तुम्ही ते कूपन विकू शकता किंवा त्याऐवजी दुसऱ्या कोणाला देऊ शकता.","ज्या गुंतवणूकदाराला अधिक शेअर्स खरेदी करण्यात रस नाही, तो शेअर बाजाराच्या राइट्स ट्रेडिंग प्लॅटफॉर्मवर आपले हक्क दुसऱ्या खरेदीदाराला विकतो.","अनेकांना असे वाटते की, त्यांना एकतर सदस्यता घ्यावी लागेल किंवा आपले हक्क गमवावे लागतील. प्रत्यक्षात, ते आपले हक्क विकू शकतात किंवा सोडून देऊ शकतात.",सेबी,नवशिक्या
What is the Ex-Rights date and how does it relate to the record date?,The Ex-Rights date is two days prior to the record date. Investors buying shares on or after the Ex-Rights date are not eligible to participate in the rights issue.,"It is like a ticket sale cut-off: if you buy a concert ticket after the cut-off date, you cannot get the special fan-only bonus.","If the record date is the 10th, the Ex-Rights date is the 8th. An investor buying shares on the 9th will not receive the rights entitlement.","People often think buying shares any time before the record date qualifies them. Actually, the purchase must occur before the Ex-Rights date.",SEBI,beginner,एक्स-राइट्स तिथि क्या है और इसका रिकॉर्ड तिथि से क्या संबंध है?,एक्स-राइट्स तिथि रिकॉर्ड तिथि से दो दिन पहले होती है। एक्स-राइट्स तिथि को या उसके बाद शेयर खरीदने वाले निवेशक राइट्स इश्यू में भाग लेने के पात्र नहीं होते हैं।,"यह टिकट बिक्री की अंतिम तिथि की तरह है: यदि आप अंतिम तिथि के बाद कॉन्सर्ट का टिकट खरीदते हैं, तो आपको प्रशंसकों के लिए विशेष बोनस नहीं मिलेगा।","यदि रिकॉर्ड तिथि 10 है, तो एक्स-राइट्स तिथि 8 होगी। 9 तारीख को शेयर खरीदने वाले निवेशक को राइट्स का लाभ नहीं मिलेगा।","लोग अक्सर सोचते हैं कि रिकॉर्ड तिथि से पहले कभी भी शेयर खरीदने से वे योग्य हो जाते हैं। वास्तव में, खरीदारी एक्स-राइट्स तिथि से पहले होनी चाहिए।",एसईबीआई,शुरुआत,माजी-हक्क तारीख म्हणजे काय आणि तिचा नोंदणी तारखेशी काय संबंध आहे?,एक्स-राईट्स तारीख ही रेकॉर्ड तारखेच्या दोन दिवस आधीची असते. एक्स-राईट्स तारखेला किंवा त्यानंतर शेअर्स खरेदी करणारे गुंतवणूकदार राईट्स इश्यूमध्ये सहभागी होण्यास पात्र नसतात.,"हे तिकीट विक्रीच्या अंतिम मुदतीसारखे आहे: जर तुम्ही अंतिम मुदतीनंतर कॉन्सर्टचे तिकीट खरेदी केले, तर तुम्हाला केवळ चाहत्यांसाठी असलेला विशेष बोनस मिळू शकणार नाही.","जर रेकॉर्ड तारीख १० तारीख असेल, तर एक्स-राईट्स तारीख ८ तारीख आहे. ९ तारखेला शेअर्स खरेदी करणाऱ्या गुंतवणूकदाराला हक्कांचा लाभ मिळणार नाही.","लोकांना अनेकदा असे वाटते की रेकॉर्ड डेटच्या आधी कधीही शेअर्स खरेदी केल्यास ते पात्र ठरतात. वास्तविक पाहता, ही खरेदी एक्स-राईट्स डेटच्या आधीच झालेली असणे आवश्यक आहे.",सेबी,नवशिक्या
What is the biggest advantage of a Rights Issue for a company?,"It is the fastest way of raising capital. Compared to public offerings, a rights issue offers a quicker and less regulatory-intensive approach to raising capital.",It is like asking your existing tenants to contribute for building repairs instead of advertising to find brand-new investors.,A company needing quick funds chooses a rights issue because it can raise money faster with fewer regulatory steps than a full public offering.,"Some assume a rights issue is slow and complicated. In fact, it is one of the fastest and least regulatory-heavy ways to raise capital.",SEBI,beginner,किसी कंपनी के लिए राइट्स इश्यू का सबसे बड़ा फायदा क्या है?,"पूंजी जुटाने का यह सबसे तेज़ तरीका है। सार्वजनिक पेशकशों की तुलना में, राइट्स इश्यू पूंजी जुटाने का एक त्वरित और कम नियामकीय दृष्टिकोण प्रदान करता है।",यह कुछ ऐसा ही है जैसे नए निवेशकों को खोजने के लिए विज्ञापन देने के बजाय अपने मौजूदा किरायेदारों से भवन की मरम्मत के लिए योगदान देने को कहना।,"जिन कंपनियों को तुरंत धन की आवश्यकता होती है, वे राइट्स इश्यू का विकल्प चुनती हैं क्योंकि यह पूर्ण सार्वजनिक पेशकश की तुलना में कम नियामक प्रक्रियाओं के साथ तेजी से धन जुटा सकती है।","कुछ लोग मानते हैं कि राइट्स इश्यू धीमी और जटिल प्रक्रिया है। वास्तव में, यह पूंजी जुटाने के सबसे तेज़ और सबसे कम नियामक प्रक्रियाओं में से एक है।",एसईबीआई,शुरुआत,कंपनीसाठी राइट्स इश्यूचा सर्वात मोठा फायदा कोणता आहे?,"भांडवल उभारण्याचा हा सर्वात जलद मार्ग आहे. सार्वजनिक भागविक्रीच्या तुलनेत, राइट्स इश्यू हा भांडवल उभारण्यासाठी एक अधिक जलद आणि कमी नियामक-केंद्रित दृष्टिकोन प्रदान करतो.","हे म्हणजे, नवीन गुंतवणूकदार शोधण्यासाठी जाहिरात करण्याऐवजी, तुमच्या सध्याच्या भाडेकरूंना इमारतीच्या दुरुस्तीसाठी पैसे देण्यास सांगण्यासारखे आहे.","ज्या कंपनीला त्वरित निधीची आवश्यकता असते, ती राइट्स इश्यूचा पर्याय निवडते, कारण पूर्ण पब्लिक ऑफरिंगच्या तुलनेत यामध्ये कमी नियामक प्रक्रियांसह अधिक वेगाने निधी उभारता येतो.","काहींना वाटते की राइट्स इश्यू ही एक संथ आणि गुंतागुंतीची प्रक्रिया आहे. वास्तविक पाहता, भांडवल उभारण्याचा हा सर्वात जलद आणि कमीत कमी नियामक बंधने असलेला एक मार्ग आहे.",सेबी,नवशिक्या
What is a Draft Prospectus (Draft Red Herring Prospectus) and why is it filed?,"To raise funds from the public, a company files an offer document with SEBI called the draft red herring prospectus or draft prospectus. It contains details such as company history, promoter details, business model, financial history, business risks, purpose of raising money, and terms of issue, helping investors make informed decisions.",It is like a detailed product label and manual that tells you exactly what you are buying before you spend your money.,"Before launching an IPO, a company files its draft prospectus with SEBI, disclosing its financials, risks, and how it plans to use the money raised.",Some think the prospectus is only a formality. It is actually a critical disclosure document that helps investors understand the risks and make informed decisions.,SEBI,beginner,ड्राफ्ट प्रॉस्पेक्टस (ड्राफ्ट रेड हेरिंग प्रॉस्पेक्टस) क्या है और इसे क्यों दाखिल किया जाता है?,"जनता से धन जुटाने के लिए, कोई कंपनी SEBI के पास एक प्रस्ताव दस्तावेज़ दाखिल करती है जिसे ड्राफ्ट रेड हेरिंग प्रॉस्पेक्टस या ड्राफ्ट प्रॉस्पेक्टस कहा जाता है। इसमें कंपनी का इतिहास, प्रमोटर का विवरण, व्यवसाय मॉडल, वित्तीय इतिहास, व्यावसायिक जोखिम, धन जुटाने का उद्देश्य और निर्गम की शर्तें जैसी जानकारी शामिल होती है, जिससे निवेशकों को सोच-समझकर निर्णय लेने में मदद मिलती है।",यह एक विस्तृत उत्पाद लेबल और मैनुअल की तरह है जो आपको पैसे खर्च करने से पहले ही यह बता देता है कि आप वास्तव में क्या खरीद रहे हैं।,"आईपीओ लॉन्च करने से पहले, एक कंपनी एसईबीआई के पास अपना ड्राफ्ट प्रॉस्पेक्टस दाखिल करती है, जिसमें वह अपनी वित्तीय स्थिति, जोखिमों और जुटाई गई धनराशि का उपयोग करने की योजना का खुलासा करती है।",कुछ लोग सोचते हैं कि प्रॉस्पेक्टस केवल एक औपचारिकता है। वास्तव में यह एक महत्वपूर्ण खुलासा दस्तावेज है जो निवेशकों को जोखिमों को समझने और सोच-समझकर निर्णय लेने में मदद करता है।,एसईबीआई,शुरुआत,ड्राफ्ट प्रॉस्पेक्टस (ड्राफ्ट रेड हेरिंग प्रॉस्पेक्टस) म्हणजे काय आणि ते का दाखल केले जाते?,"जनतेकडून निधी उभारण्यासाठी, कंपनी सेबीकडे 'ड्राफ्ट रेड हेरिंग प्रॉस्पेक्टस' किंवा 'ड्राफ्ट प्रॉस्पेक्टस' नावाचा एक ऑफर दस्तऐवज दाखल करते. त्यात कंपनीचा इतिहास, प्रवर्तकांचा तपशील, व्यवसाय मॉडेल, आर्थिक इतिहास, व्यवसायातील जोखीम, निधी उभारण्याचा उद्देश आणि इश्यूच्या अटी यांसारखे तपशील असतात, जे गुंतवणूकदारांना माहितीपूर्ण निर्णय घेण्यास मदत करतात.","हे एका तपशीलवार उत्पादन लेबल आणि मॅन्युअलसारखे आहे, जे तुम्ही पैसे खर्च करण्यापूर्वीच तुम्ही नेमके काय खरेदी करत आहात हे तुम्हाला सांगते.","आयपीओ आणण्यापूर्वी, कंपनी आपली आर्थिक स्थिती, धोके आणि उभारलेल्या निधीचा वापर कसा करण्याची योजना आहे, हे उघड करून आपला मसुदा प्रॉस्पेक्टस सेबीकडे दाखल करते.","काहींना वाटते की माहितीपत्रक केवळ एक औपचारिकता आहे. पण वास्तविक पाहता, तो एक अत्यंत महत्त्वाचा प्रकटीकरण दस्तऐवज आहे, जो गुंतवणूकदारांना धोके समजून घेण्यास आणि माहितीपूर्ण निर्णय घेण्यास मदत करतो.",सेबी,नवशिक्या
What is a stock broker?,"A stock broker is a member of a stock exchange, registered with SEBI, who is permitted to buy and sell securities on the exchange platform on behalf of investors for a fee or commission.","A stock broker is like a licensed travel agent: you tell them where you want to go (buy or sell), and they book the ticket on the exchange for you, charging a service fee.","Riya wants to buy 10 shares of a company. She places the order with her SEBI-registered broker, who executes the trade on the exchange and charges her a small commission.","Many beginners think anyone can directly trade on a stock exchange; in reality, you must go through a SEBI-registered stock broker who is a member of the exchange.",SEBI,beginner,स्टॉक ब्रोकर क्या होता है?,"एक स्टॉक ब्रोकर स्टॉक एक्सचेंज का सदस्य होता है, जो एसईबीआई के साथ पंजीकृत होता है, और जिसे निवेशकों की ओर से शुल्क या कमीशन के बदले एक्सचेंज प्लेटफॉर्म पर प्रतिभूतियों को खरीदने और बेचने की अनुमति होती है।","एक स्टॉक ब्रोकर एक लाइसेंस प्राप्त ट्रैवल एजेंट की तरह होता है: आप उन्हें बताते हैं कि आप कहाँ जाना चाहते हैं (खरीदना या बेचना), और वे आपके लिए एक्सचेंज पर टिकट बुक कर देते हैं, जिसके लिए वे सेवा शुल्क लेते हैं।","रिया एक कंपनी के 10 शेयर खरीदना चाहती है। वह SEBI में पंजीकृत अपने ब्रोकर के माध्यम से ऑर्डर देती है, जो एक्सचेंज पर ट्रेड को पूरा करता है और उससे एक छोटा सा कमीशन लेता है।","कई नौसिखिए सोचते हैं कि कोई भी सीधे स्टॉक एक्सचेंज पर ट्रेडिंग कर सकता है; वास्तविकता में, आपको SEBI-पंजीकृत स्टॉक ब्रोकर के माध्यम से जाना होगा जो एक्सचेंज का सदस्य हो।",एसईबीआई,शुरुआत,स्टॉक ब्रोकर म्हणजे काय?,"स्टॉक ब्रोकर हा स्टॉक एक्सचेंजचा एक सदस्य असतो, जो सेबीकडे नोंदणीकृत असतो आणि ज्याला गुंतवणूकदारांच्या वतीने शुल्क किंवा कमिशन घेऊन एक्सचेंज प्लॅटफॉर्मवर सिक्युरिटीजची खरेदी-विक्री करण्याची परवानगी असते.",स्टॉक ब्रोकर हा परवानाधारक ट्रॅव्हल एजंटसारखा असतो: तुम्हाला कुठे जायचे आहे (खरेदी किंवा विक्री) हे तुम्ही त्यांना सांगता आणि ते सेवा शुल्क आकारून तुमच्यासाठी एक्सचेंजवर तिकीट बुक करतात.,"रियाला एका कंपनीचे १० शेअर्स खरेदी करायचे आहेत. ती तिच्या सेबी-नोंदणीकृत ब्रोकरकडे ऑर्डर देते, जो एक्सचेंजवर हा व्यवहार पूर्ण करतो आणि तिच्याकडून थोडे कमिशन आकारतो.","अनेक नवशिक्यांना वाटते की कोणीही थेट शेअर बाजारात व्यवहार करू शकतो; पण प्रत्यक्षात, तुम्हाला त्या शेअर बाजाराचे सदस्य असलेल्या आणि सेबी-नोंदणीकृत स्टॉक ब्रोकरमार्फतच व्यवहार करावा लागतो.",सेबी,नवशिक्या
What is a Depository Participant (DP)?,"A Depository Participant is an agent of a depository that provides demat services to investors, such as opening and maintaining a demat account and helping with dematerialization of shares.","A depository is like a bank that stores your shares, and the Depository Participant (DP) is like the bank branch or relationship manager you actually interact with.",Arjun opens a demat account through his DP so his shares can be held electronically and sold easily when he wants.,"People often confuse the depository with the DP; the depository (like NSDL or CDSL) holds the securities, while the DP is the intermediary you deal with directly.",SEBI,beginner,डिपॉजिटरी पार्टिसिपेंट (डीपी) क्या है?,"डिपॉजिटरी पार्टिसिपेंट डिपॉजिटरी का एक एजेंट होता है जो निवेशकों को डीमैट सेवाएं प्रदान करता है, जैसे कि डीमैट खाता खोलना और उसे बनाए रखना और शेयरों के डीमैटरियलाइजेशन में सहायता करना।","डिपॉजिटरी एक बैंक की तरह है जो आपके शेयरों को सुरक्षित रखता है, और डिपॉजिटरी पार्टिसिपेंट (डीपी) उस बैंक शाखा या रिलेशनशिप मैनेजर की तरह है जिससे आप वास्तव में बातचीत करते हैं।",अर्जुन अपने डीपी के माध्यम से एक डीमैट खाता खोलता है ताकि उसके शेयर इलेक्ट्रॉनिक रूप से रखे जा सकें और जब चाहे आसानी से बेचे जा सकें।,"लोग अक्सर डिपॉजिटरी और डीपी के बीच भ्रम पैदा कर देते हैं; डिपॉजिटरी (जैसे एनएसडीएल या सीडीएसएल) प्रतिभूतियों को अपने पास रखती है, जबकि डीपी वह मध्यस्थ होता है जिसके साथ आप सीधे लेन-देन करते हैं।",एसईबीआई,शुरुआत,डिपॉझिटरी पार्टिसिपंट (DP) म्हणजे काय?,"डिपॉझिटरी पार्टिसिपंट हा डिपॉझिटरीचा एक एजंट असतो जो गुंतवणूकदारांना डिमॅट सेवा पुरवतो, जसे की डिमॅट खाते उघडणे व ते चालवणे आणि शेअर्सच्या डिमॅटीकरणात मदत करणे.","डिपॉझिटरी ही तुमच्या शेअर्सचा साठा करणाऱ्या बँकेसारखी असते, आणि डिपॉझिटरी पार्टिसिपंट (DP) हा बँकेच्या शाखेसारखा किंवा रिलेशनशिप मॅनेजरसारखा असतो, ज्यांच्याशी तुम्ही प्रत्यक्ष संवाद साधता.","अर्जुन त्याच्या डीपीमार्फत डिमॅट खाते उघडतो, जेणेकरून त्याचे शेअर्स इलेक्ट्रॉनिक पद्धतीने ठेवता येतील आणि त्याला पाहिजे तेव्हा सहज विकता येतील.","लोक अनेकदा डिपॉझिटरी आणि डीपी यांच्यात गोंधळ करतात; डिपॉझिटरी (जसे की NSDL किंवा CDSL) सिक्युरिटीज धारण करते, तर डीपी हा एक मध्यस्थ आहे ज्याच्याशी तुम्ही थेट व्यवहार करता.",सेबी,नवशिक्या
What are Market Infrastructure Institutions (MIIs)?,"MIIs are the institutions that provide the necessary infrastructure to facilitate transactions in the securities market, namely stock exchanges, depositories, and clearing corporations.","MIIs are like a city's public infrastructure (roads, power, water) that everyone needs to do business, even though they don't sell goods themselves.","BSE, NSDL, and a clearing corporation together form the market infrastructure that lets an investor safely buy, hold, and settle shares.",Beginners may think MIIs are brokers or advisors; in fact they are the neutral backbone that supports trading rather than buying or selling on their own behalf.,SEBI,beginner,बाजार अवसंरचना संस्थान (एमआईआई) क्या हैं?,"एमआईआई वे संस्थाएं हैं जो प्रतिभूति बाजार में लेनदेन को सुविधाजनक बनाने के लिए आवश्यक बुनियादी ढांचा प्रदान करती हैं, अर्थात् स्टॉक एक्सचेंज, डिपॉजिटरी और क्लियरिंग कॉर्पोरेशन।","एमआईआई एक शहर के सार्वजनिक बुनियादी ढांचे (सड़कें, बिजली, पानी) की तरह हैं जिनकी जरूरत हर किसी को व्यापार करने के लिए होती है, भले ही वे खुद सामान न बेचते हों।","बीएसई, एनएसडीएल और एक क्लियरिंग कॉर्पोरेशन मिलकर बाजार की ऐसी अवसंरचना का निर्माण करते हैं जो एक निवेशक को सुरक्षित रूप से शेयर खरीदने, रखने और उनका निपटान करने की सुविधा प्रदान करती है।","शुरुआती लोगों को लग सकता है कि एमआईआई ब्रोकर या सलाहकार हैं; वास्तव में वे एक तटस्थ आधार हैं जो ट्रेडिंग को समर्थन देते हैं, न कि स्वयं की ओर से खरीद या बिक्री करते हैं।",एसईबीआई,शुरुआत,बाजार पायाभूत सुविधा संस्था (MIIs) म्हणजे काय?,"एमआयआय (MIIs) या अशा संस्था आहेत ज्या प्रतिभूती बाजारातील व्यवहार सुलभ करण्यासाठी आवश्यक पायाभूत सुविधा पुरवतात, म्हणजेच स्टॉक एक्सचेंज, डिपॉझिटरीज आणि क्लिअरिंग कॉर्पोरेशन्स.","एमआयआय (MIIs) हे शहराच्या सार्वजनिक पायाभूत सुविधांसारखे (रस्ते, वीज, पाणी) आहेत, ज्यांची गरज प्रत्येकाला व्यवसाय करण्यासाठी असते, जरी ते स्वतः वस्तू विकत नसले तरी.","बीएसई, एनएसडीएल आणि एक क्लिअरिंग कॉर्पोरेशन मिळून अशी बाजारपेठेची पायाभूत संरचना तयार करतात, जी गुंतवणूकदाराला सुरक्षितपणे शेअर्स खरेदी करण्यास, धारण करण्यास आणि त्यांचे सेटलमेंट करण्यास सक्षम करते.","नवशिक्यांना वाटू शकते की एमआयआय (MII) हे दलाल किंवा सल्लागार आहेत; वास्तविक पाहता, ते स्वतःच्या वतीने खरेदी-विक्री करण्याऐवजी व्यापाराला आधार देणारा एक तटस्थ आधारस्तंभ आहेत.",सेबी,नवशिक्या
What is a clearing corporation?,"A clearing corporation guarantees the settlement of trades executed on the stock exchanges, ensuring every buyer gets the securities bought and every seller gets the money for the securities sold.",It works like a trusted referee in a swap: it makes sure both sides honor the deal even if one party backs out.,"If a buyer defaults after a trade, the clearing corporation steps in to ensure the seller still receives payment.",Some believe the broker personally guarantees settlement; actually the clearing corporation provides that guarantee of settlement.,SEBI,beginner,क्लियरिंग कॉर्पोरेशन क्या है?,"एक क्लियरिंग कॉर्पोरेशन स्टॉक एक्सचेंजों पर किए गए लेन-देन के निपटान की गारंटी देता है, यह सुनिश्चित करते हुए कि प्रत्येक खरीदार को खरीदी गई प्रतिभूतियां मिलें और प्रत्येक विक्रेता को बेची गई प्रतिभूतियों के लिए धन मिले।","यह किसी अदला-बदली में भरोसेमंद रेफरी की तरह काम करता है: यह सुनिश्चित करता है कि दोनों पक्ष सौदे का सम्मान करें, भले ही एक पक्ष पीछे हट जाए।","यदि कोई खरीदार लेन-देन के बाद भुगतान में चूक करता है, तो क्लियरिंग कॉर्पोरेशन यह सुनिश्चित करने के लिए हस्तक्षेप करता है कि विक्रेता को भुगतान प्राप्त हो जाए।","कुछ लोगों का मानना ​​है कि ब्रोकर व्यक्तिगत रूप से निपटान की गारंटी देता है; वास्तव में, निपटान की वह गारंटी क्लियरिंग कॉर्पोरेशन द्वारा प्रदान की जाती है।",एसईबीआई,शुरुआत,क्लिअरिंग कॉर्पोरेशन म्हणजे काय?,"क्लिअरिंग कॉर्पोरेशन शेअर बाजारात झालेल्या व्यवहारांच्या पूर्ततेची हमी देते, जेणेकरून प्रत्येक खरेदीदाराला खरेदी केलेले रोखे मिळतील आणि प्रत्येक विक्रेत्याला विकलेल्या रोख्यांचे पैसे मिळतील.","हे एखाद्या अदलाबदलीमधील विश्वासू पंचाप्रमाणे काम करते: जरी एका पक्षाने माघार घेतली तरी, दोन्ही पक्ष कराराचे पालन करतील याची ते खात्री करते.","व्यवहारानंतर खरेदीदाराने पैसे देण्यास टाळाटाळ केल्यास, विक्रेत्याला पैसे मिळतील याची खात्री करण्यासाठी क्लिअरिंग कॉर्पोरेशन हस्तक्षेप करते.","काहींना वाटते की ब्रोकर वैयक्तिकरित्या सेटलमेंटची हमी देतो; वास्तविक पाहता, क्लिअरिंग कॉर्पोरेशन सेटलमेंटची ती हमी प्रदान करते.",सेबी,नवशिक्या
What is a depository?,A depository holds investors' securities in dematerialized or electronic form and provides demat services to investors through its Depository Participants. India has two depositories: NSDL and CDSL.,A depository is like a secure vault or bank locker where your shares are stored electronically instead of as paper certificates.,"When Priya buys shares, they are stored electronically in her demat account maintained under a depository like CDSL.",A common myth is that you get physical share certificates; nowadays shares are mostly held electronically in a depository.,SEBI,beginner,डिपॉजिटरी क्या है?,डिपॉजिटरी निवेशकों की प्रतिभूतियों को विमटेरियलाइज्ड या इलेक्ट्रॉनिक रूप में रखती है और अपने डिपॉजिटरी पार्टिसिपेंट्स के माध्यम से निवेशकों को डीमैट सेवाएं प्रदान करती है। भारत में दो डिपॉजिटरी हैं: एनएसडीएल और सीडीएसएल।,डिपॉजिटरी एक सुरक्षित तिजोरी या बैंक लॉकर की तरह होती है जहां आपके शेयर कागजी प्रमाणपत्रों के बजाय इलेक्ट्रॉनिक रूप से संग्रहीत किए जाते हैं।,"जब प्रिया शेयर खरीदती है, तो वे सीडीएसएल जैसी डिपॉजिटरी के तहत बनाए गए उसके डीमैट खाते में इलेक्ट्रॉनिक रूप से संग्रहीत होते हैं।",एक आम गलत धारणा यह है कि आपको शेयरों के भौतिक प्रमाणपत्र मिलते हैं; आजकल शेयर अधिकतर इलेक्ट्रॉनिक रूप से डिपॉजिटरी में रखे जाते हैं।,एसईबीआई,शुरुआत,संग्रहस्थान म्हणजे काय?,डिपॉझिटरी गुंतवणूकदारांचे रोखे डिमॅट स्वरूपात किंवा इलेक्ट्रॉनिक स्वरूपात सांभाळते आणि आपल्या डिपॉझिटरी पार्टिसिपंट्समार्फत गुंतवणूकदारांना डिमॅट सेवा पुरवते. भारतात दोन डिपॉझिटरीज आहेत: NSDL आणि CDSL.,"डिपॉझिटरी म्हणजे एखाद्या सुरक्षित तिजोरी किंवा बँक लॉकरसारखी असते, जिथे तुमचे शेअर्स कागदी प्रमाणपत्रांऐवजी इलेक्ट्रॉनिक पद्धतीने साठवले जातात.","जेव्हा प्रिया शेअर्स खरेदी करते, तेव्हा ते CDSL सारख्या डिपॉझिटरी अंतर्गत असलेल्या तिच्या डिमॅट खात्यामध्ये इलेक्ट्रॉनिक पद्धतीने साठवले जातात.",एक सामान्य गैरसमज असा आहे की तुम्हाला प्रत्यक्ष शेअर प्रमाणपत्रे मिळतात; आजकाल शेअर्स बहुतांशी डिपॉझिटरीमध्ये इलेक्ट्रॉनिक पद्धतीने ठेवले जातात.,सेबी,नवशिक्या
What is a demat account?,"A demat account is an account through which an investor holds securities in electronic or dematerialized form, opened and maintained with a Depository Participant.",A demat account for shares is like a digital wallet that holds your securities instead of cash.,"To sell shares on the exchange, Kavya must have a demat account so the shares can be transferred electronically to the buyer.","New investors sometimes think a demat account and a trading account are the same; the trading account places orders, while the demat account stores the securities.",SEBI,beginner,डीमैट खाता क्या होता है?,"डीमैट खाता एक ऐसा खाता है जिसके माध्यम से एक निवेशक इलेक्ट्रॉनिक या डीमैटरियलाइज्ड रूप में प्रतिभूतियां रखता है, जिसे डिपॉजिटरी पार्टिसिपेंट के साथ खोला और बनाए रखा जाता है।",शेयरों के लिए डीमैट खाता एक डिजिटल वॉलेट की तरह होता है जिसमें नकदी के बजाय आपकी प्रतिभूतियां रखी जाती हैं।,"शेयर बाजार में शेयर बेचने के लिए, काव्या के पास एक डीमैट खाता होना आवश्यक है ताकि शेयरों को खरीदार को इलेक्ट्रॉनिक रूप से हस्तांतरित किया जा सके।","नए निवेशक कभी-कभी सोचते हैं कि डीमैट खाता और ट्रेडिंग खाता एक ही हैं; ट्रेडिंग खाता ऑर्डर देता है, जबकि डीमैट खाता प्रतिभूतियों को संग्रहीत करता है।",एसईबीआई,शुरुआत,डिमॅट खाते म्हणजे काय?,"डिमॅट खाते हे एक असे खाते आहे, ज्याद्वारे गुंतवणूकदार इलेक्ट्रॉनिक किंवा डिमॅट स्वरूपात सिक्युरिटीज धारण करतो आणि ते डिपॉझिटरी पार्टिसिपंटकडे उघडले व सांभाळले जाते.","शेअर्ससाठीचे डिमॅट खाते हे एका डिजिटल वॉलेटसारखे असते, ज्यात रोख रकमेऐवजी तुमच्या सिक्युरिटीज ठेवल्या जातात.","एक्सचेंजवर शेअर्स विकण्यासाठी, काव्याकडे डिमॅट खाते असणे आवश्यक आहे जेणेकरून शेअर्स खरेदीदाराला इलेक्ट्रॉनिक पद्धतीने हस्तांतरित केले जाऊ शकतील.","नवीन गुंतवणूकदारांना कधीकधी असे वाटते की डिमॅट खाते आणि ट्रेडिंग खाते एकच आहे; ट्रेडिंग खात्याद्वारे ऑर्डर दिल्या जातात, तर डिमॅट खात्यामध्ये सिक्युरिटीज साठवल्या जातात.",सेबी,नवशिक्या
What are market intermediaries?,"Market intermediaries are entities that support the process of executing buy or sell orders, dealing in securities, and providing trading-related information. Examples include stock brokers, depository participants, merchant bankers, share transfer agents, and registrars.",They are like the various specialists in a hospital—each plays a supporting role so the overall system (your treatment) runs smoothly.,"When a company lists shares, a merchant banker helps with the issue and a registrar manages records, while brokers execute trades for investors.",Some assume intermediaries are unregulated; in fact they are all registered with SEBI and must follow norms to protect investors.,SEBI,beginner,बाजार मध्यस्थ क्या होते हैं?,"बाजार मध्यस्थ वे संस्थाएं हैं जो खरीद या बिक्री के आदेशों को निष्पादित करने, प्रतिभूतियों में लेन-देन करने और व्यापार से संबंधित जानकारी प्रदान करने की प्रक्रिया में सहायता करती हैं। उदाहरणों में स्टॉक ब्रोकर, डिपॉजिटरी पार्टिसिपेंट, मर्चेंट बैंकर, शेयर ट्रांसफर एजेंट और रजिस्ट्रार शामिल हैं।",वे अस्पताल में मौजूद विभिन्न विशेषज्ञों की तरह हैं - प्रत्येक एक सहायक भूमिका निभाता है ताकि समग्र प्रणाली (आपका उपचार) सुचारू रूप से चल सके।,"जब कोई कंपनी अपने शेयर लिस्ट करती है, तो एक मर्चेंट बैंकर इश्यू में मदद करता है और एक रजिस्ट्रार रिकॉर्ड का प्रबंधन करता है, जबकि ब्रोकर निवेशकों के लिए ट्रेड को अंजाम देते हैं।",कुछ लोग मानते हैं कि मध्यस्थ अनियमित हैं; वास्तव में वे सभी एसईबीआई के साथ पंजीकृत हैं और निवेशकों की सुरक्षा के लिए मानदंडों का पालन करना आवश्यक है।,एसईबीआई,शुरुआत,बाजार मध्यस्थ म्हणजे काय?,"बाजार मध्यस्थ म्हणजे अशा संस्था आहेत ज्या खरेदी किंवा विक्रीचे आदेश कार्यान्वित करणे, प्रतिभूतींमध्ये व्यवहार करणे आणि व्यापाराशी संबंधित माहिती प्रदान करणे या प्रक्रियेस साहाय्य करतात. उदाहरणांमध्ये स्टॉक ब्रोकर्स, डिपॉझिटरी पार्टिसिपंट्स, मर्चंट बँकर्स, शेअर ट्रान्सफर एजंट आणि रजिस्ट्रार यांचा समावेश होतो.",ते रुग्णालयातील विविध तज्ञांसारखे आहेत—प्रत्येकजण सहाय्यक भूमिका बजावतो जेणेकरून संपूर्ण प्रणाली (तुमचे उपचार) सुरळीतपणे चालेल.,"जेव्हा एखादी कंपनी शेअर्सची सूची तयार करते, तेव्हा मर्चंट बँकर इश्यूमध्ये मदत करतो आणि रजिस्ट्रार नोंदींचे व्यवस्थापन करतो, तर ब्रोकर्स गुंतवणूकदारांसाठी व्यवहार पार पाडतात.",काहींना असे वाटते की मध्यस्थ अनियंत्रित आहेत; वास्तविक पाहता ते सर्व सेबीकडे नोंदणीकृत आहेत आणि गुंतवणूकदारांचे संरक्षण करण्यासाठी त्यांना नियमांचे पालन करणे बंधनकारक आहे.,सेबी,नवशिक्या
What are the two main segments of a stock exchange?,The two main segments of a stock exchange are the Cash Market segment and the Derivatives Market segment.,"The cash market is like buying a product outright, while the derivatives market is like making a contract about that product's future price.","An investor buying shares for immediate delivery uses the cash market segment, while someone trading a futures contract uses the derivatives segment.",Beginners often think all exchange trading is the same; the cash and derivatives segments work differently and serve different purposes.,SEBI,beginner,शेयर बाजार के दो मुख्य भाग कौन से हैं?,स्टॉक एक्सचेंज के दो मुख्य खंड हैं कैश मार्केट खंड और डेरिवेटिव्स मार्केट खंड।,"नकद बाजार किसी उत्पाद को सीधे खरीदने जैसा है, जबकि डेरिवेटिव बाजार उस उत्पाद के भविष्य के मूल्य के बारे में अनुबंध करने जैसा है।","तत्काल डिलीवरी के लिए शेयर खरीदने वाला निवेशक कैश मार्केट सेगमेंट का उपयोग करता है, जबकि फ्यूचर्स कॉन्ट्रैक्ट का व्यापार करने वाला व्यक्ति डेरिवेटिव सेगमेंट का उपयोग करता है।",शुरुआती लोग अक्सर सोचते हैं कि सभी एक्सचेंज ट्रेडिंग एक जैसी होती है; कैश और डेरिवेटिव सेगमेंट अलग-अलग तरीके से काम करते हैं और अलग-अलग उद्देश्यों की पूर्ति करते हैं।,एसईबीआई,शुरुआत,शेअर बाजाराचे दोन मुख्य विभाग कोणते आहेत?,शेअर बाजाराचे दोन मुख्य विभाग म्हणजे कॅश मार्केट विभाग आणि डेरिव्हेटिव्ह मार्केट विभाग.,"कॅश मार्केट म्हणजे एखादे उत्पादन थेट खरेदी करण्यासारखे आहे, तर डेरिव्हेटिव्ह मार्केट म्हणजे त्या उत्पादनाच्या भविष्यातील किमतीबद्दल करार करण्यासारखे आहे.","तात्काळ डिलिव्हरीसाठी शेअर्स खरेदी करणारा गुंतवणूकदार कॅश मार्केट सेगमेंटचा वापर करतो, तर फ्युचर्स कॉन्ट्रॅक्टचा व्यापार करणारी व्यक्ती डेरिव्हेटिव्ह सेगमेंटचा वापर करते.",नवशिक्यांना अनेकदा असे वाटते की सर्व एक्सचेंज ट्रेडिंग एकसारखेच असते; परंतु कॅश आणि डेरिव्हेटिव्ह्ज हे विभाग वेगवेगळ्या प्रकारे काम करतात आणि त्यांचे उद्देशही वेगवेगळे असतात.,सेबी,नवशिक्या
What is the main function of a Clearing Corporation?,"A Clearing Corporation guarantees the settlement of trades done on the Stock Exchanges, ensuring every buyer gets the securities bought and every seller gets the money for the securities sold.",It works like an escrow service or a trusted middleman who makes sure both sides of a deal are honoured.,"If you buy shares on the NSE, the Clearing Corporation ensures the shares reach your demat account and the seller receives payment.","Some think a Clearing Corporation decides trade prices, but prices are determined by the market; the Clearing Corporation only guarantees settlement.",SEBI,beginner,क्लियरिंग कॉर्पोरेशन का मुख्य कार्य क्या है?,"एक क्लियरिंग कॉर्पोरेशन स्टॉक एक्सचेंजों पर किए गए लेन-देन के निपटान की गारंटी देता है, यह सुनिश्चित करते हुए कि प्रत्येक खरीदार को खरीदी गई प्रतिभूतियां मिलें और प्रत्येक विक्रेता को बेची गई प्रतिभूतियों के लिए धन प्राप्त हो।",यह एक एस्क्रो सेवा या एक विश्वसनीय मध्यस्थ की तरह काम करता है जो यह सुनिश्चित करता है कि सौदे के दोनों पक्षों का सम्मान किया जाए।,"यदि आप एनएसई पर शेयर खरीदते हैं, तो क्लियरिंग कॉर्पोरेशन यह सुनिश्चित करता है कि शेयर आपके डीमैट खाते में पहुंच जाएं और विक्रेता को भुगतान प्राप्त हो जाए।","कुछ लोगों का मानना ​​है कि क्लियरिंग कॉर्पोरेशन व्यापार की कीमतें तय करता है, लेकिन कीमतें बाजार द्वारा निर्धारित की जाती हैं; क्लियरिंग कॉर्पोरेशन केवल निपटान की गारंटी देता है।",एसईबीआई,शुरुआत,क्लिअरिंग कॉर्पोरेशनचे मुख्य कार्य काय आहे?,"क्लिअरिंग कॉर्पोरेशन शेअर बाजारात झालेल्या व्यवहारांच्या पूर्ततेची हमी देते, जेणेकरून प्रत्येक खरेदीदाराला खरेदी केलेले रोखे मिळतील आणि प्रत्येक विक्रेत्याला विकलेल्या रोख्यांचे पैसे मिळतील.","हे एखाद्या एस्क्रो सेवेप्रमाणे किंवा विश्वासू मध्यस्थाप्रमाणे काम करते, जो व्यवहारातील दोन्ही पक्षांचे म्हणणे मान्य होईल याची खात्री करतो.","तुम्ही NSE वर शेअर्स खरेदी केल्यास, ते शेअर्स तुमच्या डिमॅट खात्यात पोहोचतील आणि विक्रेत्याला पैसे मिळतील याची खात्री क्लिअरिंग कॉर्पोरेशन करते.","काहींना वाटते की क्लिअरिंग कॉर्पोरेशन व्यापाराच्या किमती ठरवते, पण किमती बाजारपेठेनुसार ठरतात; क्लिअरिंग कॉर्पोरेशन केवळ सेटलमेंटची हमी देते.",सेबी,नवशिक्या
Who are market intermediaries?,"Market intermediaries are entities that support the buying and selling of securities by executing orders, dealing in securities, and providing related information. They must be registered with SEBI.",They are like the various specialists in a hospital—each plays a supporting role so the whole system works smoothly.,"Stock brokers, depository participants, merchant bankers, and registrars are all market intermediaries.","People sometimes think intermediaries are optional, but SEBI registration and compliance are mandatory to protect investors.",SEBI,beginner,बाजार मध्यस्थ कौन होते हैं?,"बाजार मध्यस्थ वे संस्थाएं हैं जो आदेशों को निष्पादित करके, प्रतिभूतियों का लेन-देन करके और संबंधित जानकारी प्रदान करके प्रतिभूतियों की खरीद-बिक्री में सहायता करती हैं। उन्हें एसईबीआई के साथ पंजीकृत होना अनिवार्य है।",वे अस्पताल में मौजूद विभिन्न विशेषज्ञों की तरह हैं—प्रत्येक व्यक्ति सहायक भूमिका निभाता है ताकि पूरी प्रणाली सुचारू रूप से काम कर सके।,"स्टॉक ब्रोकर, डिपॉजिटरी पार्टिसिपेंट्स, मर्चेंट बैंकर्स और रजिस्ट्रार सभी बाजार मध्यस्थ हैं।","लोग कभी-कभी सोचते हैं कि मध्यस्थों की आवश्यकता नहीं होती है, लेकिन निवेशकों की सुरक्षा के लिए एसईबीआई के साथ पंजीकरण और अनुपालन अनिवार्य है।",एसईबीआई,शुरुआत,बाजार मध्यस्थ कोण आहेत?,"बाजार मध्यस्थ या अशा संस्था आहेत, ज्या आदेशांची अंमलबजावणी करून, प्रतिभूतींमध्ये व्यवहार करून आणि संबंधित माहिती पुरवून प्रतिभूतींच्या खरेदी-विक्रीस साहाय्य करतात. त्यांची सेबीकडे नोंदणी असणे अनिवार्य आहे.","ते रुग्णालयातील विविध तज्ज्ञांसारखे आहेत—प्रत्येकजण सहाय्यक भूमिका बजावतो, जेणेकरून संपूर्ण यंत्रणा सुरळीतपणे चालते.","स्टॉक ब्रोकर्स, डिपॉझिटरी पार्टिसिपंट्स, मर्चंट बँकर्स आणि रजिस्ट्रार हे सर्व बाजार मध्यस्थ आहेत.","लोकांना कधीकधी वाटते की मध्यस्थ ऐच्छिक असतात, परंतु गुंतवणूकदारांच्या संरक्षणासाठी सेबी नोंदणी आणि अनुपालन अनिवार्य आहे.",सेबी,नवशिक्या
What is dematerialization and a Demat account?,"Dematerialization converts physical share certificates into electronic form, which is then held in a Demat (dematerialized) account maintained through a Depository Participant.",It is like turning your paper bank passbook into a mobile banking app where balances are stored digitally.,"An investor submits physical share certificates to their DP, who converts them into electronic holdings in the Demat account.","Some think a Demat account stores money, but it holds securities; money is handled through a separate bank or trading account.",SEBI,beginner,डिमैटरियलाइजेशन और डिमैट खाता क्या है?,"डीमैटरियलाइजेशन भौतिक शेयर प्रमाणपत्रों को इलेक्ट्रॉनिक रूप में परिवर्तित करता है, जिसे बाद में डिपॉजिटरी पार्टिसिपेंट के माध्यम से बनाए गए डीमैट (डीमैटरियलाइज्ड) खाते में रखा जाता है।","यह बिल्कुल वैसा ही है जैसे आप अपनी कागजी बैंक पासबुक को एक मोबाइल बैंकिंग ऐप में बदल रहे हों, जहां बैलेंस डिजिटल रूप से स्टोर किए जाते हैं।","एक निवेशक अपने डीपी (निवेशक) को भौतिक शेयर प्रमाणपत्र जमा करता है, जो उन्हें डीमैट खाते में इलेक्ट्रॉनिक होल्डिंग में परिवर्तित कर देता है।","कुछ लोगों का मानना ​​है कि डीमैट खाते में पैसा जमा होता है, लेकिन वास्तव में इसमें प्रतिभूतियां रखी जाती हैं; पैसे का लेन-देन एक अलग बैंक या ट्रेडिंग खाते के माध्यम से किया जाता है।",एसईबीआई,शुरुआत,डिमॅटीकरण आणि डिमॅट खाते म्हणजे काय?,"डिमॅटरायझेशनमध्ये भौतिक शेअर प्रमाणपत्रांचे इलेक्ट्रॉनिक स्वरूपात रूपांतर केले जाते, जे नंतर डिपॉझिटरी पार्टिसिपंटद्वारे चालवल्या जाणाऱ्या डिमॅट (डिमॅटराइज्ड) खात्यामध्ये ठेवले जाते.","हे म्हणजे तुमच्या कागदी बँक पासबुकला एका मोबाईल बँकिंग ॲपमध्ये रूपांतरित करण्यासारखे आहे, जिथे शिल्लक रक्कम डिजिटल स्वरूपात साठवली जाते.","गुंतवणूकदार त्यांच्या डीपीकडे प्रत्यक्ष शेअर प्रमाणपत्रे सादर करतात, जे त्यांचे डिमॅट खात्यातील इलेक्ट्रॉनिक होल्डिंगमध्ये रूपांतर करतात.","काहींना वाटते की डिमॅट खात्यात पैसे साठवले जातात, पण त्यात सिक्युरिटीज असतात; पैशांचे व्यवहार एका वेगळ्या बँक किंवा ट्रेडिंग खात्याद्वारे केले जातात.",सेबी,नवशिक्या
What is a depository in the securities market?,A depository is an institution that holds your securities in electronic form and interfaces with you through Depository Participants to provide depository services.,"Think of a depository like a bank locker room: instead of holding physical share certificates, it safely keeps your investments electronically and tracks who owns what.","When you buy shares online, they are credited to your demat account held with a depository like NSDL or CDSL.","Many beginners think a depository is the same as a stock exchange; actually the exchange is where trades happen, while the depository stores and maintains ownership records.",SEBI,beginner,प्रतिभूति बाजार में डिपॉजिटरी क्या होती है?,डिपॉजिटरी एक ऐसी संस्था है जो आपकी प्रतिभूतियों को इलेक्ट्रॉनिक रूप में रखती है और डिपॉजिटरी सेवाएं प्रदान करने के लिए डिपॉजिटरी पार्टिसिपेंट्स के माध्यम से आपसे संपर्क करती है।,"डिपॉजिटरी को बैंक के लॉकर रूम की तरह समझें: इसमें भौतिक शेयर प्रमाणपत्र रखने के बजाय, यह आपके निवेश को इलेक्ट्रॉनिक रूप से सुरक्षित रखता है और यह ट्रैक करता है कि किसके पास क्या है।","जब आप ऑनलाइन शेयर खरीदते हैं, तो वे आपके डीमैट खाते में जमा हो जाते हैं, जो NSDL या CDSL जैसी डिपॉजिटरी के पास होता है।","कई नौसिखिए सोचते हैं कि डिपॉजिटरी और स्टॉक एक्सचेंज एक ही चीज़ हैं; वास्तव में, एक्सचेंज वह जगह है जहाँ लेन-देन होता है, जबकि डिपॉजिटरी स्वामित्व संबंधी रिकॉर्ड को संग्रहीत और बनाए रखती है।",एसईबीआई,शुरुआत,प्रतिभूती बाजारात डिपॉझिटरी म्हणजे काय?,डिपॉझिटरी ही एक अशी संस्था आहे जी तुमच्या प्रतिभूती इलेक्ट्रॉनिक स्वरूपात धारण करते आणि डिपॉझिटरी सेवा प्रदान करण्यासाठी डिपॉझिटरी पार्टिसिपंट्सच्या माध्यमातून तुमच्याशी संवाद साधते.,"डिपॉझिटरीची कल्पना बँकेच्या लॉकर रूमप्रमाणे करा: प्रत्यक्ष शेअर प्रमाणपत्रे ठेवण्याऐवजी, ते तुमची गुंतवणूक इलेक्ट्रॉनिक पद्धतीने सुरक्षितपणे ठेवते आणि कोणाकडे काय आहे याचा मागोवा ठेवते.","जेव्हा तुम्ही ऑनलाइन शेअर्स खरेदी करता, तेव्हा ते NSDL किंवा CDSL सारख्या डिपॉझिटरीमध्ये असलेल्या तुमच्या डिमॅट खात्यात जमा केले जातात.","बऱ्याच नवशिक्यांना वाटते की डिपॉझिटरी आणि स्टॉक एक्सचेंज एकच असतात; वास्तविक पाहता, एक्सचेंजमध्ये व्यवहार होतात, तर डिपॉझिटरी मालकीच्या नोंदी साठवून ठेवते आणि सांभाळते.",सेबी,नवशिक्या
What does a Registrar and Transfer Agent (RTA) do?,An RTA maintains records of investor transactions and ownership details of securities on behalf of companies or fund houses.,An RTA is like a school's record-keeper who tracks every student's enrollment and details on behalf of the school.,"When a company pays dividends, the RTA uses its ownership records to send payments to the right investors.",Some think RTAs handle buying and selling of shares; actually they only keep ownership and transaction records for the issuer.,SEBI,beginner,रजिस्ट्रार और ट्रांसफर एजेंट (आरटीए) क्या करता है?,एक आरटीए कंपनियों या फंड हाउसों की ओर से निवेशकों के लेनदेन और प्रतिभूतियों के स्वामित्व संबंधी विवरणों का रिकॉर्ड रखता है।,आरटीए एक स्कूल के रिकॉर्ड-कीपर की तरह होता है जो स्कूल की ओर से प्रत्येक छात्र के नामांकन और विवरण का रिकॉर्ड रखता है।,"जब कोई कंपनी लाभांश का भुगतान करती है, तो आरटीए अपने स्वामित्व रिकॉर्ड का उपयोग करके सही निवेशकों को भुगतान भेजता है।",कुछ लोगों का मानना ​​है कि आरटीए शेयरों की खरीद-बिक्री का काम संभालते हैं; वास्तव में वे केवल जारीकर्ता के लिए स्वामित्व और लेनदेन के रिकॉर्ड रखते हैं।,एसईबीआई,शुरुआत,रजिस्ट्रार आणि ट्रान्सफर एजंट (RTA) काय करतात?,आरटीए (RTA) कंपन्या किंवा फंड हाऊसच्या वतीने गुंतवणूकदारांच्या व्यवहारांची नोंद आणि सिक्युरिटीजच्या मालकीचा तपशील सांभाळतो.,"आरटीए (RTA) हा शाळेच्या नोंदी ठेवणाऱ्या व्यक्तीसारखा असतो, जो शाळेच्या वतीने प्रत्येक विद्यार्थ्याच्या नावनोंदणीचा ​​आणि तपशिलाचा मागोवा ठेवतो.","जेव्हा एखादी कंपनी लाभांश देते, तेव्हा आरटीए (RTA) योग्य गुंतवणूकदारांना पैसे पाठवण्यासाठी तिच्या मालकीच्या नोंदींचा वापर करते.",काहींना वाटते की आरटीए (RTAs) शेअर्सची खरेदी-विक्री हाताळतात; प्रत्यक्षात ते फक्त जारीकर्त्यासाठी मालकी आणि व्यवहारांच्या नोंदी ठेवतात.,सेबी,नवशिक्या
"Why should you identify your investment goals, horizon and risk appetite before investing?","Every investment decision should reflect your needs and preferences, so knowing your goals, time horizon and how much risk you can tolerate helps you choose suitable products.","It is like planning a trip: you decide the destination (goal), how long you can travel (horizon), and how adventurous a route you are comfortable with (risk appetite) before packing.","A young investor saving for 20 years may accept higher-risk equity products, while someone needing money in a year may prefer safer products with steady returns.",Beginners often chase high-return products without checking whether the risk and time frame actually match their personal situation.,SEBI,beginner,"निवेश करने से पहले आपको अपने निवेश लक्ष्यों, समयावधि और जोखिम उठाने की क्षमता की पहचान क्यों करनी चाहिए?","निवेश से जुड़े हर फैसले में आपकी जरूरतों और प्राथमिकताओं को प्रतिबिंबित होना चाहिए, इसलिए अपने लक्ष्यों, समय सीमा और आप कितना जोखिम सहन कर सकते हैं, यह जानने से आपको उपयुक्त उत्पाद चुनने में मदद मिलती है।","यह किसी यात्रा की योजना बनाने जैसा है: आप सामान पैक करने से पहले गंतव्य (लक्ष्य), यात्रा की अवधि (क्षितिज), और आप किस प्रकार के साहसिक मार्ग के लिए सहज हैं (जोखिम उठाने की क्षमता) तय करते हैं।","20 वर्षों के लिए बचत करने वाला एक युवा निवेशक उच्च जोखिम वाले इक्विटी उत्पादों को स्वीकार कर सकता है, जबकि एक वर्ष में धन की आवश्यकता वाले व्यक्ति को स्थिर रिटर्न वाले सुरक्षित उत्पादों को प्राथमिकता मिल सकती है।","शुरुआती निवेशक अक्सर जोखिम और समय सीमा की जांच किए बिना ही उच्च लाभ वाले उत्पादों के पीछे भागते हैं, यह देखे बिना कि जोखिम और समय सीमा वास्तव में उनकी व्यक्तिगत स्थिति से मेल खाती है या नहीं।",एसईबीआई,शुरुआत,"गुंतवणूक करण्यापूर्वी तुम्ही तुमची गुंतवणुकीची उद्दिष्ट्ये, गुंतवणुकीचा कालावधी आणि जोखीम घेण्याची क्षमता का निश्चित केली पाहिजे?","गुंतवणुकीचा प्रत्येक निर्णय तुमच्या गरजा आणि पसंतीनुसार असावा, त्यामुळे तुमची उद्दिष्ट्ये, गुंतवणुकीसाठी लागणारा वेळ आणि तुम्ही किती जोखीम घेऊ शकता हे जाणून घेतल्यास तुम्हाला योग्य उत्पादने निवडण्यास मदत होते.","हे एखाद्या सहलीचे नियोजन करण्यासारखेच आहे: सामान भरण्यापूर्वी तुम्ही गंतव्यस्थान (ध्येय), किती वेळ प्रवास करू शकता (क्षितिज), आणि तुम्हाला किती साहसी मार्गावर प्रवास करणे सोयीचे वाटेल (जोखीम घेण्याची क्षमता) हे ठरवता.","२० वर्षांसाठी बचत करणारा तरुण गुंतवणूकदार जास्त जोखीम असलेले इक्विटी प्रॉडक्ट्स स्वीकारू शकतो, तर ज्याला एका वर्षात पैशांची गरज आहे तो स्थिर परतावा देणाऱ्या सुरक्षित प्रॉडक्ट्सना प्राधान्य देऊ शकतो.","नवशिक्या व्यक्ती अनेकदा धोका आणि लागणारा वेळ त्यांच्या वैयक्तिक परिस्थितीशी जुळतो की नाही हे न तपासता, जास्त परतावा देणाऱ्या उत्पादनांच्या मागे लागतात.",सेबी,नवशिक्या
What is risk appetite?,Risk appetite is the extent up to which an investor is willing to take risk in their investments.,"It is like your tolerance for spicy food: some people enjoy intense flavors, while others prefer something mild and safe.","An investor with low risk appetite may choose fixed-return products, while one with higher appetite may invest in shares.",Risk appetite is not about how much money you have; it is about your willingness and ability to bear potential losses.,SEBI,beginner,जोखिम लेने की प्रवृत्ति क्या है?,जोखिम उठाने की क्षमता वह सीमा है जिस तक कोई निवेशक अपने निवेश में जोखिम लेने को तैयार होता है।,"यह ठीक वैसे ही है जैसे मसालेदार भोजन के प्रति आपकी सहनशीलता: कुछ लोग तीव्र स्वाद का आनंद लेते हैं, जबकि अन्य लोग हल्के और सुरक्षित स्वाद को पसंद करते हैं।","कम जोखिम लेने की क्षमता वाला निवेशक निश्चित प्रतिफल वाले उत्पादों का चुनाव कर सकता है, जबकि अधिक जोखिम लेने की क्षमता वाला निवेशक शेयरों में निवेश कर सकता है।",जोखिम उठाने की क्षमता इस बात पर निर्भर नहीं करती कि आपके पास कितना पैसा है; बल्कि यह संभावित नुकसान को सहन करने की आपकी इच्छा और क्षमता पर निर्भर करती है।,एसईबीआई,शुरुआत,जोखीम घेण्याची प्रवृत्ती म्हणजे काय?,"जोखीम घेण्याची क्षमता म्हणजे गुंतवणूकदार आपल्या गुंतवणुकीत कितपत जोखीम पत्करण्यास तयार आहे, हे होय.","हे तुमच्या तिखट खाण्याच्या क्षमतेसारखे आहे: काही लोकांना तीव्र चव आवडते, तर काही जण सौम्य आणि सुरक्षित चवीला प्राधान्य देतात.","कमी जोखीम घेण्याची क्षमता असलेला गुंतवणूकदार निश्चित परतावा देणाऱ्या उत्पादनांची निवड करू शकतो, तर जास्त जोखीम घेण्याची क्षमता असलेला गुंतवणूकदार शेअर्समध्ये गुंतवणूक करू शकतो.",जोखीम घेण्याची क्षमता ही तुमच्याकडे किती पैसा आहे यावर अवलंबून नसते; तर ती संभाव्य नुकसान सहन करण्याच्या तुमच्या इच्छेवर आणि क्षमतेवर अवलंबून असते.,सेबी,नवशिक्या
What is Unsystematic Risk?,Unsystematic risk is the risk attached to a particular company or industry rather than the whole market.,"It is like one specific restaurant in a food court doing poorly because of its own service, even though the entire mall is thriving.","If an automobile company faces falling sales, its shares may drop even if the overall market is doing well.",People often confuse it with market-wide risk; unsystematic risk relates only to a specific company or industry and can be reduced by diversification.,SEBI,beginner,अव्यवस्थित जोखिम क्या है?,अव्यवस्थित जोखिम वह जोखिम है जो पूरे बाजार के बजाय किसी विशेष कंपनी या उद्योग से जुड़ा होता है।,"यह कुछ ऐसा ही है जैसे किसी फूड कोर्ट में स्थित एक खास रेस्टोरेंट अपनी खराब सर्विस की वजह से अच्छा प्रदर्शन नहीं कर पा रहा है, जबकि पूरा मॉल फल-फूल रहा है।","यदि किसी ऑटोमोबाइल कंपनी की बिक्री में गिरावट आती है, तो बाजार का समग्र प्रदर्शन अच्छा होने के बावजूद भी उसके शेयरों में गिरावट आ सकती है।",लोग अक्सर इसे बाजार-व्यापी जोखिम के साथ भ्रमित कर देते हैं; असंगठित जोखिम केवल एक विशिष्ट कंपनी या उद्योग से संबंधित होता है और विविधीकरण द्वारा इसे कम किया जा सकता है।,एसईबीआई,शुरुआत,अव्यवस्थित धोका म्हणजे काय?,अव्यवस्थित धोका म्हणजे संपूर्ण बाजाराऐवजी एखाद्या विशिष्ट कंपनी किंवा उद्योगाशी संबंधित असलेला धोका.,"हे अगदी असं आहे, जसं संपूर्ण मॉलची भरभराट होत असूनही, फूड कोर्टमधील एखादं विशिष्ट रेस्टॉरंट स्वतःच्या सेवेमुळे खराब कामगिरी करतं.","जर एखाद्या वाहन कंपनीची विक्री घटत असेल, तर एकूण बाजारपेठेची स्थिती चांगली असली तरीही तिच्या शेअर्सची किंमत कमी होऊ शकते.",लोक अनेकदा याचा बाजारव्यापी जोखमीशी गोंधळ करतात; अव्यवस्थित जोखीम ही केवळ एका विशिष्ट कंपनी किंवा उद्योगाशी संबंधित असते आणि विविधीकरणाद्वारे ती कमी केली जाऊ शकते.,सेबी,नवशिक्या
What is Currency Risk?,Currency risk is the potential loss from fluctuating foreign exchange rates when you have invested in foreign currency or foreign-currency-traded investments.,"It is like paying for an overseas trip in rupees while the rupee-to-dollar rate keeps changing, so the final cost shifts unexpectedly.","If you invest in US stocks and the rupee strengthens against the dollar, your returns in rupees can shrink even if the stock price rises.",Investors think foreign investments only depend on the asset's performance; exchange rate movements can also significantly affect returns.,SEBI,beginner,मुद्रा जोखिम क्या है?,विदेशी मुद्रा में निवेश करने या विदेशी मुद्रा में कारोबार किए जाने वाले निवेशों में विदेशी मुद्रा दरों में उतार-चढ़ाव से होने वाला संभावित नुकसान मुद्रा जोखिम कहलाता है।,"यह विदेश यात्रा के लिए रुपये में भुगतान करने जैसा है, जबकि रुपये और डॉलर की दर लगातार बदलती रहती है, इसलिए अंतिम लागत अप्रत्याशित रूप से बदल जाती है।","यदि आप अमेरिकी शेयरों में निवेश करते हैं और डॉलर के मुकाबले रुपया मजबूत होता है, तो शेयर की कीमत बढ़ने पर भी रुपये में आपका रिटर्न कम हो सकता है।",निवेशकों का मानना ​​है कि विदेशी निवेश केवल परिसंपत्ति के प्रदर्शन पर निर्भर करता है; विनिमय दर में उतार-चढ़ाव भी प्रतिफल को काफी हद तक प्रभावित कर सकता है।,एसईबीआई,शुरुआत,चलन जोखीम म्हणजे काय?,"जेव्हा तुम्ही परकीय चलनात किंवा परकीय चलनात व्यवहार होणाऱ्या गुंतवणुकीत गुंतवणूक केलेली असते, तेव्हा परकीय चलन दरांमधील चढ-उतारामुळे होणाऱ्या संभाव्य नुकसानीला चलन जोखीम म्हणतात.","हे अगदी परदेश प्रवासाचे पैसे रुपयांमध्ये देण्यासारखे आहे, जिथे रुपया-डॉलरचा दर सतत बदलत राहतो, त्यामुळे अंतिम खर्च अनपेक्षितपणे बदलतो.","जर तुम्ही अमेरिकन शेअर्समध्ये गुंतवणूक केली असेल आणि डॉलरच्या तुलनेत रुपया मजबूत झाला, तर शेअरची किंमत वाढली तरीही तुम्हाला रुपयांमध्ये मिळणारा परतावा कमी होऊ शकतो.",गुंतवणूकदारांना वाटते की परकीय गुंतवणूक केवळ मालमत्तेच्या कामगिरीवर अवलंबून असते; परंतु विनिमय दरातील चढ-उतार देखील परताव्यावर लक्षणीय परिणाम करू शकतात.,सेबी,नवशिक्या
What is Volatility Risk?,Volatility risk arises because a company's stock prices may fluctuate over time.,"It is like a boat ride on choppy waters, where the height of the ride keeps changing up and down, sometimes sharply.","A stock might rise 5% one week and fall 8% the next, making its market value unpredictable in the short term.","Some beginners believe price fluctuations always mean permanent loss; volatility is normal movement, not necessarily a final outcome.",SEBI,beginner,अस्थिरता जोखिम क्या है?,अस्थिरता का जोखिम इसलिए उत्पन्न होता है क्योंकि किसी कंपनी के शेयर की कीमतों में समय के साथ उतार-चढ़ाव हो सकता है।,"यह उबड़-खाबड़ पानी में नाव की सवारी करने जैसा है, जहां सवारी की ऊंचाई लगातार ऊपर-नीचे होती रहती है, कभी-कभी अचानक से।","किसी शेयर की कीमत एक सप्ताह में 5% बढ़ सकती है और अगले सप्ताह 8% गिर सकती है, जिससे अल्पावधि में इसका बाजार मूल्य अप्रत्याशित हो जाता है।","कुछ नौसिखिए मानते हैं कि कीमतों में उतार-चढ़ाव का मतलब हमेशा स्थायी नुकसान होता है; अस्थिरता एक सामान्य गतिविधि है, जरूरी नहीं कि यह अंतिम परिणाम हो।",एसईबीआई,शुरुआत,अस्थिरतेचा धोका म्हणजे काय?,कंपनीच्या शेअरच्या किमती काळानुसार कमी-जास्त होऊ शकत असल्यामुळे अस्थिरतेचा धोका निर्माण होतो.,"हे खवळलेल्या पाण्यातील बोटीच्या सफरीसारखे आहे, जिथे राईडची उंची सतत वर-खाली होत राहते, कधीकधी तर एकदम वेगाने.","एखादा शेअर एका आठवड्यात ५% वाढू शकतो आणि पुढच्या आठवड्यात ८% घसरू शकतो, ज्यामुळे अल्प कालावधीत त्याचे बाजारमूल्य अनिश्चित बनते.","काही नवशिक्यांना वाटते की किमतीतील चढउतार म्हणजे नेहमीच कायमस्वरूपी नुकसान असते; पण अस्थिरता ही एक सामान्य हालचाल आहे, तो काही अंतिम परिणाम असेलच असे नाही.",सेबी,नवशिक्या
What is Business Risk?,Business risk is the risk that the inherent value of an investment may change due to the performance of the business or industry it belongs to.,"It is like a bakery failing if people stop buying bread, regardless of how good the baker's intentions were.",A fall in car sales can hurt the value of an automobile company's shares because its business performance has weakened.,New investors assume a well-known brand cannot lose value; even strong companies face business risks from competition and market changes.,SEBI,beginner,व्यावसायिक जोखिम क्या है?,व्यावसायिक जोखिम वह जोखिम है जिसमें निवेश का अंतर्निहित मूल्य उस व्यवसाय या उद्योग के प्रदर्शन के कारण बदल सकता है जिससे वह संबंधित है।,"यह ठीक वैसा ही है जैसे अगर लोग ब्रेड खरीदना बंद कर दें तो बेकरी फेल हो जाए, चाहे बेकर की मंशा कितनी भी अच्छी क्यों न हो।",कारों की बिक्री में गिरावट से किसी ऑटोमोबाइल कंपनी के शेयरों के मूल्य को नुकसान पहुंच सकता है क्योंकि इससे कंपनी का व्यावसायिक प्रदर्शन कमजोर हो जाता है।,नए निवेशक यह मान लेते हैं कि एक प्रसिद्ध ब्रांड का मूल्य कम नहीं हो सकता; लेकिन मजबूत कंपनियों को भी प्रतिस्पर्धा और बाजार में बदलाव से व्यावसायिक जोखिमों का सामना करना पड़ता है।,एसईबीआई,शुरुआत,व्यावसायिक धोका म्हणजे काय?,"व्यावसायिक जोखीम म्हणजे अशी जोखीम आहे की, गुंतवणूक ज्या व्यवसायाशी किंवा उद्योगाशी संबंधित आहे, त्याच्या कामगिरीमुळे गुंतवणुकीचे मूळ मूल्य बदलू शकते.","बेकरचा हेतू कितीही चांगला असला तरी, लोकांनी पाव विकत घेणे बंद केल्यास बेकरी अयशस्वी झाल्यासारखेच हे आहे.","मोटारगाड्यांच्या विक्रीत घट झाल्यामुळे वाहन कंपनीच्या शेअरच्या मूल्याला फटका बसू शकतो, कारण त्यामुळे कंपनीची व्यावसायिक कामगिरी कमकुवत होते.",नवीन गुंतवणूकदारांना असे वाटते की सुप्रसिद्ध ब्रँडचे मूल्य कमी होऊ शकत नाही; अगदी बलाढ्य कंपन्यांनाही स्पर्धा आणि बाजारातील बदलांमुळे व्यावसायिक धोके पत्करावे लागतात.,सेबी,नवशिक्या
Why should you be cautious about unsolicited investment advice and use SEBI Registered Investment Advisers?,"Investors should exercise caution against unsolicited investment advice from unregistered advisers and may approach SEBI Registered Investment Advisers, whose list is available on SEBI's website.",It is like choosing a licensed doctor rather than trusting a stranger who randomly gives you medical advice.,"Before acting on a tip promising guaranteed high returns, verify whether the adviser is SEBI registered.",People often assume anyone offering investment tips is qualified; only SEBI-registered advisers are authorized to give investment advice.,SEBI,beginner,आपको अनचाही निवेश सलाह के प्रति सतर्क क्यों रहना चाहिए और एसईबीआई पंजीकृत निवेश सलाहकारों का उपयोग क्यों करना चाहिए?,"निवेशकों को अपंजीकृत सलाहकारों से मिलने वाली अवांछित निवेश सलाह के प्रति सतर्क रहना चाहिए और वे एसईबीआई द्वारा पंजीकृत निवेश सलाहकारों से संपर्क कर सकते हैं, जिनकी सूची एसईबीआई की वेबसाइट पर उपलब्ध है।","यह ठीक वैसा ही है जैसे किसी लाइसेंस प्राप्त डॉक्टर को चुनना, बजाय इसके कि आप किसी अजनबी पर भरोसा करें जो आपको बिना सोचे-समझे चिकित्सा सलाह देता है।","गारंटीशुदा उच्च रिटर्न का वादा करने वाली किसी भी सलाह पर अमल करने से पहले, यह सत्यापित कर लें कि सलाहकार एसईबीआई में पंजीकृत है या नहीं।",लोग अक्सर यह मान लेते हैं कि निवेश संबंधी सलाह देने वाला कोई भी व्यक्ति योग्य होता है; लेकिन केवल सेबी में पंजीकृत सलाहकारों को ही निवेश संबंधी सलाह देने का अधिकार है।,एसईबीआई,शुरुआत,तुम्ही न मागितलेल्या गुंतवणुकीच्या सल्ल्याबाबत सावध का राहावे आणि सेबी नोंदणीकृत गुंतवणूक सल्लागारांचा वापर का करावा?,गुंतवणूकदारांनी नोंदणी नसलेल्या सल्लागारांकडून मिळणाऱ्या अवांछित गुंतवणूक सल्ल्याबाबत सावधगिरी बाळगावी आणि सेबीच्या वेबसाइटवर उपलब्ध असलेल्या यादीनुसार सेबी नोंदणीकृत गुंतवणूक सल्लागारांशी संपर्क साधावा.,"हे म्हणजे, कोणताही विचार न करता वैद्यकीय सल्ला देणाऱ्या एखाद्या अनोळखी व्यक्तीवर विश्वास ठेवण्याऐवजी परवानाधारक डॉक्टरची निवड करण्यासारखेच आहे.","उच्च परताव्याची हमी देणाऱ्या सल्ल्यावर कृती करण्यापूर्वी, सल्लागार सेबीमध्ये नोंदणीकृत आहे की नाही याची पडताळणी करा.","गुंतवणुकीचा सल्ला देणारी कोणतीही व्यक्ती पात्र असते, असे लोक अनेकदा गृहीत धरतात; परंतु केवळ सेबी-नोंदणीकृत सल्लागारांनाच गुंतवणुकीचा सल्ला देण्याचा अधिकार आहे.",सेबी,नवशिक्या
Why should you identify your goals and risk appetite before investing?,"Every investment decision should reflect your needs, objectives, and how much risk you can comfortably take, so you choose products that match your situation.",It is like packing for a trip: you first decide where you are going and how much you can carry before choosing what to bring.,"If you need money for a house in two years, you might pick steady-return products rather than volatile higher-risk shares.","A common mistake is thinking higher returns always mean better investing, ignoring that they come with higher risk that may not suit your goals.",SEBI,beginner,निवेश करने से पहले आपको अपने लक्ष्यों और जोखिम उठाने की क्षमता की पहचान क्यों करनी चाहिए?,"निवेश से संबंधित प्रत्येक निर्णय आपकी आवश्यकताओं, उद्देश्यों और आप कितना जोखिम उठा सकते हैं, इन सभी बातों को ध्यान में रखते हुए लिया जाना चाहिए, ताकि आप अपनी स्थिति के अनुरूप उत्पादों का चयन कर सकें।","यह किसी यात्रा के लिए सामान पैक करने जैसा है: आप पहले तय करते हैं कि आप कहाँ जा रहे हैं और आप कितना सामान ले जा सकते हैं, उसके बाद ही तय करते हैं कि क्या ले जाना है।","यदि आपको दो साल में घर खरीदने के लिए पैसे की आवश्यकता है, तो आप अस्थिर और उच्च जोखिम वाले शेयरों के बजाय स्थिर रिटर्न देने वाले उत्पादों को चुन सकते हैं।","एक आम गलती यह सोचना है कि उच्च रिटर्न का मतलब हमेशा बेहतर निवेश होता है, इस बात को नजरअंदाज करते हुए कि इनमें उच्च जोखिम भी शामिल होता है जो आपके लक्ष्यों के अनुरूप नहीं हो सकता है।",एसईबीआई,शुरुआत,गुंतवणूक करण्यापूर्वी तुम्ही तुमची उद्दिष्ट्ये आणि जोखीम घेण्याची क्षमता का निश्चित केली पाहिजे?,"प्रत्येक गुंतवणुकीचा निर्णय तुमच्या गरजा, उद्दिष्ट्ये आणि तुम्ही सहजपणे किती जोखीम घेऊ शकता यावर आधारित असावा, जेणेकरून तुम्ही तुमच्या परिस्थितीला जुळणारी उत्पादने निवडू शकाल.","हे प्रवासाला निघण्यापूर्वी सामान भरण्यासारखेच आहे: काय घेऊन जायचे हे निवडण्याआधी, तुम्ही कुठे जाणार आहात आणि किती सामान घेऊन जाऊ शकता हे ठरवता.","जर तुम्हाला दोन वर्षांत घरासाठी पैशांची गरज असेल, तर तुम्ही अस्थिर आणि जास्त जोखमीच्या शेअर्सऐवजी स्थिर परतावा देणारी उत्पादने निवडू शकता.","एक सामान्य चूक म्हणजे असा विचार करणे की जास्त परतावा म्हणजे नेहमीच चांगली गुंतवणूक असते, आणि याकडे दुर्लक्ष केले जाते की त्यासोबत जास्त जोखीमही येते, जी कदाचित तुमच्या उद्दिष्टांना अनुकूल नसेल.",सेबी,नवशिक्या
Why should you read company disclosures before investing?,"You should read disclosures like promoter details, project details, and financial details to make an informed investment decision.","It is like reading the ingredients label before buying food, so you know exactly what you are getting.","Before buying shares in a company's IPO, an investor checks its financials and promoter background on the stock exchange website.",Some investors buy shares based only on tips or brand recognition without ever reviewing official disclosures.,SEBI,beginner,निवेश करने से पहले आपको कंपनी के खुलासे क्यों पढ़ने चाहिए?,"आपको निवेश संबंधी सोच-समझकर निर्णय लेने के लिए प्रमोटर की जानकारी, परियोजना की जानकारी और वित्तीय जानकारी जैसी सूचनाओं को ध्यान से पढ़ना चाहिए।","यह ठीक वैसा ही है जैसे खाना खरीदने से पहले सामग्री का लेबल पढ़ना, ताकि आपको पता चल सके कि आप वास्तव में क्या खरीद रहे हैं।","किसी कंपनी के आईपीओ में शेयर खरीदने से पहले, निवेशक स्टॉक एक्सचेंज की वेबसाइट पर कंपनी की वित्तीय स्थिति और प्रमोटर की पृष्ठभूमि की जांच करता है।","कुछ निवेशक आधिकारिक खुलासों की समीक्षा किए बिना, केवल सुझावों या ब्रांड की पहचान के आधार पर शेयर खरीद लेते हैं।",एसईबीआई,शुरुआत,गुंतवणूक करण्यापूर्वी तुम्ही कंपनीची माहिती का वाचली पाहिजे?,"माहितीपूर्ण गुंतवणुकीचा निर्णय घेण्यासाठी तुम्ही प्रवर्तकाचा तपशील, प्रकल्पाचा तपशील आणि आर्थिक तपशील यांसारखी माहिती वाचली पाहिजे.","हे अगदी अन्न विकत घेण्यापूर्वी त्यावरील घटकांचे लेबल वाचण्यासारखे आहे, जेणेकरून तुम्हाला नक्की काय मिळत आहे हे कळते.","एखाद्या कंपनीच्या आयपीओमध्ये शेअर्स खरेदी करण्यापूर्वी, गुंतवणूकदार शेअर बाजाराच्या वेबसाइटवर कंपनीची आर्थिक स्थिती आणि प्रवर्तकांची पार्श्वभूमी तपासतो.","काही गुंतवणूकदार अधिकृत खुलाशांचे पुनरावलोकन न करता, केवळ मिळालेल्या माहितीच्या किंवा ब्रँडच्या ओळखीच्या आधारावर शेअर्स खरेदी करतात.",सेबी,नवशिक्या
Why should you be cautious of unsolicited investment advice?,Investors should be careful about unsolicited advice from unregistered advisers and should ideally consult SEBI-registered advisers.,It is like not taking medical advice from a stranger on the street and instead visiting a licensed doctor.,A person receiving a random message promising guaranteed high returns should verify whether the adviser is SEBI-registered before acting.,"A frequent misunderstanding is that anyone offering confident-sounding financial tips is a qualified adviser, when only SEBI-registered advisers are authorised.",SEBI,beginner,आपको अनचाही निवेश सलाह से सावधान क्यों रहना चाहिए?,निवेशकों को अपंजीकृत सलाहकारों से मिलने वाली अनचाही सलाह के प्रति सतर्क रहना चाहिए और आदर्श रूप से एसईबीआई-पंजीकृत सलाहकारों से परामर्श करना चाहिए।,यह ठीक वैसा ही है जैसे सड़क पर किसी अजनबी से चिकित्सीय सलाह न लेकर किसी लाइसेंस प्राप्त डॉक्टर के पास जाना।,"यदि किसी व्यक्ति को गारंटीकृत उच्च रिटर्न का वादा करने वाला कोई यादृच्छिक संदेश प्राप्त होता है, तो उसे कार्रवाई करने से पहले यह सत्यापित कर लेना चाहिए कि सलाहकार सेबी के साथ पंजीकृत है या नहीं।","एक आम गलतफहमी यह है कि आत्मविश्वास से भरी वित्तीय सलाह देने वाला कोई भी व्यक्ति एक योग्य सलाहकार होता है, जबकि केवल सेबी-पंजीकृत सलाहकार ही अधिकृत होते हैं।",एसईबीआई,शुरुआत,तुम्ही न मागितलेल्या गुंतवणुकीच्या सल्ल्याबाबत सावध का असावे?,गुंतवणूकदारांनी नोंदणी नसलेल्या सल्लागारांकडून मिळणाऱ्या अवांछित सल्ल्याबाबत सावधगिरी बाळगावी आणि शक्यतो सेबी-नोंदणीकृत सल्लागारांचाच सल्ला घ्यावा.,हे रस्त्यावरील अनोळखी व्यक्तीकडून वैद्यकीय सल्ला न घेता परवानाधारक डॉक्टरकडे जाण्यासारखे आहे.,"उच्च परताव्याची हमी देणारा कोणताही संदेश मिळाल्यास, त्यावर कृती करण्यापूर्वी सल्लागार सेबी-नोंदणीकृत आहे की नाही, याची पडताळणी करावी.","एक सामान्य गैरसमज असा आहे की, आत्मविश्वासाने आर्थिक सल्ला देणारी कोणतीही व्यक्ती पात्र सल्लागार असते, वास्तविक पाहता केवळ सेबी-नोंदणीकृत सल्लागारच अधिकृत असतात.",सेबी,नवशिक्या
"Where can investors find their rights, responsibilities and the Do's and Don'ts of investing?","These documents, along with the SEBI investor charter, are available on the websites of SEBI, stock exchanges, and depositories.","It is like a rulebook for a game, available for anyone to read so they know how to play fairly and safely.",An investor can visit the SEBI investor charter link to understand what service and protections they are entitled to from intermediaries.,"Many investors think rights and protections apply automatically, without realising they must stay informed and know where to access these documents.",SEBI,beginner,"निवेशक अपने अधिकारों, जिम्मेदारियों और निवेश से संबंधित नियमों और सावधानियों के बारे में जानकारी कहां से प्राप्त कर सकते हैं?","ये दस्तावेज, एसईबीआई निवेशक चार्टर के साथ, एसईबीआई, स्टॉक एक्सचेंजों और डिपॉजिटरी की वेबसाइटों पर उपलब्ध हैं।","यह किसी खेल के नियमों की पुस्तिका की तरह है, जिसे कोई भी पढ़ सकता है ताकि उसे पता चल सके कि निष्पक्ष और सुरक्षित तरीके से कैसे खेला जाए।",निवेशक SEBI के निवेशक चार्टर लिंक पर जाकर यह समझ सकते हैं कि उन्हें मध्यस्थों से कौन सी सेवाएं और सुरक्षा प्राप्त करने का अधिकार है।,"कई निवेशक सोचते हैं कि अधिकार और सुरक्षा स्वतः ही लागू हो जाते हैं, उन्हें यह एहसास नहीं होता कि उन्हें सूचित रहना चाहिए और यह जानना चाहिए कि इन दस्तावेजों तक कैसे पहुंचा जा सकता है।",एसईबीआई,शुरुआत,"गुंतवणूकदारांना त्यांचे हक्क, जबाबदाऱ्या आणि गुंतवणुकीसंबंधी काय करावे व काय करू नये, हे कुठे मिळेल?","हे दस्तऐवज, सेबी गुंतवणूकदार सनदेसह, सेबी, स्टॉक एक्सचेंज आणि डिपॉझिटरीजच्या वेबसाइटवर उपलब्ध आहेत.","हे एखाद्या खेळाच्या नियमावलीसारखे आहे, जे कोणीही वाचू शकते, जेणेकरून त्यांना योग्य आणि सुरक्षितपणे खेळ कसा खेळावा हे कळेल.",गुंतवणूकदार मध्यस्थांकडून त्यांना कोणत्या सेवा आणि संरक्षण मिळण्याचा हक्क आहे हे समजून घेण्यासाठी सेबी गुंतवणूकदार सनदेच्या लिंकला भेट देऊ शकतात.,"अनेक गुंतवणूकदारांना असे वाटते की हक्क आणि संरक्षण आपोआप लागू होतात, पण त्यांना हे लक्षात येत नाही की त्यांनी माहिती अद्ययावत ठेवली पाहिजे आणि ही कागदपत्रे कोठे मिळतील हे त्यांना माहित असले पाहिजे.",सेबी,नवशिक्या
What is liquidity risk?,Liquidity risk is the risk that an investment cannot be bought or sold quickly enough when you want to.,"It is like owning a rare painting that nobody wants to buy this week - you own something valuable on paper, but you cannot turn it into cash when you need it.","You hold shares of a tiny company with very few buyers. When you urgently need money, you cannot find anyone to buy your shares at a fair price, so you are stuck.","Many beginners think any listed share can always be sold instantly at its quoted price; in reality, thinly traded investments may take days or sell at a much lower price.",SEBI,beginner,तरलता जोखिम क्या है?,तरलता जोखिम वह जोखिम है कि जब आप चाहें तब किसी निवेश को उतनी जल्दी खरीदा या बेचा नहीं जा सकता।,"यह कुछ ऐसा है जैसे आपके पास कोई दुर्लभ पेंटिंग हो जिसे इस सप्ताह कोई खरीदना नहीं चाहता - कागज़ पर तो आपके पास कोई मूल्यवान चीज़ है, लेकिन ज़रूरत पड़ने पर आप उसे नकदी में नहीं बदल सकते।","आपके पास एक छोटी कंपनी के शेयर हैं जिसके खरीदार बहुत कम हैं। जब आपको पैसों की सख्त जरूरत होती है, तो आपको उचित कीमत पर अपने शेयर खरीदने वाला कोई नहीं मिलता, इसलिए आप फंस जाते हैं।","कई नौसिखिए सोचते हैं कि किसी भी सूचीबद्ध शेयर को हमेशा उसके उद्धृत मूल्य पर तुरंत बेचा जा सकता है; वास्तविकता में, कम कारोबार वाले निवेशों को बिकने में कई दिन लग सकते हैं या वे काफी कम कीमत पर बिक सकते हैं।",एसईबीआई,शुरुआत,तरलता जोखीम म्हणजे काय?,"तरलता जोखीम म्हणजे अशी जोखीम आहे की, जेव्हा तुम्हाला हवे असेल तेव्हा एखादी गुंतवणूक पुरेशा वेगाने खरेदी किंवा विकली जाऊ शकत नाही.","हे एखाद्या दुर्मिळ चित्राच्या मालकीसारखं आहे, जे या आठवड्यात कोणीही विकत घेऊ इच्छित नाही - कागदोपत्री तुमच्या मालकीची एक मौल्यवान वस्तू असते, पण गरजेच्या वेळी तुम्ही तिचे रोख रकमेत रूपांतर करू शकत नाही.","तुमच्याकडे एका लहान कंपनीचे शेअर्स आहेत, ज्याला फार कमी खरेदीदार आहेत. जेव्हा तुम्हाला पैशांची तातडीने गरज असते, तेव्हा तुमचे शेअर्स योग्य किंमतीत विकत घेणारा कोणीही सापडत नाही, त्यामुळे तुम्ही अडकून पडता.","बऱ्याच नवशिक्यांना असे वाटते की कोणताही सूचीबद्ध शेअर त्याच्या नमूद केलेल्या किमतीला त्वरित विकला जाऊ शकतो; प्रत्यक्षात, ज्या गुंतवणुकींची खरेदी-विक्री कमी होते, त्यांना विकायला काही दिवस लागू शकतात किंवा त्या खूपच कमी किमतीला विकल्या जाऊ शकतात.",सेबी,नवशिक्या
What is inflation risk?,"Inflation risk, also called purchasing power risk, is the chance that your investment returns lose value in the future because rising prices reduce what your money can buy.","It is like saving money to buy a bicycle, but by the time you have enough, prices have gone up so you can still only afford the same old bicycle.","You earn 5% interest on a fixed deposit, but inflation is 6%. Even though your money grew, your real purchasing power actually shrank.","People often think that as long as their money grows in number, they are gaining; they forget that if prices rise faster, they can actually buy less.",SEBI,beginner,मुद्रास्फीति का जोखिम क्या है?,"मुद्रास्फीति का जोखिम, जिसे क्रय शक्ति का जोखिम भी कहा जाता है, वह संभावना है कि भविष्य में आपके निवेश पर मिलने वाला प्रतिफल कम हो जाएगा क्योंकि बढ़ती कीमतें आपके पैसे से खरीदी जा सकने वाली वस्तुओं की मात्रा को कम कर देती हैं।","यह कुछ ऐसा ही है जैसे साइकिल खरीदने के लिए पैसे बचाना, लेकिन जब तक आपके पास पर्याप्त पैसे जमा हो जाते हैं, कीमतें इतनी बढ़ जाती हैं कि आप अभी भी वही पुरानी साइकिल ही खरीद पाते हैं।","आपको फिक्स्ड डिपॉजिट पर 5% ब्याज मिलता है, लेकिन मुद्रास्फीति 6% है। भले ही आपकी धनराशि बढ़ी हो, लेकिन आपकी वास्तविक क्रय शक्ति वास्तव में कम हो गई है।","लोग अक्सर सोचते हैं कि जब तक उनके पास पैसों की मात्रा बढ़ती रहती है, तब तक वे लाभ कमा रहे हैं; वे यह भूल जाते हैं कि अगर कीमतें तेजी से बढ़ती हैं, तो वे वास्तव में कम चीजें खरीद सकते हैं।",एसईबीआई,शुरुआत,चलनवाढीचा धोका म्हणजे काय?,"चलनवाढीचा धोका, ज्याला क्रयशक्तीचा धोका असेही म्हणतात, म्हणजे वाढत्या किमतींमुळे तुमच्या पैशाने खरेदी करता येणाऱ्या वस्तू कमी होतात आणि त्यामुळे भविष्यात तुमच्या गुंतवणुकीवरील परताव्याचे मूल्य कमी होण्याची शक्यता होय.","हे अगदी सायकल घेण्यासाठी पैसे वाचवण्यासारखं आहे, पण जेव्हा तुमच्याकडे पुरेसे पैसे जमा होतात, तेव्हापर्यंत किमती वाढलेल्या असतात आणि तुम्हाला शेवटी तीच जुनी सायकलच परवडते.","तुम्हाला मुदत ठेवीवर ५% व्याज मिळते, पण महागाईचा दर ६% आहे. तुमचे पैसे वाढले असले तरी, तुमची खरी क्रयशक्ती प्रत्यक्षात कमी झाली.","लोकांना अनेकदा असे वाटते की जोपर्यंत त्यांच्याकडील पैसा वाढत जातो, तोपर्यंत त्यांचा फायदा होत आहे; पण ते हे विसरतात की जर किमती अधिक वेगाने वाढल्या, तर प्रत्यक्षात ते कमी खरेदी करू शकतात.",सेबी,नवशिक्या
What is market risk or systematic risk?,Market risk is the risk that your investments lose value because of factors affecting the whole market and the overall economy of the country.,"It is like a rainy day at a picnic - whether your food is good or bad, everyone at the picnic gets wet because the weather affects all of them.","A recession, a hike in interest rates, or political instability can pull down share prices across the board, even for well-run companies.",A common belief is that choosing 'good' companies protects you from market risk; but systematic risk hits almost all securities at once and cannot be removed by picking stocks.,SEBI,beginner,बाजार जोखिम या व्यवस्थित जोखिम क्या है?,बाजार जोखिम वह जोखिम है जिसके कारण आपके निवेश का मूल्य उन कारकों के कारण कम हो जाता है जो पूरे बाजार और देश की समग्र अर्थव्यवस्था को प्रभावित करते हैं।,"यह पिकनिक पर बारिश के दिन जैसा है - आपका खाना अच्छा हो या बुरा, पिकनिक पर मौजूद हर कोई भीग जाता है क्योंकि मौसम सभी को प्रभावित करता है।","आर्थिक मंदी, ब्याज दरों में वृद्धि या राजनीतिक अस्थिरता, अच्छी तरह से संचालित कंपनियों सहित सभी प्रकार की कंपनियों के शेयर मूल्यों को नीचे खींच सकती है।",एक आम धारणा यह है कि 'अच्छी' कंपनियों का चयन करने से आप बाजार जोखिम से सुरक्षित रहते हैं; लेकिन व्यवस्थित जोखिम लगभग सभी प्रतिभूतियों को एक साथ प्रभावित करता है और शेयरों का चयन करके इसे दूर नहीं किया जा सकता है।,एसईबीआई,शुरुआत,बाजार जोखीम किंवा प्रणालीगत जोखीम म्हणजे काय?,बाजारातील जोखीम म्हणजे संपूर्ण बाजारपेठेवर आणि देशाच्या एकूण अर्थव्यवस्थेवर परिणाम करणाऱ्या घटकांमुळे तुमच्या गुंतवणुकीचे मूल्य कमी होण्याची जोखीम होय.,"हे एखाद्या सहलीतील पावसाळी दिवसासारखे आहे - तुमचे जेवण चांगले असो वा वाईट, हवामानाचा परिणाम सर्वांवर होत असल्यामुळे सहलीतील प्रत्येकजण ओला होतो.","मंदी, व्याजदरातील वाढ किंवा राजकीय अस्थिरता यांसारख्या गोष्टींमुळे, चांगल्या प्रकारे चालणाऱ्या कंपन्यांच्यासुद्धा शेअरच्या किमती सर्वच स्तरांवर खाली येऊ शकतात.",असा एक सर्वसामान्य समज आहे की 'चांगल्या' कंपन्या निवडल्याने तुम्ही बाजारातील जोखमीपासून सुरक्षित राहता; परंतु पद्धतशीर जोखीम एकाच वेळी जवळजवळ सर्व सिक्युरिटीजवर परिणाम करते आणि केवळ स्टॉक्स निवडून ती दूर करता येत नाही.,सेबी,नवशिक्या
How can an investor mitigate (reduce) risk?,"An investor can reduce risk through strategies like asset allocation and diversification, spreading money across several companies and asset classes.","It is like not putting all your eggs in one basket - if one basket drops, you still have eggs in the others.","Instead of investing everything in one share, you put money into a mix of shares, bonds, and gold so a loss in one area is cushioned by gains elsewhere.","Many think diversification just means buying many shares; real diversification also means spreading across different asset classes, not just many similar stocks.",SEBI,beginner,निवेशक जोखिम को कैसे कम कर सकता है?,"निवेशक परिसंपत्ति आवंटन और विविधीकरण जैसी रणनीतियों के माध्यम से जोखिम को कम कर सकता है, जिसमें कई कंपनियों और परिसंपत्ति वर्गों में धन का वितरण शामिल है।","यह ऐसा ही है जैसे अपने सारे अंडे एक ही टोकरी में न रखना - अगर एक टोकरी गिर जाए, तो भी दूसरी टोकरियों में अंडे सुरक्षित रहेंगे।","एक ही शेयर में सारा पैसा निवेश करने के बजाय, आप शेयरों, बॉन्डों और सोने के मिश्रण में पैसा लगाते हैं ताकि एक क्षेत्र में होने वाले नुकसान की भरपाई दूसरे क्षेत्र में होने वाले लाभ से हो सके।","कई लोग सोचते हैं कि विविधीकरण का मतलब केवल बहुत सारे शेयर खरीदना है; वास्तविक विविधीकरण का मतलब केवल कई समान शेयरों में निवेश करना नहीं है, बल्कि विभिन्न परिसंपत्ति वर्गों में निवेश करना भी है।",एसईबीआई,शुरुआत,गुंतवणूकदार जोखीम कशी कमी करू शकतो?,"गुंतवणूकदार मालमत्ता वाटप आणि विविधीकरण यांसारख्या धोरणांद्वारे, म्हणजेच अनेक कंपन्या आणि मालमत्ता वर्गांमध्ये पैसे विभागून, जोखीम कमी करू शकतो.","हे म्हणजे आपली सर्व अंडी एकाच टोपलीत न ठेवण्यासारखे आहे - जरी एक टोपली पडली, तरी तुमची अंडी इतर टोपल्यांमध्ये शिल्लक राहतात.","सर्व पैसे एकाच शेअरमध्ये गुंतवण्याऐवजी, तुम्ही शेअर्स, बॉण्ड्स आणि सोने यांच्या मिश्रणात गुंतवणूक करता, जेणेकरून एका क्षेत्रातील तोटा इतर ठिकाणच्या नफ्यामुळे भरून निघतो.","बऱ्याच जणांना वाटते की विविधीकरण म्हणजे फक्त अनेक शेअर्स खरेदी करणे; पण खरे विविधीकरण म्हणजे केवळ अनेक समान स्टॉक्स खरेदी करणे नव्हे, तर वेगवेगळ्या मालमत्ता वर्गांमध्ये गुंतवणूक करणे होय.",सेबी,नवशिक्या
What is a trading account?,"A trading account is a broking account opened with a SEBI-registered stock broker, used to buy and sell securities on the stock exchanges.",It is like a ticket counter at a railway station where you actually buy and sell your travel tickets (securities).,"To place a buy order for shares on the exchange, you use your trading account with your broker.","Some confuse the trading account with the demat account; the trading account is for buying and selling, while the demat account is for holding the securities.",SEBI,beginner,ट्रेडिंग अकाउंट क्या होता है?,ट्रेडिंग खाता एक ब्रोकिंग खाता होता है जो एसईबीआई-पंजीकृत स्टॉक ब्रोकर के साथ खोला जाता है और इसका उपयोग स्टॉक एक्सचेंजों पर प्रतिभूतियों को खरीदने और बेचने के लिए किया जाता है।,यह रेलवे स्टेशन पर टिकट काउंटर की तरह है जहाँ आप वास्तव में अपने यात्रा टिकट (प्रतिभूतियाँ) खरीदते और बेचते हैं।,"शेयर बाजार में शेयर खरीदने का ऑर्डर देने के लिए, आप अपने ब्रोकर के साथ मौजूद ट्रेडिंग खाते का उपयोग करते हैं।","कुछ लोग ट्रेडिंग अकाउंट और डीमैट अकाउंट को लेकर भ्रमित हो जाते हैं; ट्रेडिंग अकाउंट खरीदने और बेचने के लिए होता है, जबकि डीमैट अकाउंट प्रतिभूतियों को रखने के लिए होता है।",एसईबीआई,शुरुआत,ट्रेडिंग खाते म्हणजे काय?,"ट्रेडिंग खाते हे सेबी-नोंदणीकृत स्टॉक ब्रोकरकडे उघडलेले एक ब्रोकिंग खाते असून, त्याचा उपयोग शेअर बाजारात प्रतिभूतींची खरेदी-विक्री करण्यासाठी केला जातो.","हे रेल्वे स्टेशनवरील तिकीट काउंटरसारखे आहे, जिथे तुम्ही प्रत्यक्षात तुमच्या प्रवासाची तिकिटे (सिक्युरिटीज) खरेदी आणि विक्री करता.","एक्सचेंजवर शेअर्सची खरेदी ऑर्डर देण्यासाठी, तुम्ही तुमच्या ब्रोकरकडील ट्रेडिंग खात्याचा वापर करता.","काही लोक ट्रेडिंग खाते आणि डिमॅट खाते यात गोंधळ करतात; ट्रेडिंग खाते खरेदी-विक्रीसाठी असते, तर डिमॅट खाते सिक्युरिटीज धारण करण्यासाठी असते.",सेबी,नवशिक्या
What is a '3-in-1' account?,"A 3-in-1 account combines a bank account, a trading account, and a demat account, either opened separately or together through a single provider.",It is like a Swiss Army knife that bundles several handy tools into one convenient package.,"You open all three accounts with one broker or institution that offers the combined facility, making transactions smoother.",People assume '3-in-1' means the accounts must be with three different institutions; it can be a single provider giving all three together.,SEBI,beginner,'3-इन-1' खाता क्या होता है?,"एक 3-इन-1 खाते में बैंक खाता, ट्रेडिंग खाता और डीमैट खाता शामिल होता है, जिन्हें अलग-अलग या एक ही प्रदाता के माध्यम से एक साथ खोला जा सकता है।",यह एक स्विस आर्मी नाइफ की तरह है जो कई उपयोगी उपकरणों को एक सुविधाजनक पैकेज में समेटे हुए है।,"आप तीनों खाते एक ही ब्रोकर या संस्था के साथ खोलते हैं जो संयुक्त सुविधा प्रदान करती है, जिससे लेनदेन आसान हो जाता है।",लोग यह मान लेते हैं कि '3-इन-1' का मतलब है कि खाते तीन अलग-अलग संस्थानों के साथ होने चाहिए; जबकि वास्तव में एक ही प्रदाता तीनों सेवाएं एक साथ प्रदान कर सकता है।,एसईबीआई,शुरुआत,'3-इन-1' खाते म्हणजे काय?,"३-इन-१ खात्यामध्ये बँक खाते, ट्रेडिंग खाते आणि डिमॅट खाते यांचा समावेश असतो, जे एकतर स्वतंत्रपणे किंवा एकाच प्रदात्यामार्फत एकत्र उघडले जाऊ शकतात.","हे स्विस आर्मी नाइफसारखे आहे, ज्यात अनेक उपयुक्त साधने एकाच सोयीस्कर पॅकेजमध्ये दिलेली आहेत.","तुम्ही ही तिन्ही खाती एकाच ब्रोकर किंवा संस्थेकडे उघडता, जी एकत्रित सुविधा देते, ज्यामुळे व्यवहार अधिक सुलभ होतात.",लोकांना वाटते की '3-इन-1' म्हणजे खाती तीन वेगवेगळ्या संस्थांमध्ये असली पाहिजेत; पण प्रत्यक्षात एकच प्रदाता या तिन्ही सेवा एकत्र देऊ शकतो.,सेबी,नवशिक्या
What is KYC and why is it needed?,KYC stands for Know Your Client - signed KYC documents must be submitted when opening a trading account to verify your identity.,"It is like showing your ID card when entering a building, so the system knows exactly who you are.",You fill an Account Opening Form and submit your signed KYC documents before your broker activates your trading account.,Some think KYC is a one-time formality to skip; it is a mandatory identity verification required for opening and operating investment accounts.,SEBI,beginner,केवाईसी क्या है और इसकी आवश्यकता क्यों है?,केवाईसी का मतलब है अपने ग्राहक को जानें - ट्रेडिंग खाता खोलते समय अपनी पहचान सत्यापित करने के लिए हस्ताक्षरित केवाईसी दस्तावेज जमा करना आवश्यक है।,"यह ठीक वैसा ही है जैसे किसी इमारत में प्रवेश करते समय अपना पहचान पत्र दिखाना, ताकि सिस्टम को पता चल सके कि आप कौन हैं।",ट्रेडिंग अकाउंट को एक्टिवेट करने से पहले आपको अकाउंट ओपनिंग फॉर्म भरना होगा और अपने हस्ताक्षरित केवाईसी डॉक्यूमेंट जमा करने होंगे।,कुछ लोग सोचते हैं कि केवाईसी एक बार की औपचारिकता है जिसे छोड़ा जा सकता है; यह निवेश खाते खोलने और संचालित करने के लिए आवश्यक एक अनिवार्य पहचान सत्यापन है।,एसईबीआई,शुरुआत,केवायसी म्हणजे काय आणि त्याची गरज का आहे?,केवायसी (KYC) म्हणजे 'नो युअर क्लायंट' (Know Your Client) - तुमची ओळख पडताळण्यासाठी ट्रेडिंग खाते उघडताना स्वाक्षरी केलेले केवायसी दस्तऐवज सादर करणे आवश्यक आहे.,"हे एखाद्या इमारतीत प्रवेश करताना तुमचे ओळखपत्र दाखवण्यासारखे आहे, जेणेकरून सिस्टमला तुम्ही नक्की कोण आहात हे कळते.","तुमचा ब्रोकर तुमचे ट्रेडिंग खाते सक्रिय करण्यापूर्वी, तुम्ही खाते उघडण्याचा अर्ज भरता आणि तुमची स्वाक्षरी केलेली केवायसी कागदपत्रे सादर करता.",काहींना वाटते की केवायसी ही एकदाच करायची औपचारिकता आहे जी टाळता येते; परंतु गुंतवणूक खाती उघडण्यासाठी आणि चालवण्यासाठी ही एक अनिवार्य ओळख पडताळणी आहे.,सेबी,नवशिक्या
What is nomination in an investment account?,Nomination means naming a person who will receive the securities or money in your account in the event of your death; you can also opt out of nomination.,It is like writing a nominee on a life insurance policy so the benefit goes to the right person when needed.,"While opening your accounts, you either provide the name of a nominee or formally opt out of nomination for each account.","Many assume nomination is automatically handled; you must actively choose to provide a nominee or explicitly opt out, and it should be done for all accounts.",SEBI,beginner,निवेश खाते में नामांकन क्या होता है?,नामांकन का अर्थ है किसी ऐसे व्यक्ति का नाम देना जिसे आपकी मृत्यु की स्थिति में आपके खाते में मौजूद प्रतिभूतियां या धनराशि प्राप्त होगी; आप नामांकन से बाहर निकलने का विकल्प भी चुन सकते हैं।,यह ठीक उसी तरह है जैसे जीवन बीमा पॉलिसी में किसी नॉमिनी का नाम लिखना ताकि जरूरत पड़ने पर सही व्यक्ति को लाभ मिल सके।,"अपना खाता खोलते समय, आप या तो किसी नामांकित व्यक्ति का नाम प्रदान करते हैं या प्रत्येक खाते के लिए नामांकन से औपचारिक रूप से बाहर निकलने का विकल्प चुनते हैं।","कई लोग यह मान लेते हैं कि नामांकन स्वचालित रूप से हो जाता है; आपको सक्रिय रूप से नामांकित व्यक्ति प्रदान करने का विकल्प चुनना होगा या स्पष्ट रूप से इससे बाहर निकलने का विकल्प चुनना होगा, और यह सभी खातों के लिए किया जाना चाहिए।",एसईबीआई,शुरुआत,गुंतवणूक खात्यामध्ये नामनिर्देशन म्हणजे काय?,"नामनिर्देशन म्हणजे तुमच्या मृत्यूनंतर तुमच्या खात्यातील प्रतिभूती किंवा पैसे ज्या व्यक्तीला मिळतील, त्या व्यक्तीचे नाव देणे; तुम्ही नामनिर्देशन रद्द करण्याचा पर्यायही निवडू शकता.","हे अगदी जीवन विमा पॉलिसीवर नामनिर्देशित व्यक्तीचे नाव लिहिण्यासारखे आहे, जेणेकरून गरजेच्या वेळी लाभ योग्य व्यक्तीला मिळेल.","तुमची खाती उघडताना, तुम्ही प्रत्येक खात्यासाठी एकतर नामनिर्देशित व्यक्तीचे नाव देता किंवा औपचारिकपणे नामनिर्देशन नाकारता.","बऱ्याच जणांना असे वाटते की नामांकन आपोआप हाताळले जाते; तुम्हाला सक्रियपणे उमेदवार देण्याचा पर्याय निवडावा लागतो किंवा स्पष्टपणे नकार द्यावा लागतो, आणि हे सर्व खात्यांसाठी केले पाहिजे.",सेबी,नवशिक्या
What is business risk in investing?,"Business risk is the chance that a company's operations could be harmed or stopped because of a bad operational, market, or financial situation.",Like a restaurant that shuts down because the head chef quits and customers stop coming.,An airline company faces business risk when a fuel price spike and falling ticket sales force it to cancel routes and cut operations.,"Many beginners think business risk only means a company going bankrupt, but it also includes temporary operational setbacks that hurt profits.",SEBI,beginner,निवेश में व्यावसायिक जोखिम क्या है?,"व्यावसायिक जोखिम वह संभावना है जिसके कारण किसी कंपनी के संचालन को खराब परिचालन, बाजार या वित्तीय स्थिति के कारण नुकसान पहुंच सकता है या वह रुक सकती है।",जैसे कोई रेस्टोरेंट बंद हो जाता है क्योंकि हेड शेफ नौकरी छोड़ देता है और ग्राहक आना बंद कर देते हैं।,"जब ईंधन की कीमतों में अचानक वृद्धि और टिकटों की बिक्री में गिरावट के कारण किसी एयरलाइन कंपनी को रूट रद्द करने और परिचालन में कटौती करने के लिए मजबूर होना पड़ता है, तो उसे व्यावसायिक जोखिम का सामना करना पड़ता है।","कई नौसिखिए सोचते हैं कि व्यावसायिक जोखिम का मतलब केवल किसी कंपनी का दिवालिया होना है, लेकिन इसमें अस्थायी परिचालन संबंधी रुकावटें भी शामिल हैं जो मुनाफे को नुकसान पहुंचाती हैं।",एसईबीआई,शुरुआत,गुंतवणुकीमधील व्यावसायिक जोखीम म्हणजे काय?,"व्यावसायिक धोका म्हणजे खराब परिचालन, बाजारीय किंवा आर्थिक परिस्थितीमुळे कंपनीच्या कामकाजाला हानी पोहोचण्याची किंवा ते थांबण्याची शक्यता होय.","ज्याप्रमाणे मुख्य शेफ नोकरी सोडतो आणि ग्राहक येणे बंद करतात, तेव्हा एखादे रेस्टॉरंट बंद पडते.","जेव्हा इंधनाच्या किमतीतील वाढ आणि तिकीट विक्रीतील घट यामुळे विमान कंपनीला आपले मार्ग रद्द करावे लागतात आणि कामकाजात कपात करावी लागते, तेव्हा कंपनीला व्यावसायिक जोखमीचा सामना करावा लागतो.","अनेक नवशिक्यांना वाटते की व्यावसायिक धोका म्हणजे फक्त कंपनी दिवाळखोर होणे, परंतु त्यात नफ्याला फटका बसवणाऱ्या तात्पुरत्या कामकाजातील अडथळ्यांचाही समावेश होतो.",सेबी,नवशिक्या
How can investors mitigate risk?,"Investors can reduce risk through asset allocation, which means diversifying their investments across several companies and asset classes.","Instead of carrying all your eggs in one basket, you spread them across several baskets so one drop does not ruin everything.","An investor splits money between equity shares, bonds, and gold rather than putting everything into a single stock, softening the blow if one asset falls.","Some believe diversification guarantees profits, but it only reduces risk; markets can still decline overall.",SEBI,beginner,निवेशक जोखिम को कैसे कम कर सकते हैं?,"निवेशक परिसंपत्ति आवंटन के माध्यम से जोखिम को कम कर सकते हैं, जिसका अर्थ है अपने निवेश को कई कंपनियों और परिसंपत्ति वर्गों में विविधतापूर्ण बनाना।","अपने सारे अंडे एक ही टोकरी में रखने के बजाय, आप उन्हें कई टोकरियों में फैला देते हैं ताकि एक बूंद से सब कुछ बर्बाद न हो जाए।","एक निवेशक अपना सारा पैसा किसी एक स्टॉक में लगाने के बजाय इक्विटी शेयरों, बॉन्ड और सोने में बांटता है, जिससे किसी एक एसेट के गिरने पर होने वाले नुकसान को कम किया जा सके।","कुछ लोगों का मानना ​​है कि विविधीकरण मुनाफे की गारंटी देता है, लेकिन यह केवल जोखिम को कम करता है; बाजार में समग्र रूप से गिरावट अभी भी आ सकती है।",एसईबीआई,शुरुआत,गुंतवणूकदार जोखीम कशी कमी करू शकतात?,"गुंतवणूकदार मालमत्ता वाटपाद्वारे जोखीम कमी करू शकतात, म्हणजेच अनेक कंपन्या आणि मालमत्ता वर्गांमध्ये त्यांच्या गुंतवणुकीचे विविधीकरण करू शकतात.","आपली सर्व अंडी एकाच टोपलीत ठेवण्याऐवजी, तुम्ही ती अनेक टोपल्यांमध्ये विभागता, जेणेकरून एका धक्क्याने सर्व काही खराब होणार नाही.","गुंतवणूकदार आपली सर्व रक्कम एकाच स्टॉकमध्ये गुंतवण्याऐवजी इक्विटी शेअर्स, बॉण्ड्स आणि सोन्यामध्ये विभागून ठेवतो, जेणेकरून एका मालमत्तेची किंमत घसरल्यास होणारा फटका कमी होतो.","काहींना वाटते की विविधीकरणामुळे नफ्याची हमी मिळते, पण त्यामुळे धोका फक्त कमी होतो; बाजारात एकूणच घसरण होऊ शकते.",सेबी,नवशिक्या
What accounts does an investor need to trade equity shares?,"An investor needs three accounts: a bank account, a trading account, and a demat account.","It is like needing a wallet, a ticket counter pass, and a secure locker to travel and store valuables.","Riya opens a savings bank account, a trading account with a SEBI-registered broker, and a demat account with a depository participant to start buying shares.","Beginners often think a trading account alone is enough, but shares are held electronically only in a demat account.",SEBI,beginner,शेयर बाजार में शेयर खरीदने-बेचने के लिए निवेशक को किन खातों की आवश्यकता होती है?,"एक निवेशक को तीन खातों की आवश्यकता होती है: एक बैंक खाता, एक ट्रेडिंग खाता और एक डीमैट खाता।","यह ठीक वैसे ही है जैसे यात्रा करने और कीमती सामान रखने के लिए बटुआ, टिकट काउंटर पास और सुरक्षित लॉकर की आवश्यकता होती है।","रिया शेयर खरीदना शुरू करने के लिए एक बचत बैंक खाता, एसईबीआई-पंजीकृत ब्रोकर के साथ एक ट्रेडिंग खाता और एक डिपॉजिटरी पार्टिसिपेंट के साथ एक डीमैट खाता खोलती है।","शुरुआती निवेशक अक्सर सोचते हैं कि केवल एक ट्रेडिंग खाता ही पर्याप्त है, लेकिन शेयर केवल डीमैट खाते में ही इलेक्ट्रॉनिक रूप से रखे जाते हैं।",एसईबीआई,शुरुआत,इक्विटी शेअर्सचा व्यापार करण्यासाठी गुंतवणूकदाराला कोणत्या खात्यांची आवश्यकता असते?,"गुंतवणूकदाराला तीन खात्यांची आवश्यकता असते: बँक खाते, ट्रेडिंग खाते आणि डिमॅट खाते.","हे म्हणजे प्रवास करण्यासाठी आणि मौल्यवान वस्तू ठेवण्यासाठी पाकीट, तिकीट काउंटर पास आणि सुरक्षित लॉकरची गरज असण्यासारखेच आहे.","शेअर्स खरेदी सुरू करण्यासाठी रिया बचत बँकेत खाते, सेबी-नोंदणीकृत ब्रोकरकडे ट्रेडिंग खाते आणि डिपॉझिटरी पार्टिसिपंटकडे डिमॅट खाते उघडते.","नवशिक्यांना अनेकदा वाटते की केवळ ट्रेडिंग खाते पुरेसे आहे, पण शेअर्स फक्त डिमॅट खात्यातच इलेक्ट्रॉनिक पद्धतीने ठेवले जातात.",सेबी,नवशिक्या
What precautions should be taken while filling an account opening form?,"Investors should provide nomination or opt out, sign preferences for each trading segment, note all charges and fees, and specifically authorize extra facilities like Running Account Facility, DDPI, or Power of Attorney.",Like carefully reading and ticking every box on a contract before signing so there are no surprises later.,"While filling the form, Sana ticks her preference for the cash and F&O segments, records the brokerage charges, and authorizes the broker in writing for the Running Account Facility to avoid future disputes.","Some think the Power of Attorney or DDPI is automatically granted when opening an account, but the investor must specifically authorize the broker for these facilities.",SEBI,beginner,खाता खोलने का फॉर्म भरते समय क्या सावधानियां बरतनी चाहिए?,"निवेशकों को नामांकन प्रदान करना चाहिए या ऑप्ट आउट करने का विकल्प चुनना चाहिए, प्रत्येक ट्रेडिंग सेगमेंट के लिए प्राथमिकताओं पर हस्ताक्षर करना चाहिए, सभी शुल्कों और फीस को नोट करना चाहिए, और रनिंग अकाउंट सुविधा, डीडीपीआई, या पावर ऑफ अटॉर्नी जैसी अतिरिक्त सुविधाओं को विशेष रूप से अधिकृत करना चाहिए।",जैसे किसी अनुबंध पर हस्ताक्षर करने से पहले उसे ध्यानपूर्वक पढ़ना और उसमें लिखी हर बात पर टिक लगाना ताकि बाद में कोई अप्रत्याशित समस्या न हो।,"फॉर्म भरते समय, सना कैश और एफ एंड ओ सेगमेंट के लिए अपनी प्राथमिकता का चयन करती है, ब्रोकरेज शुल्क दर्ज करती है, और भविष्य के विवादों से बचने के लिए रनिंग अकाउंट सुविधा के लिए ब्रोकर को लिखित रूप में अधिकृत करती है।","कुछ लोगों का मानना ​​है कि खाता खोलते समय पावर ऑफ अटॉर्नी या डीडीपीआई स्वतः ही मिल जाती है, लेकिन निवेशक को इन सुविधाओं के लिए ब्रोकर को विशेष रूप से अधिकृत करना आवश्यक है।",एसईबीआई,शुरुआत,खाते उघडण्याचा अर्ज भरताना कोणती खबरदारी घ्यावी?,"गुंतवणूकदारांनी नामनिर्देशन करावे किंवा बाहेर पडण्याचा पर्याय निवडावा, प्रत्येक ट्रेडिंग सेगमेंटसाठी पसंतीक्रमांवर स्वाक्षरी करावी, सर्व शुल्क आणि आकारणीची नोंद घ्यावी आणि रनिंग अकाउंट फॅसिलिटी, डीडीपीआय किंवा पॉवर ऑफ ॲटर्नी यांसारख्या अतिरिक्त सुविधांना विशेषतः अधिकृत करावे.","जसे की, करारावर सही करण्यापूर्वी तो काळजीपूर्वक वाचून त्यातील प्रत्येक चौकटीवर खूण करणे, जेणेकरून नंतर कोणताही अनपेक्षित धक्का बसणार नाही.","फॉर्म भरताना, सना कॅश आणि एफ अँड ओ (F&O) सेगमेंटसाठी आपली पसंती दर्शवते, ब्रोकरेज शुल्काची नोंद करते आणि भविष्यातील वाद टाळण्यासाठी रनिंग अकाउंट सुविधेकरिता ब्रोकरला लेखी स्वरूपात अधिकृत करते.","काहींना वाटते की खाते उघडताना मुखत्यारपत्र किंवा डीडीपीआय आपोआप दिले जाते, परंतु गुंतवणूकदाराला या सुविधांसाठी ब्रोकरला विशेषतः अधिकृत करावे लागते.",सेबी,नवशिक्या
Why is KYC (Know Your Client) compulsory when opening an account?,"KYC is mandatory to verify your identity and address, and it is required by law under the Prevention of Money Laundering Act, 2002.",KYC is like showing your ID at an airport — the institution must confirm who you really are before letting you in.,"Before opening a trading account, you submit your PAN and Aadhaar, and the broker verifies your identity and address.","Some believe KYC must be repeated at every broker, but it is actually a one-time process valid across all intermediaries.",SEBI,beginner,खाता खोलते समय केवाईसी (अपने ग्राहक को जानें) अनिवार्य क्यों है?,"आपकी पहचान और पते को सत्यापित करने के लिए केवाईसी अनिवार्य है, और यह धन शोधन निवारण अधिनियम, 2002 के तहत कानून द्वारा आवश्यक है।",केवाईसी एयरपोर्ट पर अपना आईडी दिखाने जैसा है - संस्था को आपको अंदर जाने देने से पहले यह पुष्टि करनी होगी कि आप वास्तव में कौन हैं।,"ट्रेडिंग खाता खोलने से पहले, आप अपना पैन और आधार कार्ड जमा करते हैं, और ब्रोकर आपकी पहचान और पते का सत्यापन करता है।","कुछ लोगों का मानना ​​है कि हर ब्रोकर पर केवाईसी को दोहराना पड़ता है, लेकिन वास्तव में यह एक बार की प्रक्रिया है जो सभी मध्यस्थों के लिए मान्य है।",एसईबीआई,शुरुआत,खाते उघडताना केवायसी (नो युवर क्लायंट) अनिवार्य का आहे?,"तुमची ओळख आणि पत्ता सत्यापित करण्यासाठी केवायसी (KYC) अनिवार्य आहे आणि मनी लाँडरिंग प्रतिबंधक कायदा, २००२ अंतर्गत ते कायद्याने आवश्यक आहे.","केवायसी हे विमानतळावर तुमचे ओळखपत्र दाखवण्यासारखेच आहे — तुम्हाला आत सोडण्यापूर्वी, संबंधित संस्थेला तुम्ही खरोखर कोण आहात याची खात्री करावी लागते.","ट्रेडिंग खाते उघडण्यापूर्वी, तुम्ही तुमचा पॅन आणि आधार सादर करता आणि ब्रोकर तुमच्या ओळखीची आणि पत्त्याची पडताळणी करतो.","काहींना वाटते की प्रत्येक ब्रोकरकडे केवायसी पुन्हा करावे लागते, पण प्रत्यक्षात ही सर्व मध्यस्थांसाठी एकच वेळची प्रक्रिया आहे.",सेबी,नवशिक्या
What is e-KYC?,"e-KYC is an electronic way of completing the Know Your Client process using your Aadhaar and PAN, without visiting a branch.",e-KYC is like doing your bank paperwork online from home instead of standing in a queue at the branch.,An investor completes e-KYC using Aadhaar and PAN to open a mutual fund or demat account digitally.,"People often think e-KYC is optional, but for account opening it serves the same mandatory identity verification purpose as physical KYC.",SEBI,beginner,ई-केवाईसी क्या है?,"ई-केवाईसी एक इलेक्ट्रॉनिक तरीका है जिसके माध्यम से आप अपने आधार कार्ड और पैन कार्ड का उपयोग करके, किसी शाखा में जाए बिना, अपने ग्राहक को जानें (Know Your Client) प्रक्रिया को पूरा कर सकते हैं।",ई-केवाईसी का मतलब है कि आप बैंक शाखा में कतार में खड़े होने के बजाय घर बैठे ही ऑनलाइन अपने बैंक संबंधी कागजी काम कर लें।,एक निवेशक आधार और पैन कार्ड का उपयोग करके ई-केवाईसी प्रक्रिया पूरी करके डिजिटल रूप से म्यूचुअल फंड या डीमैट खाता खोलता है।,"लोग अक्सर सोचते हैं कि ई-केवाईसी वैकल्पिक है, लेकिन खाता खोलने के लिए यह भौतिक केवाईसी के समान ही अनिवार्य पहचान सत्यापन उद्देश्य को पूरा करता है।",एसईबीआई,शुरुआत,ई-केवायसी म्हणजे काय?,"ई-केवायसी ही शाखेत न जाता, तुमचा आधार आणि पॅन वापरून 'नो युवर क्लायंट' प्रक्रिया पूर्ण करण्याची एक इलेक्ट्रॉनिक पद्धत आहे.",ई-केवायसी म्हणजे शाखेत रांगेत उभे राहण्याऐवजी घरबसल्या तुमची बँकेची कागदपत्रे ऑनलाइन पूर्ण करणे.,गुंतवणूकदार डिजिटल पद्धतीने म्युच्युअल फंड किंवा डिमॅट खाते उघडण्यासाठी आधार आणि पॅन वापरून ई-केवायसी पूर्ण करतो.,"लोकांना अनेकदा वाटते की ई-केवायसी ऐच्छिक आहे, परंतु खाते उघडण्यासाठी ते प्रत्यक्ष केवायसीप्रमाणेच अनिवार्य ओळख पडताळणीचा उद्देश पूर्ण करते.",सेबी,नवशिक्या
What are Officially Valid Documents (OVDs)?,"OVDs are official documents used as proof of identity and proof of address during KYC, such as PAN card, Aadhaar, passport, voter ID, or driving license.","OVDs are like the required papers you bring to prove who you are and where you live, similar to documents needed to rent a house.",You submit a copy of your passport as proof of identity and a driving license as proof of address.,"Some think any document will do, but only the officially prescribed documents are accepted for KYC identity and address proof.",SEBI,beginner,आधिकारिक तौर पर मान्य दस्तावेज़ (ओवीडी) क्या हैं?,"ओवीडी आधिकारिक दस्तावेज होते हैं जिनका उपयोग केवाईसी के दौरान पहचान और पते के प्रमाण के रूप में किया जाता है, जैसे पैन कार्ड, आधार कार्ड, पासपोर्ट, मतदाता पहचान पत्र या ड्राइविंग लाइसेंस।","ओवीडी उन आवश्यक दस्तावेजों की तरह हैं जिन्हें आपको यह साबित करने के लिए लाना होता है कि आप कौन हैं और आप कहां रहते हैं, ठीक वैसे ही जैसे घर किराए पर लेने के लिए आवश्यक दस्तावेज होते हैं।",आपको पहचान के प्रमाण के रूप में अपने पासपोर्ट की एक प्रति और पते के प्रमाण के रूप में ड्राइविंग लाइसेंस जमा करना होगा।,"कुछ लोगों का मानना ​​है कि कोई भी दस्तावेज चलेगा, लेकिन केवाईसी (KYC) पहचान और पते के प्रमाण के लिए केवल आधिकारिक रूप से निर्धारित दस्तावेज ही स्वीकार किए जाते हैं।",एसईबीआई,शुरुआत,अधिकृत वैध दस्तऐवज (OVDs) म्हणजे काय?,"ओव्हीडी (OVDs) ही केवायसी (KYC) दरम्यान ओळखीचा पुरावा आणि पत्त्याचा पुरावा म्हणून वापरली जाणारी अधिकृत कागदपत्रे आहेत, जसे की पॅन कार्ड, आधार, पासपोर्ट, मतदार ओळखपत्र किंवा वाहन चालविण्याचा परवाना.","ओव्हीडी (OVDs) हे तुम्ही कोण आहात आणि कुठे राहता हे सिद्ध करण्यासाठी लागणाऱ्या आवश्यक कागदपत्रांसारखे आहेत, जसे घर भाड्याने घेण्यासाठी कागदपत्रे लागतात.",तुम्ही ओळखीचा पुरावा म्हणून तुमच्या पासपोर्टची प्रत आणि पत्त्याचा पुरावा म्हणून वाहन चालविण्याचा परवाना सादर करा.,"काहींना वाटते की कोणतेही कागदपत्र चालेल, परंतु केवायसी ओळख आणि पत्त्याच्या पुराव्यासाठी केवळ अधिकृतपणे विहित केलेली कागदपत्रेच स्वीकारली जातात.",सेबी,नवशिक्या
What is a KYC Identification Number (KIN)?,A KIN is a unique number generated after your KYC form is submitted and communicated to you by SMS or email.,A KIN is like a student roll number — it uniquely identifies you in the system once you have registered.,"After completing KYC, you receive a KIN via SMS that confirms your identity is registered across intermediaries.",Some think the KIN is a password or trading ID; it is actually just a unique reference number proving your KYC is complete.,SEBI,beginner,केवाईसी पहचान संख्या (केआईएन) क्या है?,केआईएन एक अद्वितीय संख्या है जो आपके केवाईसी फॉर्म जमा करने के बाद उत्पन्न होती है और आपको एसएमएस या ईमेल के माध्यम से भेजी जाती है।,केआईएन एक छात्र रोल नंबर की तरह होता है - एक बार पंजीकरण हो जाने के बाद यह सिस्टम में आपकी विशिष्ट रूप से पहचान करता है।,"केवाईसी प्रक्रिया पूरी करने के बाद, आपको एसएमएस के माध्यम से एक केआईएन प्राप्त होता है जो इस बात की पुष्टि करता है कि आपकी पहचान सभी मध्यस्थों में पंजीकृत है।",कुछ लोग सोचते हैं कि KIN एक पासवर्ड या ट्रेडिंग आईडी है; वास्तव में यह केवल एक अद्वितीय संदर्भ संख्या है जो यह साबित करती है कि आपकी KYC प्रक्रिया पूरी हो चुकी है।,एसईबीआई,शुरुआत,केवायसी ओळख क्रमांक (KIN) म्हणजे काय?,KIN हा एक विशिष्ट क्रमांक आहे जो तुमचा KYC फॉर्म सबमिट केल्यानंतर तयार केला जातो आणि तुम्हाला SMS किंवा ईमेलद्वारे कळवला जातो.,KIN हे विद्यार्थ्याच्या रोल नंबरसारखे असते — एकदा तुम्ही नोंदणी केल्यावर ते तुम्हाला सिस्टीममध्ये अद्वितीयपणे ओळखते.,"केवायसी पूर्ण केल्यानंतर, तुम्हाला एसएमएसद्वारे एक केआयएन (KIN) मिळतो, जो तुमची ओळख सर्व मध्यस्थांकडे नोंदणीकृत असल्याची पुष्टी करतो.","काहींना वाटते की KIN हा पासवर्ड किंवा ट्रेडिंग आयडी आहे; पण वास्तविक पाहता, तो फक्त एक अद्वितीय संदर्भ क्रमांक आहे जो तुमचे KYC पूर्ण झाल्याचे सिद्ध करतो.",सेबी,नवशिक्या
What is a Basic Services Demat Account (BSDA)?,BSDA is a low-cost Demat account for individual investors who have only one Demat account and holdings not exceeding Rs. 10 lakhs each for debt and non-debt securities.,"BSDA is like a basic, economical bank account that avoids extra charges if you keep limited deposits and use fewer services.",An investor holding shares worth under Rs. 10 lakh in a single Demat account can use BSDA to reduce maintenance costs.,"Many assume BSDA is for everyone, but it is only for individuals with a single Demat account and holdings within the prescribed limit.",SEBI,beginner,बेसिक सर्विसेज डीमैट अकाउंट (बीएसडीए) क्या है?,बीएसडीए एक कम लागत वाला डीमैट खाता है जो उन व्यक्तिगत निवेशकों के लिए है जिनके पास केवल एक डीमैट खाता है और जिनके पास डेट और नॉन-डेट सिक्योरिटीज में से प्रत्येक में 10 लाख रुपये से अधिक की होल्डिंग नहीं है।,"बीएसडीए एक बुनियादी, किफायती बैंक खाते की तरह है जो सीमित जमा राशि रखने और कम सेवाओं का उपयोग करने पर अतिरिक्त शुल्कों से बचाता है।","एक निवेशक जिसके पास एक ही डीमैट खाते में 10 लाख रुपये से कम मूल्य के शेयर हैं, वह रखरखाव लागत को कम करने के लिए बीएसडीए का उपयोग कर सकता है।","बहुत से लोग मानते हैं कि बीएसडीए सभी के लिए है, लेकिन यह केवल उन व्यक्तियों के लिए है जिनके पास एक ही डीमैट खाता है और निर्धारित सीमा के भीतर जमा राशि है।",एसईबीआई,शुरुआत,बेसिक सर्व्हिसेस डिमॅट अकाउंट (BSDA) म्हणजे काय?,"बीएसडीए हे अशा वैयक्तिक गुंतवणूकदारांसाठी एक कमी खर्चाचे डिमॅट खाते आहे, ज्यांचे फक्त एकच डिमॅट खाते आहे आणि ज्यांची डेट आणि नॉन-डेट सिक्युरिटीजमधील गुंतवणूक प्रत्येकी १० लाख रुपयांपेक्षा जास्त नाही.","बीएसडीए हे एका मूलभूत, किफायतशीर बँक खात्यासारखे आहे, ज्यात तुम्ही मर्यादित रक्कम जमा केल्यास आणि कमी सेवा वापरल्यास अतिरिक्त शुल्क लागत नाही.",एकाच डिमॅट खात्यात १० लाख रुपयांपेक्षा कमी किमतीचे शेअर्स असलेला गुंतवणूकदार देखभाल खर्च कमी करण्यासाठी बीएसडीएचा वापर करू शकतो.,"बऱ्याच जणांना असे वाटते की बीएसडीए (BSDA) सर्वांसाठी आहे, परंतु ते फक्त अशा व्यक्तींसाठी आहे ज्यांचे एकच डिमॅट खाते आहे आणि ज्यात विहित मर्यादेत गुंतवणूक आहे.",सेबी,नवशिक्या