question,simple_answer,analogy,example,misconception,source,difficulty
What is financial literacy?,"Financial literacy is the knowledge and skills that help you understand money matters, plan your finances, and use financial services effectively.","It is like learning the rules of the road before you drive, so you can travel safely and reach your destination without crashes.","A person who knows how to budget, save, and compare loan offers is financially literate.","Many think financial literacy only means knowing how to save money, but it also covers budgeting, borrowing, and using banking services wisely.",NCFE,beginner
What is financial planning?,Financial planning means planning your money ahead of time so you can meet your needs and handle unexpected emergencies.,"It is like packing an umbrella before you leave home, so a sudden rain does not catch you off guard.",Setting aside part of your monthly income for a future medical emergency is financial planning.,"Some believe planning is only for rich people, but even small incomes benefit greatly from simple planning.",NCFE,beginner
What is a saving habit?,A saving habit is the regular practice of setting aside part of your income instead of spending it all.,It is like storing a little grain each day so you have food even during the lean season.,Depositing a fixed small amount every month into a savings account builds a saving habit.,"People often think saving means saving only large sums, but saving even a tiny amount regularly matters.",NCFE,beginner
What is a savings account in a bank?,A savings account is a bank account where you keep your money safely and can deposit or withdraw it as needed.,It is like a secure locker for your money that you can open whenever you need to.,Opening a savings account and depositing your monthly surplus keeps your money safe and accessible.,"Some think keeping cash at home is safer, but a bank account protects against theft and loss and can earn interest.",NCFE,beginner
What is a recurring deposit account?,"A recurring deposit account lets you deposit a fixed amount regularly, such as every month, to build up savings over time.",It is like filling a piggy bank with the same coin each week until it becomes a useful sum.,Depositing 500 rupees every month into a recurring deposit helps you build a lump sum for future needs.,"Some think recurring deposits are only for large savers, but they are designed for small, regular savings.",NCFE,beginner
What is borrowing?,"Borrowing means taking money from someone with a promise to pay it back, usually with interest.","It is like borrowing a tool from a neighbour and returning it later, often with a small thank-you.",Taking a loan from a bank to buy a farming pump is borrowing.,"People assume all borrowing is bad, but borrowing for productive needs and repaying on time can be helpful.",NCFE,beginner
What is borrowing from a bank?,Borrowing from a bank means taking a loan from a bank and repaying it with interest over an agreed period.,"It is like renting a field to grow crops, then sharing part of the harvest as rent.",A farmer taking a Kisan Credit Card loan from a bank to buy seeds is borrowing from a bank.,"Some think bank loans are always costly or exploitative, but banks usually offer credit at competitive, non-exploitative rates.",NCFE,beginner
What is a debt trap?,"A debt trap is a situation where you keep borrowing to repay old debts, and the debt keeps growing beyond your ability to repay.","It is like digging a hole to fill another hole, only to end up deeper in the ground.",Borrowing from a moneylender at high interest to pay off a previous loan can lead to a debt trap.,"Many think they can always borrow their way out of debt, but this often deepens the trap instead of escaping it.",NCFE,beginner
What is financial inclusion?,"Financial inclusion means making sure everyone has access to basic financial services like bank accounts, credit, and savings.","It is like ensuring every home in a village gets a water connection, not just those in the centre.",Opening bank accounts for people who previously had none is an example of financial inclusion.,"Some think inclusion just means opening an account, but it also means actually using banking services regularly.",NCFE,beginner
What is an overdraft facility?,"An overdraft facility lets you withdraw more money than you have in your account, up to a set limit, which you repay later.",It is like a shop letting a trusted customer take goods now and pay at month end.,A small shop owner using a small overdraft to buy stock during a busy season is using an overdraft facility.,"Some think an overdraft is free money, but it must be repaid and may carry interest.",NCFE,beginner
What is the main goal of financial literacy camps?,To help people become financially included by teaching them how to plan their money and giving them easy access to banking services.,Like a driving school: you learn the rules of the road (literacy) and get access to a car (services) so you can actually travel safely.,"A monthly camp in a village teaches people how to open a bank account and how to save part of their income, then helps them open the account on the spot.",Many think literacy is only about reading and writing; financial literacy is really about making smart money decisions.,NCFE,beginner
Why should people plan their finances ahead of time?,Planning ahead helps them meet major life needs and handle sudden emergencies without falling into debt.,Like packing an umbrella before the rainy season instead of getting drenched and borrowing one from a neighbour.,A farmer sets aside a small amount each month so that a medical emergency does not force him to take a high-interest loan.,"People often believe emergencies cannot be planned for, but building a small buffer in advance prepares you for them.",NCFE,beginner
What is a debt trap and how can it be avoided?,A debt trap is when you keep borrowing to repay old loans and the debt keeps growing; it can be avoided by saving and planning ahead.,"Like digging a hole to fill another hole, each hole gets deeper and harder to climb out of.",A person borrows from a moneylender to pay off a previous loan and ends up paying more interest than the original amount.,"Some think borrowing more money always solves money problems, but it can make them worse if used to cover old debts.",NCFE,beginner
Why is the habit of saving important?,Saving gives people money for future needs and unexpected events and reduces their reliance on borrowing.,Like storing grain after harvest so the family has food in the lean season.,"A shopkeeper puts aside Rs. 100 every day, which grows into a fund for his daughter's education.","A common myth is that saving only works for rich people; even small, regular amounts build up over time.",NCFE,beginner
What is the advantage of saving money with a bank instead of at home?,"Bank savings keep money safe, earn interest, and make it easy to send and receive money.","Like keeping grain in a secure warehouse instead of a leaking shed, where it is protected and can even grow.","A woman deposits her monthly savings in a bank account and earns interest, while cash at home could be lost or stolen.",Some believe banks are only for the wealthy; banks welcome small savers and their accounts are secure.,NCFE,beginner
How does access to a small overdraft facility help an account holder?,"A small overdraft lets account holders withdraw a little more than they have, helping them cover short-term needs.",Like a small emergency cash cushion that you can reach for when your pocket is momentarily empty.,"A daily-wage worker uses a small overdraft to buy tools when work is slow, then repays it once wages come in.","An overdraft is not free money; it is a short-term facility that must be repaid, so it is not extra income.",NCFE,beginner
What is a recurring deposit account and why is it useful?,A recurring deposit lets you pay a fixed amount regularly into the bank and earn interest on your total savings.,"Like filling a piggy bank on a fixed schedule, but the bank rewards you with extra money for your discipline.",A tailor deposits Rs. 500 every month into a recurring deposit and after a year has a lump sum for a new sewing machine.,People sometimes think recurring deposits lock their money away forever; the money matures and can be withdrawn after the term.,NCFE,beginner
What is a Kisan Credit Card (KCC) used for?,"A KCC gives farmers access to timely credit for their farming needs such as seeds, fertiliser and equipment.","Like a ready fuel card that lets a farmer fill the tractor when sowing season arrives, without delay.",A farmer uses a KCC to buy seeds before the monsoon and repays the loan after selling the harvest.,The name suggests it is only for shopping like a normal card; a KCC is really an agricultural credit facility.,NCFE,beginner
Why should people borrow from banks rather than informal lenders?,"Bank loans usually charge fair, non-exploitative interest and are safer than informal lenders who may charge very high rates.",Like buying medicine from a licensed chemist rather than from an unregulated seller who may overcharge or sell fakes.,A vegetable vendor takes a bank loan at a reasonable interest rate instead of a moneylender's crushing rate.,Some think bank loans are always cheaper than subsidies; in fact banks charge competitive but not subsidised rates.,NCFE,beginner
Why should account holders be encouraged to make regular transactions?,"Regular transactions keep accounts active and help banks recover the cost of maintaining them, making the service viable.",Like a bus route that stays affordable and running only when enough passengers use it regularly.,"A family uses its bank account for remittances and small payments each month, keeping the account active and useful.",Some think an unused account costs them nothing; dormant accounts are costly for banks and may attract fees or closure.,NCFE,beginner
What is budgeting?,A budget is a plan that shows how much money you expect to earn and how you will spend and save it over a period of time.,A budget is like a recipe: it tells you how much of each ingredient (money) you need and how it will be used so nothing is wasted.,"A family writes down that they will earn 10,000 rupees this month and plan to spend 6,000 on food, 2,000 on school fees and save 2,000.","A common misconception is that budgeting means you cannot spend on anything you enjoy, but a good budget lets you plan for both needs and small pleasures.",NCFE,beginner
What is saving?,"Saving means keeping aside a part of your income instead of spending it all, so you can use it later for future needs or emergencies.",Saving is like storing grain after the harvest so you have food during the months when nothing grows.,A shopkeeper puts aside 100 rupees from each day's sales into a savings account.,"Some people think saving means hiding money at home, but saving in a bank keeps it safe and can also earn interest.",NCFE,beginner
What is a financial diary?,A financial diary is a small record book in which a person writes down their income and expenses so they can track and manage their money.,"It is like a health diary where you note down what you eat each day, but here you note down money coming in and going out.",A villager writes every rupee earned and spent during the month in the financial diary given at a financial literacy camp.,"People often think keeping such a record is unnecessary, but writing it down helps them see where money leaks and how to save more.",NCFE,beginner
What is the advantage of saving money with a bank?,"Saving with a bank keeps your money safe, gives you interest and makes it easy to receive and send payments.",Keeping money in a bank is like keeping valuables in a locked locker at a trusted office instead of under your mattress.,"A woman saves in her bank account and receives government benefits directly into it, avoiding the risk of losing cash.",A common myth is that banks take away your money; in truth a bank is a safe place to store it and it belongs to you.,NCFE,beginner
What is a Business Correspondent?,"A Business Correspondent is a person appointed by a bank to provide basic banking services, such as opening accounts and taking deposits, in villages where there is no bank branch.",A Business Correspondent is like a bank's doorstep delivery person who brings banking to your village so you do not have to travel far.,A local shopkeeper appointed as a Business Correspondent collects small deposits from villagers on behalf of the bank.,"Some people think a Business Correspondent is running their own money business, but they act on behalf of the bank and your money goes to the bank.",NCFE,beginner
What is the difference between formal and informal sources of borrowing?,"Formal sources like banks and registered institutions are regulated and charge fair, fixed interest, while informal sources like local moneylenders are not regulated and often charge very high interest.","Formal borrowing is like buying goods from a licensed shop with a clear price tag, while informal borrowing is like buying from an unknown seller who sets any price he likes.","Taking a loan from a bank at 10 percent interest is formal borrowing, while borrowing from a moneylender at 60 percent is informal borrowing.","Many believe informal loans are easier and cheaper, but their hidden and very high interest often traps borrowers in debt.",NCFE,beginner
Why is it important to know the purpose and cost of borrowing?,Knowing why you are borrowing and how much it will cost helps you decide if the loan is really worth taking and prevents you from falling into a debt trap.,"It is like checking the price and terms before hiring a taxi, so you know the full fare before you start the ride.","A person wants a loan for a productive purpose like buying a sewing machine, and checks the interest rate before agreeing.","People often focus only on the loan amount and ignore the interest, which is actually the real cost of borrowing.",NCFE,beginner
What are the different types of borrowing?,"Borrowing can be for different needs, such as productive loans for income-earning activities, consumption loans for daily needs, and emergency loans for sudden expenses.","It is like the different reasons you might ask a neighbour for help: to start a business, to buy daily food, or to handle a sudden illness.","A tailor borrows a productive loan to buy cloth, while another person takes a loan to meet a medical emergency.","Some think all borrowing is bad, but a loan used for a productive purpose that generates income can be useful if repaid on time.",NCFE,beginner
What is the main objective of financial literacy programs described in the text?,To bring unbanked people into the banking fold by teaching financial concepts and helping them open and actively use bank accounts.,It's like a swimming instructor not only teaching theory at the poolside but also getting students into the water and checking they keep swimming.,"A village camp teaches villagers about savings, then helps them open accounts on the spot and follows up to ensure they actually use them.",Many think financial literacy is just about giving information; in reality it must lead to account opening and regular usage.,NCFE,beginner
Why is close monitoring of account usage important after opening accounts?,Monitoring helps identify what stops people from using their accounts frequently so those problems can be fixed quickly.,"It's like a teacher checking homework regularly to spot which topics students struggle with, rather than just handing out books.","A bank reviews how often new account holders deposit money and finds travel distance is the barrier, so it adds a local agent.",Some believe the job ends once an account is opened; actually account opening is just the first step toward regular usage.,NCFE,beginner
Who should be involved when organizing financial literacy events in villages?,"Local Government officials, prominent villagers like the sarpanch or school teachers, and NGOs with a proven track record.",It's like getting well-known community leaders to endorse a local event so more people show up and trust it.,A bank invites the village sarpanch and a respected NGO to help run a financial literacy camp and boost attendance.,"Some assume banks should organize camps alone, but involving trusted local figures greatly improves participation.",NCFE,beginner
"In how many stages is the financial literacy camp program conducted, and over what period?","Three stages over three months, each with a session of at least two hours plus a follow-up visit.","It's like a three-part course spread across a term, with each lesson reinforced later.",Month one: awareness session. Month two: deeper session. Month three: final session and a visit to deliver cards.,"People often think a financial literacy camp is a single event, but it is a multi-session program over three months.",NCFE,beginner
What is the focus of the first session of a financial literacy camp?,"Creating awareness about financial concepts, personal finance, and managing money among villagers.",It's like the introduction class of a course where you learn the basic ideas before the practical work begins.,"In the first session, villagers learn what budgeting means and why saving with a bank matters.","Some think the first session involves transactions or accounts, but it is mainly about building awareness and understanding.",NCFE,beginner
What is a financial diary and how is it used?,A financial diary is a notebook for preparing a budget and recording income and expenses periodically over time.,"It's like a fitness tracker but for money, showing where your cash is going every day.",A participant writes down weekly earnings and spending in the diary for a month to understand their money habits.,Some think a financial diary is only for the wealthy; in fact it helps anyone track and control their spending.,NCFE,beginner
What is a Business Correspondent in banking?,"A person or agent who provides basic banking services on behalf of a bank, especially in areas without a branch.",It's like a mobile postman who brings banking to your doorstep instead of you going to the post office.,Villagers deposit and withdraw small amounts through a local Business Correspondent instead of travelling to town.,Some believe a Business Correspondent is a separate bank; actually they represent an existing bank's services.,NCFE,beginner
Why should banks prepare an annual calendar of camp locations in advance?,To plan and organize financial literacy camps in an orderly way so they reach many rural locations on time.,It's like a school preparing a yearly timetable so every class gets scheduled without clashes.,"A rural branch lists twelve villages, one camp per month, so villagers know when the camp will arrive.",Some think camps are spontaneous; in reality they are planned and publicized well ahead through an annual calendar.,NCFE,beginner
Why is advance publicity given before a financial literacy camp?,To make villagers aware of the camp in advance so that attendance is good and as many people as possible benefit.,It's like advertising a village fair beforehand so enough people turn up on the day.,Notice is spread through the sarpanch and school teachers a week before the camp so villagers mark the date.,"Some assume people will attend automatically; without publicity, attendance at such camps tends to be poor.",NCFE,beginner
What is income?,"Income is money you earn from various sources, such as a salary, wages, or earnings from farming.","Income is like the water flowing into a bucket from a tap; the more sources you have, the more water (money) you collect.",A farmer who sells crops and also works part-time for wages has income from two sources: farming and wages.,"People often think income only means a fixed monthly salary and forget that farming, wages, or small business earnings also count as income.",NCFE,beginner
What is a bank account?,"A bank account is a place at a bank where you keep your money safely and can deposit, withdraw, and receive money.",A bank account is like a locker or safe that the bank guards for you and lets you open whenever you need your money.,"Ramu opens an account, gives his savings to the bank, and later withdraws cash when he needs it for daily needs.","Many believe that money in a bank account is locked away and cannot be accessed easily, but you can deposit and withdraw as per the account rules.",NCFE,beginner
What is a deposit?,A deposit is money you put into your bank account to keep it safe or to save.,A deposit is like putting grain into a storage bin so it is safe and grows your stock over time.,Sita earns 500 rupees from selling vegetables and deposits 300 rupees into her account to save for later.,"Some think a deposit is a fee paid to the bank, but a deposit is your own money kept in the account.",NCFE,beginner
What is a withdrawal?,A withdrawal is taking money out of your bank account.,A withdrawal is like taking some grain out of your storage bin to use for today's meal.,Ravi withdraws 200 rupees from his account to buy medicine for his family.,"People sometimes think withdrawing money is free of limits, but accounts may have limits on how many or how much you can withdraw.",NCFE,beginner
What is a Business Correspondent (BC)?,A Business Correspondent is a person who works with a bank to provide banking services to villagers close to their homes.,A BC is like a mobile bank that comes to your village instead of you travelling far to the bank branch.,"The BC visits the village with an ICT device, lets villagers deposit and withdraw money, and helps them open accounts.","Some villagers fear the BC is a private moneylender, but the BC operates on behalf of and in relationship with the bank.",NCFE,beginner
What is an ICT device used by a Business Correspondent?,"An ICT device is a small electronic machine the BC uses to record deposits, withdrawals, and other transactions on the spot.",It works like a portable cash register or a mini bank counter that fits in the BC's hand.,"When a villager gives money to the BC, the BC enters it into the ICT device, and the villager gets a confirmation of the deposit.","Some think the ICT device is just a phone, but it is a secure tool connected to the bank for real transactions.",NCFE,beginner
What are social benefits credited directly into a bank account?,"Social benefits are government payments, such as pensions or subsidies, sent straight into your account instead of through cash or middlemen.",It is like the government posting money directly into your personal mailbox (account) rather than handing it to someone else.,"An old-age pension amount is credited directly into the villager's account, and they withdraw it when needed.","People often believe they still need an agent to collect benefits, but direct credit sends the money straight to their own account.",NCFE,beginner
What is a remittance?,"A remittance is money sent from one person to another, often from a family member working elsewhere back home.",A remittance is like passing a helping hand of money across a long distance to your family.,A son working in the city sends money to his parents in the village through the bank account.,"Some think remittances can only be sent by hand or through a friend, but they can be sent and received through bank accounts.",NCFE,beginner
What are the documents required to open a bank account?,"You need identity and address proof documents, such as an ID card or a residence proof, to open a bank account.",Documents are like the keys and ID you show at a gate to prove who you are before being allowed in.,Villagers are asked to bring their required documents to the second session so their accounts can be opened through the BC.,"Some believe opening an account needs no proof, but banks require proper documents to verify who you are.",NCFE,beginner
What documents are needed to open a bank account?,"Documents such as identity and address proof are required, and villagers should bring them to the session.","Like a ticket needed to board a train, documents are needed to open an account.",A villager brings their identity proof and a photograph to enroll for an account.,"People think no documents are needed to open a bank account, but proof of identity is necessary.",NCFE,beginner
What is an ICT device used by the BC?,"An ICT device is a handheld tool the BC uses to record deposits, withdrawals, and other transactions in the village.","Like a card machine at a shop that confirms payment, the ICT device records your banking transaction.",The BC enters details on the ICT device when a villager makes a deposit.,"People think the ICT device keeps their money, but it only records the transaction.",NCFE,beginner
What are social benefits credited directly into an account?,"Social benefits are government payments, such as pensions or subsidies, paid straight into the bank account.",It is like money being placed directly into your locker without a middleman.,A pension amount of 1000 rupees arrives directly into the villager's account.,"People think they must collect benefits in cash from an office, but they can be credited directly.",NCFE,beginner
How long does it take to get your account and card?,"The BC advises the approximate time, and branch officials visit after 15 days to ensure the cards are delivered.","Like waiting for a parcel after ordering, your card arrives once the account is opened.","After the second session, branch officials check the village after 15 days that cards have been delivered.","People think the card is given immediately at enrollment, but it comes after the account is opened.",NCFE,beginner
Why should you start using the account right after getting the card?,You should use the account for day-to-day needs immediately to get comfortable with banking.,"Like learning to ride a bicycle, you improve only by practising regularly.",Using the new account to deposit small daily savings soon after receiving the card.,"People think the account should be used only for large amounts, but daily use is encouraged.",NCFE,beginner
What account limits and charges should you know?,You should know the number of deposits and withdrawals allowed per month and the charges that apply.,"Like a mobile plan with a monthly data limit, accounts have monthly transaction limits.",Knowing how many withdrawals you can make each month before extra charges apply.,"People think all transactions are always free with no limits, but some charges may apply.",NCFE,beginner
What is expenditure?,"Expenditure is the money we spend on various items, including both essential and non-essential things. It is the money that goes out.",Expenditure is like water flowing out of a pitcher through a tap.,"Spending 2000 on food, shelter and clothes, 1000 on education, and 700 on loan repayment are all expenditures.","Some think expenditure only counts big purchases, but small daily spends on food, drinks or gambling are also expenditure.",NCFE,beginner
What is investment?,"Investment is using money, often out of savings, with the hope of earning higher returns over time.",Investment is like planting a seed today so it grows into a bigger tree later.,Buying land or putting money in a bank fixed deposit with the expectation of earning higher returns is investment.,"People often think investment is the same as saving, but saving is keeping money aside, while investment aims to grow it.",NCFE,beginner
What is debt?,"Debt is the shortage created when expenses are more than income and there are no savings, so money must be borrowed.",Debt is like borrowing water from a neighbour when your own pitcher is empty.,"If income is 5000 but expenses are 6000, there is a shortage of 1000 that may be covered by borrowing, creating debt.","People often think borrowing is always bad, but debt becomes a problem mainly when it is at high cost and cannot be repaid.",NCFE,beginner
How can we manage debt?,"If expenses exceed income in a month, use previous months' savings to cover the shortfall. If there are no savings, borrowing becomes necessary and often costly.",Using stored water in a dry season keeps you going without having to buy water at a high price.,"If you spend 6000 but earn 5000, you can use 1000 from previous savings instead of borrowing at high cost.","Some think taking a loan is the only solution to a shortfall, but using existing savings first avoids high-cost debt.",NCFE,beginner
What is the difference between essential and non-essential expenditure?,"Essential expenditure is money spent on basic needs that cannot be avoided, while non-essential expenditure is spending on wants that are not necessary for survival.","Essentials are like the staple food you must eat, while non-essentials are like dessert you enjoy but do not need.","Food, shelter, clothes, education and health are essential, while gambling, liquor, gutka and excessive festival spending are non-essential.","People often treat wants like luxurious goods or festivals as needs, but these are non-essential and can be reduced.",NCFE,beginner
How can we manage our money efficiently?,"We can manage money efficiently by doing financial planning, starting with maintaining a Financial Diary to keep accounts of income and expenses.","A Financial Diary is like a fitness tracker, but for your money habits.",Writing down all income and expenses in a Financial Diary helps you see your surplus or shortage each month.,"Some believe financial planning is only for the rich, but anyone can plan by simply tracking income and expenses.",NCFE,beginner
How does money management compare to managing water?,"Just as we store water when it is plentiful and use it when scarce, we should save money when income is high and use it when needed.",Your finance is like a pitcher with a tap: income flows in and expenses flow out.,"If municipal water comes all day sometimes and not at all other times, we store it; similarly we save money in good months for hard months.","People think if money stops coming they must stop spending entirely, but stored savings can cover the scarce times.",NCFE,beginner
What should we do to increase our savings?,We should plug non-essential expenses and reduce wasteful spending to increase our savings.,Plugging non-essential expenses is like fixing a leaking tap so less water is wasted.,"Reducing spending on gambling, drinks, gutka and excessive festival expenses leaves more money to save each month.","Some think saving more requires earning more, but cutting non-essential spending can increase savings even on the same income.",NCFE,beginner
What should you do when income is more than expenses?,"When income is more than expenses, you get a surplus, and you should move that surplus into savings.",It is like filling your storage tank when the water supply is abundant.,"With income of Rs 5000 and expenses of Rs 4000, the Rs 1000 surplus should be saved.",Many people spend the surplus immediately instead of saving it for future needs.,NCFE,beginner
How should you handle a situation where expenses exceed income?,"Use the savings from previous months to cover the shortfall; if you have no savings, decide carefully before borrowing, since debt is costly.",It is like using the water you stored earlier when the supply runs short.,"If income is Rs 5000 and expenses are Rs 6000, use prior savings to cover the Rs 1000 gap instead of borrowing.",Some resort to high-cost borrowing immediately instead of first using their own previous savings.,NCFE,beginner
How can you increase your savings?,You can increase savings by plugging or cutting down non-essential expenses.,It is like closing a leaking tap so that more water stays in the pitcher.,"Reducing Rs 500 spent on gutka, drinks, and gambling keeps more of your income as savings.","People often think they must earn more to save more, but reducing wasteful spending also raises savings.",NCFE,beginner
Why should we do financial planning?,"Financial planning lets us plan our likely expenses in advance based on our income. It helps us save a portion of our income regularly and cut down spending on non-essential items, so we can pay off debt and build savings for goals like buying a house or higher education.","It is like packing only what you truly need before a trip, instead of carrying everything and running out of space.","Meena started planning early, so she could save monthly and later pay for her son's college without borrowing.",You should start financial planning only when you have a large income or are older.,NCFE,beginner
What is the first step in financial planning?,"The first step is to assess your current financial position, that is, where you stand today in terms of income, expenses and savings.",It is like checking your current location on a map before deciding which route to take.,"Before planning, Sita listed her monthly income of Rs 5000 and all her current expenses to see where she stands.",You can plan your finances without knowing your current financial situation.,NCFE,beginner
"What is a short term, medium term and long term financial goal?","A short term goal is something to achieve within 1 year, a medium term goal within 1-5 years, and a long term goal in more than 5 years.","It is like planning a day trip (short term), a holiday next year (medium term) and retirement (long term).","Buying a small appliance this year is short term, saving for a bike in three years is medium term, and saving for a house in ten years is long term.",All financial goals take the same amount of time to achieve.,NCFE,beginner
How does maintaining a financial diary help you save money?,"It shows how much is spent on essential and non-essential items, so you can identify expenses to avoid or reduce. The money you cut back can then be saved.","It is like finding small leaks in a water pipe; once you spot them, you can plug them and stop wasting water.","With a monthly income of Rs 5000, cutting festival spending from Rs 500 to Rs 200 and avoiding Rs 500 on drinks freed up Rs 800 to save.","You cannot save anything on a small income, so tracking expenses is pointless.",NCFE,beginner
What is the difference between needs and wants?,"Needs are essential items required to live, such as food, clothes, shelter and education. Wants are non-essential items we would like but can live without, such as festivals, pilgrimage, refrigerators and luxury goods.",Water is a need; a fancy bottled drink is a want.,"Food, clothes and rent are needs, while pilgrimage and festival spending are wants that can be reduced.",Everything you spend money on is a need.,NCFE,beginner
"Why are vices like liquor, gutka, tobacco, alcohol and gambling harmful to your finances?","Spending on vices is a waste that can be avoided entirely. Money spent on them can instead be saved, helping break the cycle of poverty.","It is like pouring money down a drain, it gives nothing back and leaves you poorer.",Avoiding Rs 500 a month spent on drinks and gambling saves Rs 6000 a year.,Spending on vices is just a personal choice that does not affect your savings.,NCFE,beginner
What should you do after saving money each week or month?,"You should review your savings to check whether they are as per your plan, determine the amount saved at the end of each week or month, and deposit the savings in a bank account.",It is like harvesting a crop and storing it safely in a granary instead of leaving it out to be lost.,"At the end of each month, Sita counts what she saved and deposits it into her bank account.",Keeping saved cash at home is as safe and effective as depositing it in a bank.,NCFE,beginner
How should you handle expenses if your savings are not as per plan?,"You should review your savings regularly and, if they are not as planned, look at your expenses for opportunity areas to cut back spending and increase savings.","It is like tuning a radio, if the signal is weak you adjust until it is clear.","When Sita noticed her savings were short, she reduced her pilgrimage budget by Rs 300 to get back on track.","Once you set a savings plan, you never need to check or adjust it.",NCFE,beginner
What types of goals should we identify when financial planning?,"Short term (within 1 year), medium term (1 to 5 years), and long term (more than 5 years).","It is like planning a trip: today's bus fare is short term, next year's vacation is medium term, and your retirement home is long term.","Saving for a festival next month is short term, buying a bicycle in three years is medium term, and funding a child's college is long term.",Some think all goals should be saved for at once; actually different goals need different timelines and different saving amounts.,NCFE,beginner
What is the first step of financial planning?,"Assess your current financial position, that is, where you are today.",It is like checking your fuel gauge before starting a car journey so you know where you stand.,"Before saving, a person lists how much money they currently have and how much they owe.",Many people skip this step and jump straight to spending or investing; knowing your starting point comes first.,NCFE,beginner
How do you calculate how much to save for a goal?,"Estimate the cost of each item and the date you want to achieve it, then calculate how much you must save each week or month.",It is like dividing a long walk into daily steps so you know exactly how far to go each day.,"If a bicycle costs 6,000 and you want it in one year, you need to save about 500 per month.","People assume they must save the full amount at once; in fact, breaking it into weekly or monthly amounts makes it manageable.",NCFE,beginner
What is a financial diary and why keep one?,"A financial diary is a record of your weekly or monthly income and expenses, helping you see where money goes and where you can save.","It is like a food diary for a diet: once you see what you actually eat, it is easier to cut out the junk.","By writing down income and spending, a person discovers they spend on drinks and gambling and can stop that spending to save.","Some think they can remember everything in their head; without writing it down, they usually forget and spend more.",NCFE,beginner
What are vices in the context of financial planning?,"Vices are harmful habits like liquor, alcohol, gambling, gutka, and tobacco that waste money and health.",It is like pouring water into a leaking bucket: money keeps going out and nothing is ever kept.,Spending money on drinking and gambling is a vice that drains savings and should be avoided completely.,Some think small vices do not matter; a habit spending a little daily becomes a large loss over a month or year.,NCFE,beginner
How did the family in the example save money using a financial diary?,"They reduced festival spending from 500 to 200 and cut out 500 on drinks and gambling, saving 800 in total.",It is like finding coins under the sofa cushions; small cuts in a few places add up to a meaningful amount.,"With a monthly income of 5,000, after listing all expenses they trimmed wants and vices to free up 800 for savings.",Many believe saving requires a big income; this example shows you can save by controlling existing spending.,NCFE,beginner
Why should you review your savings regularly?,"To check whether your savings are following the plan, and if not, find areas where you can cut spending and save more.",It is like checking a map while travelling to make sure you are still heading the right way.,"At the end of each month, a person compares planned savings with actual savings and adjusts their next month's budget.",Some set a savings plan once and never check it; reviewing regularly is what keeps the plan working.,NCFE,beginner
What should you do with the money you save?,Deposit the savings in a bank account.,It is like keeping your harvest in a safe granary instead of leaving it in an open field.,"After determining the amount saved at the end of each week, the family deposits that money in a bank account.",People sometimes keep savings at home where they may be tempted to spend it; a bank keeps it safer and growing.,NCFE,beginner
What is a need?,"A need is something you really cannot do without, such as food, clothing, house repair, seeds, farming tools, children's education or healthcare.","A need is like the foundation of a house - without it, everything else falls apart.",Buying food and paying for your child's education are needs because you must have them to live and survive every day.,"People often think a need is anything they strongly want, but a need is only something required for survival.",NCFE,beginner
What is a non-essential item?,"A non-essential item is an 'extra' in life that you enjoy but can avoid, reduce or postpone, like drinks, drugs, gutka, gambling, expensive festivals, TV, scooter, car or jewellery.","Non-essential items are like dessert after a meal - nice to have, but you can skip them without going hungry.","Spending money on gambling can be avoided, and buying a new car can be postponed, freeing up money for essential things.","Many feel non-essential spending is compulsory, but these extras can usually be avoided, reduced or postponed.",NCFE,beginner
How can we reduce expenses?,"We can reduce expenses on extra items by spending judiciously, so the money saved becomes extra income for essential items without earning more.","Reducing expenses is like finding a leak in a bucket and sealing it, so more water stays in.","If you drink 4 cups of tea a day at Rs 5 each, that is Rs 600 a month. Cutting to 2 cups saves Rs 300 a month.","People think saving requires earning more, but cutting wasteful spending saves money without any extra income.",NCFE,beginner
What does the saying 'money saved is money earned' mean?,"It means that when you save money by cutting unnecessary spending, it is just as valuable as earning that same amount as extra income.",Money saved is like coins you pick up off the floor - it adds to your pocket just the same as being paid.,"Saving Rs 300 a month on tea equals Rs 3,600 a year, which is like earning an extra Rs 3,600 without doing more work.","Some think only earning more increases wealth, but money saved adds to wealth in the same way as money earned.",NCFE,beginner
Why should we save?,We should save regularly so we have money to use when our expenditure is more than our income and we need more money.,"Savings are like a spare tyre - you may not need it daily, but it rescues you on the day something goes wrong.","If you fall ill or have an accident, your savings help cover the costs when regular income is not enough.","People think saving is only for the rich, but the truth is everyone needs to save for hard times.",NCFE,beginner
What are the two ways to save money?,We can save either by cutting expenses or by increasing our income.,Saving is like filling a water tank - either turn down the tap of spending or turn up the inflow of income.,"If your income stays the same, you can still save by reducing what you spend on non-essential items.","Many assume savings only come from earning more, but cutting expenses is an equally valid way to save.",NCFE,beginner
Why should we save for emergencies?,"We should save so that we have money for unexpected events like illness, accident, death or natural calamity; during emergencies, savings come to our rescue.","Emergency savings are like an umbrella you keep handy - when the storm comes, you stay protected.","If a natural calamity damages your home, your savings help you repair it without borrowing.","Some believe emergencies can be handled by borrowing later, but savings are what actually rescue you without debt.",NCFE,beginner
Why do we need savings for lean periods?,"We need savings for lean periods, that is, when we are not able to earn, so we can meet our expenses during that time.","Lean-period savings are like storing grain for the dry season, so you do not starve when crops fail.","If seasonal work means no income for a few months, your earlier savings pay the bills until work returns.","People often think savings are only for buying things, but they are also a safety net when income stops.",NCFE,beginner
Why should we save for our old age?,"We need to save for our old age, when we may not be able to earn, so that we can meet our expenses then.",Old-age savings are like planting a tree today so you have shade to rest under in your later years.,Putting aside money throughout your working life gives you funds to live on after you stop earning.,"Some assume children will always support them in old age, but having your own savings gives you security.",NCFE,beginner
Why do we need to save for big purchases?,"We need to save to buy something we cannot afford from our regular income, such as a house, or to meet higher expenses on birth, education and marriage.",Saving for a big purchase is like building a brick wall one brick a day until it is complete.,"If a house costs more than your monthly income, small regular savings over time make the purchase possible.","People think they must earn a lot at once to buy big things, but steady saving makes large purchases achievable.",NCFE,beginner
How can we reduce our expenses?,"We can reduce expenses by spending judiciously on extra items, and the money saved becomes like extra income for the things we truly need.",It is like trimming the fat off a meal so you still get full nutrition while eating less food.,Cutting from 4 cups of tea a day to 2 cups saves about 300 rupees in a month and 3600 rupees in a year.,Many think you must earn more money to save; in reality you can save just by spending wisely.,NCFE,beginner
Why should we save money regularly?,We should save regularly so money is available when our expenses are more than our income and we need more than we earn.,Savings are like a water tank that stores water in good times to use during a dry spell.,"Savings help pay for birth, education, marriage, buying farm seeds, or purchasing a house.",Some believe savings are only for the rich; actually everyone needs savings for emergencies.,NCFE,beginner
What is the difference between essential and non-essential items?,"Essential items are things we truly cannot do without, while non-essential items are extras we enjoy but can avoid, reduce, or postpone.",Essentials are like the roots of a tree; non-essentials are like decorative leaves you can trim without harm.,"Food, clothing, seeds, and healthcare are essential; drinks, drugs, and gambling are non-essential.","People often think all spending is equally important, but extras can be cut without hurting survival.",NCFE,beginner
What makes spending on vices like drinks and gambling risky?,"Such spending is wasteful, harms health, and drains money that could have been saved for important needs.",It is like pouring money down a drain; once spent this way it brings no lasting benefit.,Money spent daily on gutka or gambling could instead be saved toward a child's education.,"Some treat these as normal entertainment, not realizing how much they quietly add up over time.",NCFE,beginner
How can we save money by postponing expenses?,"Some non-essential items can be bought later instead of now, so the money is freed up for more urgent needs today.",It is like waiting for a sale instead of buying at full price straight away.,"Delaying the purchase of a TV, scooter, car, or jewellery lets you save for essentials first.","People think postponing means giving up forever, but it simply means buying it at a better time.",NCFE,beginner
What two ways can we use to increase our savings?,Either by cutting our expenses or by increasing our income.,It is like filling a bucket faster by both plugging leaks and turning up the tap.,"If income stays the same, reducing extras like excessive festival spending leaves more to save.","Many assume saving is only about earning more, ignoring that controlling spending works too.",NCFE,beginner
In what situations do savings come to our rescue?,Savings help during emergencies and lean periods when we cannot earn or when unexpected costs arise.,Savings are like an umbrella you keep ready before the rain starts.,"Illness, an accident, a natural calamity, or old age are times when savings protect a family.",Some think emergencies can always be handled by borrowing; savings avoid the burden of debt.,NCFE,beginner
What is the difference between what we want and what we need?,"A need is what truly fulfils us, while a want is more than necessary and can be reduced without real loss.",It is like eating enough to satisfy hunger rather than stuffing yourself just for taste.,"We may want 4 cups of tea a day, but 2 cups may fully meet our actual need.",People often confuse wants with needs and spend on all of them as if they were unavoidable.,NCFE,beginner
"What is a common excuse people give for not saving, and why is it untrue?","People say they do not earn enough to save, but the truth is that everyone needs to save regardless of income.","It is like saying you cannot stay dry because it rains, when carrying an umbrella solves it.","Even a small daily saving, like cutting one cup of tea, grows into a large amount over a year.","Believing saving is impossible on a low income ignores how small, regular cuts add up.",NCFE,beginner
When should you start saving?,"You should start saving early and regularly, from day one of your earning life, even if the amount is small.",Starting to save early is like planting a tree when young so it grows big and shady by the time you need it.,A person who saves 1000 rupees every year from age 25 ends up with far more at 65 than someone who starts at 45.,"Many believe they can start saving later, but starting late means losing many years of growth and interest.",NCFE,beginner
Why should you save part of an unexpected profit or earning?,"You should save all or most of an unexpected profit, because it is extra money that can boost your savings quickly without affecting your normal spending.","An unexpected profit is like finding a bonus basket of fruit, so you can store it rather than eat it all at once.","If you receive a surprise 5000 rupee bonus, saving most of it adds a large chunk to your savings.","People often spend windfalls entirely on wants, missing a chance to strengthen their savings.",NCFE,beginner
How can saving help you in the future?,"Saving reduces your worries about future financial needs, helps you handle unexpected expenses, and prepares you for emergencies and old age without depending on others.",Savings are like an umbrella you keep ready so a sudden rain does not leave you stranded.,"If a medical emergency costs 5000 rupees, your savings can cover it without borrowing.","Some think savings are only for big goals, but they are also a shield against everyday unexpected costs.",NCFE,beginner
What is interest?,Interest is the extra money your savings earn over time when it is kept in a place like a bank.,Interest is like a tree giving you extra fruit each year simply because you planted and kept it.,Saving 7200 rupees in a year at 8% per annum earns about 318 rupees as interest.,"People think money kept idle stays the same, but only money that earns interest actually grows.",NCFE,beginner
Does the length of time you save matter?,"Yes, the longer you save, the more your savings grow, because your money keeps earning interest and multiplies over the years.",Saving longer is like letting a snowball roll down a hill; it gathers more snow the further it travels.,"Saving 1000 rupees a year from age 25 for 40 years grows to about 462878 rupees at age 65, much more than starting at 45.","Many think the total amount saved is what matters most, but the time your money grows is just as important.",NCFE,beginner
Why is it better to save in a bank than at home?,"Money in a bank is safe, grows with interest, is not charged a deposit fee, and can be used whenever needed, unlike money kept at home.","Keeping money at home is like leaving your harvest in an open field, where it can be stolen or spoiled.","Money kept in a Gullak at home earns no interest and can be stolen or eaten by pests, while a bank protects it and adds interest.","People think keeping cash at home is safest, but it can be lost, stolen, or spent and it never grows.",NCFE,beginner
What are the risks of keeping savings at home?,"Money kept at home can be stolen, eaten by rats or pests, or tempt you or others to spend or borrow it, and it does not grow.",Storing cash at home is like keeping ice outside in the sun; it does not stay safe or last long.,Savings kept under a pillow may be taken by a thief or used up in a moment of temptation.,"Some feel home savings are always accessible and safe, but accessibility often leads to spending it away.",NCFE,beginner
How do banks make saving beneficial?,"Banks keep your money safe, charge no fee for depositing, pay you interest, allow you to withdraw when needed, and carry out transparent transactions.",A bank is like a trusted locker that also pays you rent for storing your money there.,"You deposit money in a bank account, it stays safe, earns interest, and you can take it out whenever required.","People worry banks will charge them for saving, but banks pay interest instead of charging a deposit fee.",NCFE,beginner
What is an emergency fund?,"An emergency fund is the savings you build up to deal with unexpected expenses and future financial needs, so you are not caught off guard.","An emergency fund is like a spare tyre kept in your car for a sudden flat, so the journey is not stopped.","By saving 20 out of every 100 rupees earned, in 5 earning days you save one full day's earning for emergencies.","Many think emergencies can be managed by borrowing, but an emergency fund lets you meet needs without going into debt.",NCFE,beginner
"How much should a person save out of their daily income, according to the text?","A person should save a portion of their earnings from the very first day of their earning life, saving regularly even if the amount is small. For example, if you earn ₹100, save ₹20; if you earn ₹10, save ₹2.","Saving is like planting a seed the day you start earning — even a tiny seed, watered regularly, grows into a big tree over time.","If you earn ₹100 a day and set aside ₹20 daily, then in 5 earning days you have saved one full day's earning (₹100). In 100 earning days you would have saved the equivalent of 20 earning days, plus interest.","Many people think you can only start saving once you earn a large income; in reality even a small, regular saving from the very first day makes a big difference.",NCFE,beginner
What is the benefit of starting to save early in life?,"The earlier and longer you save, the more your money grows, because it earns interest for more years. Starting early gives you far more at retirement than starting late with the same yearly amount.","Think of a snowball rolling down a hill — the earlier it starts rolling, the bigger it becomes by the bottom.","Saving ₹1,000 every year and starting at age 25 gives about ₹4,62,878 by age 65. Starting at age 35 gives about ₹1,72,033, and starting at 45 gives only about ₹59,900 — even though the same ₹1,000 is saved each year.",People often believe saving a little for many years matters little; actually the number of years saved matters enormously because of compounding interest.,NCFE,beginner
How does regular monthly saving add up over a year?,"Small daily savings quickly add up. Saving ₹20 a day means ₹600 a month and ₹7,200 a year. With interest, the amount grows further.","Saving a little each day is like collecting drops of water — individually tiny, but together they fill a whole bucket.","Income ₹100/day, expenses ₹80/day, saving ₹20/day → saving per month = 20 × 30 = ₹600; saving per year = 600 × 12 = ₹7,200. At 8% interest per annum, interest is about ₹318, giving ₹7,518 at year end — equal to 75 days of income.",It is a common misconception that daily savings of a small amount are too little to matter; in fact they compound into meaningful sums.,NCFE,beginner
Why is it better to save money in a bank than to keep it at home?,"At home, money is at risk of theft, pests like rats, and temptation to spend it, and it does not grow. In a bank your money is safe, earns interest, and can be used whenever needed.",Keeping money at home is like leaving your crops out in the open — safe from nothing; depositing in a bank is like storing them in a secure granary that also adds more grain.,"Money kept under a pillow or in a Gullak may be eaten by rats, stolen, spent on impulse, or borrowed by others, and it never grows. The same money in a bank account stays safe and earns interest.","Some believe money at home is safest because they can see it; actually a regulated bank protects it better and even pays interest, whereas home cash is vulnerable and stagnant.",NCFE,beginner
What should you do with any unexpected profit or extra earning?,"When you receive an unexpected profit or extra earning, you should save all or most of it rather than spend it.",An unexpected windfall is like a surprise bonus harvest — storing it away prepares you for a lean season instead of feasting today.,"If you normally save ₹20 from ₹100, then when you receive an unexpected profit, save most of that extra amount too, which speeds up your progress toward financial security.",Many treat unexpected money as 'free money' to spend immediately; the wiser approach is to save most of it to strengthen future security.,NCFE,beginner
How does saving help during emergencies and old age?,Savings reduce worries about future financial needs and help you handle unexpected expenses. They also prepare you for emergencies and a non-working old age without depending on others.,Savings are like an umbrella kept ready before the rain — you are protected when the storm of an emergency or old age arrives.,"A person who saves regularly has money set aside to cover a sudden medical bill or a period of no income, and can meet needs in old age without borrowing from others.",People often assume they will always be able to borrow when needed; but growing savings mean you will not have to borrow to meet your needs.,NCFE,beginner
Why does saving for longer periods multiply your money?,"The longer you save, the more your savings grow, because the money earns interest over more years and the interest itself earns further interest (compounding), multiplying the amount many times.",Compounding is like a tree that not only grows taller but drops seeds that grow into more trees — your money multiplies over time.,"In the text, saving ₹1,000 a year from age 25 for 40 years (₹40,000 saved) grows to about ₹4,62,878 by age 65 at 10% interest, showing how long periods multiply savings.",A common mistake is thinking that the total saved is just the sum of deposits; compounding interest makes the final amount far larger than the money you put in.,NCFE,beginner
What role does the bank play with the money you deposit?,"Banks keep your money safe, pool the savings for nation-building, do not charge a fee for depositing, pay you interest, and let you use your money whenever needed through transparent transactions.","A bank is like a community well — everyone's small contributions are stored safely and used to nourish the whole village, while also giving back to each contributor.","When you deposit money in a bank, it is safe because banks are regulated, you earn interest so your money grows, and you can withdraw it when required — with no charge for depositing.","Some think banks simply hold your money idle and may charge for deposits; in fact banks pay interest, charge no deposit fee, and pool savings to support nation-building.",NCFE,beginner
"Is saving a fixed, one-time decision or an ongoing habit?","Saving is an ongoing habit: you should start early, save regularly from day one of earning, save most of any unexpected income, and keep saving for as long as possible so your money keeps growing.","Building savings is like staying physically fit — it is not a single workout but a regular, lifelong routine that gives lasting benefits.","A person who saves ₹20 from every ₹100 earned, repeats it every earning day, and continues for many years, ends up with savings equal to many days of income plus interest.",Many see saving as something to do 'someday' after big expenses; actually it should begin with the first income and continue regularly throughout life.,NCFE,beginner
What is nomination in a bank account?,Nomination lets a deposit holder name a person who can claim the money in the account if the holder dies.,Nomination is like naming a backup person on a ticket so someone can use it if you cannot.,Meena names her son as a nominee so he can claim her savings if something happens to her.,"People often think nomination is only for large accounts, but it is advisable for every bank account.",NCFE,beginner
Why should you make a nomination in a bank account?,Making a nomination helps the nominated person get the money easily without legal hassle after the account holder's death.,It is like leaving clear instructions so family does not struggle to find things later.,"After her father passed away, Anu could claim his savings quickly because he had made her the nominee.","Some think nomination transfers ownership during their lifetime, but it only comes into effect after death.",NCFE,beginner
What is the advantage of a bank account giving you an identity?,A bank account gives you an identity that is recognised by other government agencies.,It is like having a recognised ID card that proves you are part of the formal system.,Suresh used his bank passbook as proof of identity while applying for a government scheme.,"Some believe a bank account is only for saving money, not for identity or official proof.",NCFE,beginner
Why are bank transactions said to be transparent?,"Transactions are transparent because you can see all details of deposits, withdrawals, and interest.",It is like a diary that records every rupee coming in and going out.,Priya checks her passbook and sees exactly how much interest she earned each month.,"People think banks hide details, but a bank account clearly records every transaction.",NCFE,beginner
What does it mean that banks are non-discriminatory?,It means the same rules apply in the bank to similar types of customers.,It is like a queue where everyone with the same ticket is treated the same way.,Two customers with the same type of account both receive the same interest rate.,"Some believe banks treat customers differently based on who they are, but rules are the same for similar customers.",NCFE,beginner
What is EBT?,"EBT means Electronic Benefit Transfer, which credits social security benefits like wages and pensions directly to your bank account.",It is like a direct pipe that delivers money straight to your account without any middlemen.,Ramesh receives his MGNREGA wages directly into his bank account through EBT.,"People think benefits must be collected in person, but EBT sends them straight to the bank account.",NCFE,beginner
What are the benefits of EBT?,"EBT credits money to your account timely and efficiently, avoiding delays and leakages caused by middlemen.",It is like getting a parcel delivered directly to your door instead of passing through many hands.,Old age pension reaches Kamla's account on time through EBT instead of being delayed by intermediaries.,"Some think middlemen are needed to receive benefits, but EBT removes them entirely.",NCFE,beginner
What is remittance?,Remittance means sending money to other people at distant places through the bank.,It is like the bank acting as a courier that moves your money from one place to another.,Arjun sends money to his family in another state using the bank's remittance service.,"People think money must be carried physically, but banks transfer it from place to place safely.",NCFE,beginner
What types of deposit accounts can you open in a bank?,"You can open savings, recurring, and fixed deposit accounts according to your needs, and the bank pays interest.",It is like choosing different containers for your money depending on how you plan to use it.,Neha opens a fixed deposit to earn higher interest and a savings account for daily use.,"Some think a bank only offers one type of account, but there are savings, recurring, and fixed deposits.",NCFE,beginner
What is a bank passbook?,"A bank passbook is a small booklet that records all the deposits, withdrawals, and interest details of a bank account.","It works like a personal diary of your money, where every entry is written down so you can see your whole money story.","Priya checks her passbook and sees each salary deposit, ATM withdrawal, and quarterly interest credit listed with dates.","Some believe a passbook is the only valid proof of transactions, but bank statements and receipts are equally valid records.",NCFE,beginner
What is the advantage of a bank account giving an identity?,A bank account gives us an identity that is recognised by other government agencies.,It is like having an official membership card that proves you belong and are recognised by the system.,Sunita uses her bank passbook as address and identity proof when applying for a government scheme.,"Some believe a bank account is only for saving money, but it also serves as official identity proof.",NCFE,beginner
How is a bank account transparent?,"A bank account is transparent because we can see all the details of deposits, withdrawals, and interest.","It is like a clear glass jar for your money, where you can always see exactly what went in and what came out.","Vikram can check his passbook and see every transaction, so no one can secretly take money from his account.","Some fear that banks hide charges, but a bank account shows all transactions clearly, keeping everything transparent.",NCFE,beginner
Why are banks called non-discriminatory?,Banks are non-discriminatory because the same rules apply to all similar types of customers.,It is like a queue at a ticket counter where everyone with the same ticket is treated in the same way.,"Any customer depositing the same type of fixed deposit gets the same interest rate, regardless of who they are.","People sometimes think banks give special treatment to certain customers, but identical customers follow identical rules.",NCFE,beginner
Why is money in a bank account considered safe?,Money in a bank account is safe because banks keep it securely and it is protected rather than kept as cash at home.,It is like storing your valuables in a guarded locker instead of under your mattress.,"Meena keeps her savings in the bank instead of at home, so she does not worry about theft or loss.","Some think keeping cash at home is safer, but bank deposits are more secure and earn interest too.",NCFE,beginner
What types of accounts do banks open according to our needs?,"Banks open savings, recurring, and fixed deposit accounts according to our needs and pay interest on deposits.",It is like choosing the right container for water based on how long you want to store it.,"Ravi opens a recurring deposit to save a fixed amount monthly, while his father opens a fixed deposit for a lump sum.","Some believe only savings accounts earn interest, but recurring and fixed deposits also pay interest.",NCFE,beginner
Why does having a bank account make getting a loan easier?,A bank account makes sanctioning of loans easier because the bank can see your deposits and transaction history.,It is like a shopkeeper trusting a regular customer more than a stranger when offering credit.,"Because Kiran regularly deposits her salary into her account, the bank quickly approves her loan for a small business.","Some think a bank account guarantees a loan, but it only makes the process easier by showing your financial activity.",NCFE,beginner
Why does a borrower pay interest when taking money from a bank?,"Because the bank is lending money that belongs to savers, and the borrower pays a charge for using that money for a period of time.",It's like renting a car: you pay a fee for using someone else's vehicle for a while and then return it.,"The bank lends your 1000 rupees to another person, who pays the bank 100 rupees as a charge at the end of one year.",Some believe banks keep your savings idle in a locker; actually banks lend your money to others so it can earn a return.,NCFE,beginner
What is a savings deposit account?,"It is an account for keeping your day-to-day spare money, from which you can withdraw cash whenever you need it.",It's like a wallet that also pays you a little money for keeping your cash there.,You keep your monthly surplus in a savings account and withdraw money when you need it for expenses.,People often think a savings account locks their money away; in reality you can withdraw from it whenever you need.,NCFE,beginner
What is a term deposit account?,"It is an account where you deposit money for a fixed period you choose, and in return it usually earns a higher interest rate than a savings account.",It's like putting money in a fixed-duration parking spot that charges more rent the longer you agree to stay.,You deposit money for a pre-decided fixed period to earn a higher rate of interest than a regular savings account.,"Some think you cannot touch a term deposit at all; you can withdraw early, but you will earn less interest.",NCFE,beginner
Why might a money lender's interest cost more than a bank's even when the stated rates look similar?,"Because money lenders usually quote interest per month while banks quote it per year, so the per-month rate becomes much larger when multiplied over a year.",It's like a shop quoting a price per week versus per year — the weekly figure sounds small but adds up much higher over twelve months.,"A money lender's 3% means 36% per year (3×12), while a bank's 12% means 12% per year, so the money lender is far more expensive.",Many assume a '3%' money lender rate is cheaper than a '12%' bank rate; actually the money lender charges three times more per year.,NCFE,beginner
What documents are needed to open a savings bank account?,You fill in an account opening form with a recent photograph and submit proof of identity and residence to meet the Know Your Customer (KYC) norms.,It's like signing up for a membership where the club first checks who you are and where you live.,"You complete the account opening form, attach a latest photograph, and give identity and address proof for KYC.",Some believe opening an account is complicated with no rules; in fact banks must verify identity and residence under KYC norms.,NCFE,beginner
Can you open a bank account if you have no money to deposit?,Yes. Banks have been advised by the Reserve Bank to open savings accounts with a nil (zero) balance requirement.,"It's like joining a library without paying a joining fee, so you can start using it straight away.",A person with no cash in hand can still open a savings account because the Reserve Bank advised banks to allow NIL balance accounts.,Many think you always need money to start a bank account; now accounts can be opened with no initial deposit.,NCFE,beginner
How does having a bank account help with sending and receiving money?,"It lets you transfer money safely, quickly, and efficiently to and from other people, even if they live in another city or a distant place.",It's like having a reliable courier for your money that delivers it without the risk of carrying cash yourself.,"You can transfer money to your child studying in another city, and receive money from relatives working far away.",Some assume money can only be moved by physically handing over cash; a bank account allows safe long-distance transfers.,NCFE,beginner
What is an overdraft in a savings account?,"It is a loan facility that lets you withdraw more money than you have in your savings account, useful for emergency needs.",It's like being allowed to borrow a little extra from a friend on a rainy day and repay it later.,"When an emergency arises, your savings account's overdraft lets you draw funds beyond your balance.",People often think an overdraft is free money; it is a loan tied to your account that must be repaid.,NCFE,beginner
What is interest in banking?,"Interest is the extra money your savings earn, or the extra money you pay when you borrow.","It is like rent: when you lend your bicycle to someone you get a small thank-you fee, and when you borrow one you pay the owner.",You deposit 1000 rupees in a bank; after one year the bank gives you 40 rupees extra. That 40 rupees is interest.,"Many think interest only applies to loans, but savings also earn interest.",NCFE,beginner
How does a bank use the money we deposit?,"The bank lends our money to other people who need to borrow, and they pay interest.",It is like a library lending books to many readers while the books sit in one place.,"You deposit 1000 rupees; the bank lends it to another person who pays 100 rupees interest after a year, and the bank gives you a share of 40 rupees.","People think banks keep our money idle in a locker, but banks put it to work by lending.",NCFE,beginner
Why do money lenders seem to charge lower interest than banks but actually cost more?,"Money lenders quote interest per month while banks quote it per year, so the yearly rate is much higher.","It is like a shop selling sweets at 3 rupees per piece, which sounds cheap, but buying 12 pieces makes it 36 rupees.","A money lender charging 3% per month really charges 3 x 12 = 36% per year, while a bank charging 12% per year is far cheaper.","Many people think a money lender's 3% is cheaper than a bank's 12%, not realising one is monthly and the other yearly.",NCFE,beginner
Do you need money to open a savings bank account?,"No, the Reserve Bank has advised banks to allow savings accounts to be opened with zero balance.","It is like joining a club with no entry fee, only needing to sign up.",A person with no money in hand can still open a savings account under the NIL balance rule.,"Many believe a minimum deposit is always required, but accounts can be opened with no money.",NCFE,beginner
What is the main benefit of a bank account for transferring money?,"It lets us send and receive money safely, quickly and efficiently, even over long distances.",It is like a super-fast postal service that moves money instead of letters.,A parent can transfer money to a child studying in another city through their bank accounts.,"Some think transfer only works nearby, but it works across distant places too.",NCFE,beginner
What is a Basic Savings Bank Deposit Account (BSBDA)?,It is a savings bank account that you can open without keeping any minimum balance. It is also called a zero balance account.,It is like a free locker at a gym that you can use even if you never keep anything valuable in it — there is no minimum you must store.,Rita opens a BSBDA and keeps only ₹10 in it. The bank never asks her to add more money or charges her a penalty.,Many people think every savings account needs a minimum balance. A BSBDA does not require any minimum balance.,NCFE,beginner
What are the main features of a Basic Savings Bank Deposit Account?,"It needs no minimum balance, banks do not charge for any number of deposits, and you get 4 free withdrawals a month plus a free passbook and ATM card.","It is like a mobile phone plan with no monthly rental, unlimited free incoming calls, and a few free outgoing calls each month.",Suresh deposits money five times in a month and withdraws money four times. The bank charges him nothing for these transactions.,"People assume all withdrawals are free. After 4 withdrawals in a month, extra withdrawals may be charged.",NCFE,beginner
What can you use a Basic Savings Bank Deposit Account for?,"You can use it for everyday needs such as depositing money, withdrawing money, sendng remittances, and receiving direct credit of social benefits.","It works like a simple everyday wallet — you put money in, take money out, and receive money sent to you.","Meena's government pension is credited directly into her BSBDA, and she withdraws cash from it whenever she needs.",Some think a zero balance account is only for deposits. It can also be used for withdrawals and remittances.,NCFE,beginner
What is Know Your Customer (KYC)?,"KYC is a rule that requires banks to know your details before opening an account. You must give a photo, proof of identity, and proof of residence with the account opening form.","It is like a club checking your ID and address before giving you a membership card, so it knows who its members are.","Anil submits his photograph, Aadhar card and a utility bill to the bank along with the account opening form.",Some believe KYC is only for rich or business customers. Every person opening an account must complete KYC.,NCFE,beginner
Can a bank account be opened using an Aadhar Card?,"Yes, an account can be opened on the basis of an Aadhar Card, which can serve as identity and address proof.",It is like using a single master key that opens several doors instead of carrying many separate keys.,Priya uses only her Aadhar Card as proof of identity and residence to open her new savings account.,People think they need many different documents. A single valid document like Aadhar can be enough.,NCFE,beginner
What is a small account opened under relaxed KYC?,"If a person does not have the usual KYC documents, they can open an account using relaxed KYC based on an MGNREGA job card or self certification. Such accounts are called small accounts and have some limitations.",It is like a temporary visitor pass that lets you in the building but with fewer privileges than a full membership card.,"Ramu has no identity papers, so he opens a small account by showing his MGNREGA job card.",Some think a small account is a full account. It is treated as a small account and is subject to certain limits.,NCFE,beginner
How can you open a bank account if there is no bank branch in your village?,You do not need a branch nearby. Banks appoint Business Correspondents (BC) who are local agents and provide banking services in your village or nearby villages.,It is like an online delivery agent bringing the shop's goods to your door instead of you travelling to the shop.,"In a village with no bank, a Business Correspondent visits weekly so villagers can deposit and withdraw money.",People think a bank branch must be in their village to bank. A BC can bring banking to their doorstep.,NCFE,beginner
How does a Business Correspondent carry out banking transactions?,"A BC uses Information and Communication Technology (ICT) devices such as handheld machines, smartcard devices and mobile phones to carry out transactions.",It is like a card swipe machine used in a small shop that connects to the main bank system instantly.,"The BC enters a customer's details into a handheld device to process a cash withdrawal, and the bank's records update immediately.",Some believe BC transactions are informal or not recorded. They are done on ICT devices and accounted in the books of the bank.,NCFE,beginner
Is your money safe if you deposit it with a Business Correspondent?,"Yes. Depositing with a BC is as good as depositing at a bank branch. Transactions are done through ICT devices and recorded in the bank's books, and you get a receipt as acknowledgement.","It is like paying a trusted delivery agent who gives you an official receipt printed by the company, so your payment is secure.",Lakshmi deposits ₹500 with the BC and immediately receives a receipt issued on behalf of the bank.,"People fear money given to a BC is unsafe. Transactions need your biometrics or PIN, so no one else can operate your account.",NCFE,beginner
What free facilities does a Basic Savings Bank Deposit Account offer?,"Free deposit of money any number of times, four withdrawals a month, a Passbook, and an ATM/Smart card at no fee.",It is like getting unlimited free top-ups and four free cash-outs per month at a game arcade.,Meena deposits money 10 times in a month for free and makes 4 withdrawals without any charge.,People believe all transactions cost a fee; deposits and four monthly withdrawals are free in a BSBDA.,NCFE,beginner
What day-to-day needs can a Basic Savings Bank Deposit Account be used for?,"Deposits, withdrawals, remittances, and direct credit of social benefits.","It works like a multi-tool that handles saving, spending, sending money, and receiving government payments.",Anita uses her BSBDA to receive her pension directly and to send money to her son in another city.,"Some think the account is only for storing money, but it also handles remittances and benefit credits.",NCFE,beginner
Which documents are needed to open an account as per KYC?,"A photograph, proof of identity, and proof of residence submitted with the account opening form.",It is like the papers you gather to prove who you are and where you live when renting a house.,"Rahul brings his photo, ID card, and ration card as address proof to open his savings account.","Some think only a photo is enough, but identity and residence proof are also required.",NCFE,beginner
Can an account be opened using an Aadhar Card?,"Yes, the account can be opened on the basis of the Aadhar Card.",Aadhar works like a master key that can open the bank account door on its own.,Gopal opens his bank account by showing only his Aadhar Card.,"People believe Aadhar alone is never accepted, but it can be used to open an account.",NCFE,beginner
How can a person without standard documents open an account?,They can open a small account under relaxed KYC using an MGNREGA job card or self certification.,It is like a temporary visitor pass when you do not yet have the full membership documents.,"Shyam has no ID or address proof, so he opens a small account using his MGNREGA job card.",People assume no documents means no account; relaxed KYC allows a small account.,NCFE,beginner
What are the limitations of an account opened under relaxed KYC?,It is treated as a small account and is subject to certain limitations.,It is like a trial version of software that works but with restrictions until fully activated.,A small account opened by self certification has limits on how much money can be kept or transacted.,Some think a small account works exactly like a full account with no restrictions.,NCFE,beginner
How can we get banking facilities if there is no bank branch in the village?,Banks appoint Business Correspondents (BCs) who are agents providing banking services locally.,A BC is like a local delivery agent who brings the bank shop to your doorstep.,"In a village with no branch, the BC visits homes and lets residents deposit and withdraw money.","People think banking is impossible without a branch, but BCs bring services to the village.",NCFE,beginner
Is our money safe if we deposit it with a Business Correspondent (BC)?,"Yes, depositing with a BC is as good as depositing at a bank branch because transactions are recorded in the bank's books.",It is like paying a trusted courier who officially logs your parcel into the company's system.,"When Kamla deposits cash with the BC, she gets a receipt on behalf of the bank and a confirmation of the transaction.","People fear BCs are unsafe, but transactions are verified by biometrics or a PIN and recorded by the bank.",NCFE,beginner
What is an overdraft?,"An overdraft is a facility that lets you withdraw more money than you have in your account, up to a set limit, even though you have not gone through separate loan paperwork. It is a loan from the bank, so you pay interest on the amount you use.","It is like a friend agreeing you can borrow up to 500 whenever you need, without signing a new agreement each time - but you still pay them back for whatever you take.","A savings account has a small inbuilt overdraft of 1,000. You urgently need 700 for a medical bill and withdraw it, then repay 700 plus a little interest.",People think an overdraft is free extra money in their account; in reality it is a loan and interest is charged on the amount used.,NCFE,beginner
How is an overdraft different from other loans like KCC or GCC?,"An overdraft is inbuilt in a savings account, can be used any time, and needs no separate documentation, so it suits small emergencies. Loans like the Kisan Credit Card (KCC) and General Credit Card (GCC) are given for a specific purpose such as income generating activities.","An overdraft is like a small emergency cash reserve you can dip into anytime, while a KCC or GCC loan is like money handed over for one clearly stated job.","You use your overdraft to cover an emergency at home, but you take a KCC loan specifically to buy seeds for farming.","It is often thought all bank credit works the same; actually overdrafts are flexible and purpose-free, whereas KCC and GCC are tied to a specific income generating purpose.",NCFE,beginner
What is the difference between income and credit?,"Income is money you earn, such as a salary or wages. Credit or a loan is money you must pay back, so it is not income. The repayments you make on a loan are an expense.","Income is like the water flowing into your tank, while a loan is borrowed water in a bucket that you must return later.","You earn 20,000 a month in wages (income), and you borrow 10,000 (credit) that you must repay - the borrowed amount is not counted as your income.",A common mistake is treating a loan or credit as money earned; it is not income because it has to be repaid.,NCFE,beginner
When do we borrow money?,"We borrow when our expenditure is more than our income, during emergencies, or when we need money to start or run a business activity.",It is like calling a friend for a spare tyre when you get a puncture on the road - you borrow because you are stuck or short of what you need right then.,"Your monthly expenses are 15,000 but your income is 12,000, so you borrow to cover the shortfall, or you borrow to fund a new business.",People think any shortage of money is a good reason to borrow; but borrowing should be limited to genuine needs and productive purposes.,NCFE,beginner
Should we always borrow whenever we are short of money?,"No. Do not borrow for consumption needs like festivals, lavish weddings, jewellery or costly consumer goods. Pay for these from income or accumulated savings, or if forced to borrow, first assess how much you can repay.",Borrowing for consumption is like eating your seed grain today - you enjoy it now but have nothing left to plant and grow tomorrow.,"Instead of taking a loan for a grand wedding, you save up and spend only what your income and savings allow.","Many believe borrowing is fine for any big expense; in fact consumption loans bring no income, making repayment difficult and pulling you toward debt.",NCFE,beginner
Why is it advisable to borrow only for income generating activities?,"A loan must be repaid with interest, so you should borrow for activities that increase your income, allowing you to repay out of the earnings the activity generates.",Borrowing for an income generating activity is like renting land to grow crops - the harvest not only pays the rent but also leaves you a profit.,"You borrow 1,000 to buy seeds; the crop sells for 10,000, so you repay 1,100 (loan plus 100 interest) and keep 8,900 as extra income.",Some believe borrowing is bad in itself; the real point is to borrow for productive uses that can generate income to repay the loan.,NCFE,beginner
What is repaying capacity and why does it matter before borrowing?,"Repaying capacity is how much you can realistically repay out of your income. Before taking any loan you should always assess it, because the loan must be repaid with interest.","It is like checking how much weight a bridge can carry before driving a heavy truck onto it - if you overload it, it collapses.","Before taking a loan, you calculate that you can spare 2,000 a month from income, so you choose a loan whose installments fit within that.","People sometimes borrow up to the maximum offered without checking if their income can cover the repayments, which leads to default.",NCFE,beginner
What is a savings bank account with an inbuilt overdraft?,"It is a deposit account that saves your money and also lets you withdraw up to a small overdraft limit without separate documentation, providing timely money for emergencies.",It is like a wallet that normally holds your own cash but can temporarily stretch a little further when you have an urgent need.,"You keep your savings in the account and, when an emergency arises, draw on the overdraft limit instantly instead of arranging a fresh loan.",People assume a savings account only holds their own money; some savings accounts also include a small overdraft facility that works like a mini loan.,NCFE,beginner
What are fixed deposits and recurring deposits?,A fixed deposit is money you save with the bank for a set period at a set interest rate. A recurring deposit is when you deposit a fixed amount regularly at intervals. Both help you build savings.,"A fixed deposit is like planting one large seed and waiting for it to grow, while a recurring deposit is like planting a small seed every month until you have a whole garden.","You put 50,000 in a fixed deposit for one year, or you save 1,000 every month in a recurring deposit to build a lump sum over time.",Some think deposits do not earn anything; in fact deposits earn interest and help accumulate savings safely.,NCFE,beginner
How is an overdraft different from other loans like KCC and GCC?,"An overdraft is inbuilt in your savings account for emergencies and needs no separate documentation, while KCC and GCC are loans given for a specific income-generating purpose.","An overdraft is like a small emergency fund you can dip into anytime, whereas KCC or GCC are like project funds handed out for a stated job.","You use an inbuilt overdraft to pay an unexpected medical bill, but a Kisan Credit Card loan must be used for farming activities.","People assume all loans work the same way, but purpose-bound loans like KCC and GCC cannot be used for any random expense.",NCFE,beginner
What is the benefit of a small overdraft in a savings account?,"It gives you timely access to money for urgent, miscellaneous needs without going through separate loan documentation for a small amount.",It is like having a spare key kept aside so you are never locked out in an emergency.,"When an urgent repair comes up, you withdraw up to your overdraft limit immediately instead of waiting days for a loan to be approved.","Some believe urgent money always requires lengthy paperwork, but a small inbuilt overdraft avoids that for small amounts.",NCFE,beginner
Do you have to pay interest on an overdraft?,"Yes, because an overdraft is a loan given by the bank, so you pay interest on the amount you use.",It is like borrowing a cup of sugar from a neighbour and returning a slightly bigger cup in thanks.,"If you use ₹5,000 of your overdraft, you repay the ₹5,000 plus the applicable interest to the bank.","People think overdraft money is their own savings, but it is borrowed money that carries interest.",NCFE,beginner
Is repayment of a loan an expense?,"Yes, repayment of the installments of credit is an expense.","Just as paying a bill reduces your cash, repaying a loan installment also takes money out of your pocket.","When a ₹1,000 installment is due on your loan, that payment is an expense reducing your available money.","People think loan repayment builds wealth like income, but it is an outflow, i.e., an expense.",NCFE,beginner
What is a debt trap and how do we fall into it?,"A debt trap is when you borrow again and again from different sources to repay earlier loans, and it damages you financially.",It is like digging a hole to fill another hole—the ground keeps sinking under you.,"If you take a new loan each month just to pay the previous installment, you fall into a debt trap with growing interest.","People think borrowing more to repay old loans solves the problem, but it only deepens the debt trap.",NCFE,beginner
How should we assess our repaying capacity before borrowing?,"Before borrowing, always assess how much you can repay from your current or future income.",It is like checking the load a bridge can bear before driving a truck across it.,"Before taking a loan, calculate that your expected income from the activity will comfortably cover both the principal and the interest.","Some borrow based on want rather than ability, ignoring whether they can actually repay the installments.",NCFE,beginner
What is a loan?,"A loan is money that a bank or other lender gives you with the agreement that you will pay it back later, usually with extra money called interest.","A loan is like borrowing a cup of sugar from a neighbor, but you promise to return a little extra sugar to say thank you for the help.","Ravi borrows 10,000 rupees from a bank to buy a sewing machine. He pays it back bit by bit each month, plus a small extra amount as interest.","Many people think a loan is free money you only need to pay back the same amount. In reality, you must repay the loan plus interest.",NCFE,beginner
Why should we borrow only within limits?,"Because every loan must be repaid with interest, so you should only borrow an amount you can comfortably repay from your income.",Borrowing within limits is like only carrying a backpack you can actually lift without falling over.,"Priya checks her monthly saving. Her loan installment is 2,000 rupees and her monthly saving is 3,000 rupees, so she can safely repay it.","A common mistake is believing that if the bank approves a large loan, you can automatically afford it. Approval does not mean it fits your budget.",NCFE,beginner
How do you check whether you can repay a loan?,"Look at your monthly income, expenses and savings. Your savings should be more than the monthly loan repayment installment.",It is like checking the water in a tank before pouring more in; you only pour if there is room to spare.,"Amit earns 20,000, spends 15,000, and saves 5,000 per month. If his loan installment is 4,000, it is affordable because saving is higher.",People often ignore their savings and borrow based only on income. What matters is what is left after expenses.,NCFE,beginner
Why take a loan from a bank instead of a money lender?,"A bank is safer, more reliable and more transparent, and it charges lower interest than informal sources like money lenders, relatives or friends.",Choosing a bank over a money lender is like buying medicine from a licensed pharmacy instead of an unverified street seller.,"Sunita needs 50,000 rupees. A money lender offers it at very high interest with no papers, while the bank offers lower interest and a clear written agreement.","People think informal sources are always better because they give money quickly, but the high interest and lack of records often hurt the borrower.",NCFE,beginner
What is the Grievance Redressal Mechanism of banks?,"It is the system through which you can complain to a bank's Grievance Redressal Officer if there is a dispute, and escalate to the Banking Ombudsman if you are not satisfied.","It is like a customer complaint counter at a shop that will help settle your problem, and a higher authority you can approach if the counter fails.","Meena has a dispute about loan charges. She first complains to the bank's Grievance Redressal Officer, and later to the Banking Ombudsman when unsatisfied.","Some think complaints go unheard, but banks are regulated and must provide a proper mechanism, including escalation to the Banking Ombudsman.",NCFE,beginner
Who is the Banking Ombudsman?,The Banking Ombudsman is an official of the Reserve Bank of India who handles complaints against banks when a customer is not satisfied with the bank's own resolution.,The Banking Ombudsman is like a referee in a game who steps in when players cannot agree fairly.,"If a bank does not resolve Ramesh's complaint, he can file it with the Banking Ombudsman of the Reserve Bank of India.","People sometimes think the Ombudsman is part of the bank. Actually, it belongs to the Reserve Bank of India and is independent of the bank.",NCFE,beginner
Why do informal sources like money lenders have no grievance redressal mechanism?,"Because informal sources are not regulated entities, there is no official system to handle complaints, and there is a lack of transparency in terms and records.","It is like buying from an unregistered seller with no receipt; if something goes wrong, there is no one official to turn to.","Karan borrows from a money lender with no written record. When a dispute arises, there is no officer or authority he can complain to.","Some believe informal lenders are accountable like banks, but they are unregulated and offer no formal complaint process.",NCFE,beginner
Why do banks sometimes take longer than money lenders to give a loan?,"Banks collect public deposits and lend that money, so they carefully check and document each loan to protect depositors and borrowers.","It is like a careful driver checking everything before a trip, which takes longer but is much safer.","A money lender gives a loan in an hour, while the bank takes a few days to verify Suresh's documents and proposal, protecting both sides.","People think the delay means banks are inefficient, but the scrutiny actually protects depositors and borrowers from being cheated.",NCFE,beginner
What types of loans do banks offer?,"Banks offer loans for many purposes such as housing, education, agriculture, starting a business, and consumption needs.","A bank with many loan types is like a restaurant with a full menu, serving whatever your need may be.","Anita takes an education loan, her brother takes a housing loan, and their father takes an agriculture loan, all from the same bank.","Some think banks only lend for business. Actually, banks meet all types of loan requirements, from housing to consumption.",NCFE,beginner
How can I check whether it is safe to take a loan?,"Compare your monthly income, expenses and saving. Your saving should be more than the monthly loan repayment installment before you borrow.",It is like checking you have spare water in the tank before you take on a tap that keeps running every month.,"If you save 5,000 rupees a month and the loan installment is 3,000 rupees, the loan is within your limits.","People think any loan is fine as long as a lender is willing to give it. In reality, you must be able to repay it out of your income.",NCFE,beginner
Why should borrowing be done within limits?,"Every loan must be repaid with interest, so you should borrow only what your income can repay; otherwise you may have to borrow again to repay earlier loans.","It is like borrowing a bucket of grain and having to return more than a bucket, so you only borrow what your harvest can cover.",A farmer who borrows more than his crop earnings can repay may be forced to take a second loan to pay the first.,"Some think borrowing more always increases income. Actually, over-borrowing can trap you in a cycle of debt.",NCFE,beginner
Why take a loan from a bank when moneylenders are readily available in the village?,"Banks are safe, reliable, transparent and regulated, and they charge less interest than informal sources.","A bank is like a licensed, well-run shop, while an informal moneylender is like an unlicensed roadside seller whose terms are uncertain.",A villager choosing between a bank and a moneylender often pays much lower interest with the bank.,"Many believe moneylenders are better because they lend faster. In fact, banks offer fairer terms and legal protection.",NCFE,beginner
Who regulates the banks in India?,Banks are regulated by the Reserve Bank of India.,The RBI is like a referee that makes sure banks play by the rules and treat customers fairly.,"Because of RBI regulation, a bank cannot charge whatever interest rate it likes on a loan.",People sometimes think banks can set any interest and hide charges. Regulation prevents that.,NCFE,beginner
Is a Grievance Redressal Mechanism available for informal sources like moneylenders?,"No, informal sources are not regulated entities, so there is no grievance redressal mechanism for them.","It is like buying from a stranger with no receipt: if something goes wrong, there is nowhere to go for help.","If a moneylender cheats you, there is no official officer like a Banking Ombudsman to approach.",Borrowers sometimes assume all lenders can be complained about. Only regulated institutions have such mechanisms.,NCFE,beginner
Why do banks sometimes take longer than moneylenders to give loans?,Banks use public deposits and must scrutinise loan proposals to ensure the money is properly used and borrowers are protected.,"It is like a doctor checking tests carefully before prescribing, rather than handing out medicine instantly.","A bank may verify documents and repayment ability before sanctioning, which takes a few extra days.","People think the delay means banks are inefficient. Actually, the scrutiny protects depositors and borrowers alike.",NCFE,beginner
What are the types of loans offered by banks?,"Banks offer loans for housing, education, agriculture and related activities, starting a business, consumption, and more.",A bank is like a multi-purpose toolbox that has the right tool for whatever project you need to build.,"You can get a housing loan to buy a home and an education loan to study, both from the same bank.","Some think banks only lend for big businesses. In fact, they meet all kinds of loan requirements.",NCFE,beginner
What is a key benefit of banks documenting the loan before disbursing it?,"Full documentation protects the borrower, because everything is recorded and the borrower cannot be cheated.","It is like writing down a deal on paper rather than agreeing by word of mouth, so no one can deny the terms later.","If a dispute arises, the written loan record shows the exact interest and terms agreed.","Some believe paperwork only helps the bank. In reality, documentation protects the borrower too.",NCFE,beginner
For what purpose should one borrow money?,"Borrow only for an activity that enhances your income, so you can repay the loan with interest.","It is like watering a plant that will bear fruit, rather than pouring water on bare ground.",Taking a loan to buy seeds and tools that increase crop sales is a productive use of borrowing.,People sometimes borrow for unproductive spending. Borrowing is safest when it boosts income.,NCFE,beginner
What is the cost of borrowing money from a bank?,The cost of borrowing is the interest charged on the money you borrow. Banks also may levy other charges for various purposes.,It is like paying rent for using someone else's money for a period of time.,"If you borrow 10,000 at 12% annual interest, you pay 1,200 in interest over a year, making your total repayment 11,200.","Many people think borrowing is free if they repay the full amount, forgetting that interest and charges must be paid on top.",NCFE,beginner
What does an annual interest rate of 12% mean?,An annual interest of 12% means the borrower pays 1% interest per month on the borrowed amount.,It is like splitting a yearly fee of 12 units into 12 equal monthly payments of 1 unit each.,"A 12% annual rate on a loan of 10,000 means roughly 100 in interest each month.","People often assume the 12% is charged monthly, which would actually make it 144% per year.",NCFE,beginner
How is a bank loan obtained?,"You submit a loan application stating the purpose. The bank verifies the details, evaluates your repaying capacity, and then sanctions the loan, which you repay with interest in installments.",It is like applying for a membership where the club checks your background and ability to pay before approving you.,"You apply for a home loan, the bank checks your income and credit history, and once satisfied sanctions the loan for monthly repayment.","Some think a loan is automatically approved on request, but the bank first verifies details and assesses your ability to repay.",NCFE,beginner
Why is the frequency of compounding important in the price of a loan?,"Compounding frequency affects how much interest builds up, because interest is added to the amount and then charged interest again. More frequent compounding means a higher real cost.","It is like a snowball rolling downhill; the more often it gathers new snow, the bigger it becomes.","Two loans may both show 12%, but the one compounded monthly costs more than the one compounded yearly.","People think only the stated interest rate matters, ignoring that how often interest compounds changes the total cost.",NCFE,beginner
Why are bank interest rates fairer than those of informal sources?,"Banks publicly display their interest rates and charges, and apply them uniformly to similar customers for similar purposes, unlike informal lenders who hide the real cost.",It is like a shop with clearly displayed price tags versus a seller who quotes different hidden prices to each buyer.,Two customers taking the same type of loan for the same purpose are charged the same rate at a bank.,Some believe all lenders charge the same; in reality informal sources often do not reveal the real cost of borrowing.,NCFE,beginner
Do you need to offer a guarantee for a bank loan?,"It depends on the type and purpose of the loan. Small loans generally need no guarantee, but larger loans require a guarantee in the form of the asset created or other collateral like land or a house.","It is like a library asking for a deposit only for expensive books, not for cheap ones.","A small personal loan may need no security, while a large home loan uses the house itself as security.","People often assume every loan needs collateral, but small loans usually require none.",NCFE,beginner
Why should you repay a bank loan?,"Banks lend depositors' money. If borrowers do not repay, the bank becomes financially weak, cannot repay depositors on time, and may be unable to lend to others or to you in future.",It is like returning money you borrowed from a common pool so that everyone who contributed can still draw from it.,"If you do not repay, your own relatives' deposits in the bank could be at risk, and your future loan applications may be rejected.","Some think non-repayment only affects them, but it can harm the bank, other depositors, and future borrowers.",NCFE,beginner
What happens if you do not repay a bank loan?,The bank has the right to take possession of the security offered as guarantee and can start legal proceedings to recover the loan amount plus interest.,It is like a pawnbroker keeping your pledged item if you fail to pay back what you owe.,"If you default on a secured loan, the bank may seize the asset you pledged and pursue you legally for the remaining amount.","Some believe nothing happens if they stop paying, but the bank can seize the collateral and take legal action.",NCFE,beginner
What is collateral in a loan?,"Collateral is a security, such as land or a house, that you offer as a guarantee for a loan. If you fail to repay, the bank can take possession of it.",It is like leaving a valuable item with a lender to reassure them you will pay back.,"For a large loan, you might pledge your house as collateral so the bank is protected if you default.","People sometimes think collateral is a fee paid to the bank, but it is an asset held as security, not a payment.",NCFE,beginner
How do banks charge interest to different customers?,"Banks charge interest uniformly, meaning similar customers are charged the same rate for similar purposes, and the rates and charges are displayed publicly.",It is like a bus with a fixed fare for everyone travelling the same route.,Two farmers taking the same crop loan for the same purpose pay the same interest rate at the bank.,"Some assume banks negotiate secret individual rates, but banks publicly declare charges and apply them uniformly to similar customers.",NCFE,beginner
How do you convert a bank's annual interest rate into a monthly rate?,Divide the annual rate by 12. An annual interest of 12% means roughly 1% interest per month.,"It is like splitting a yearly gym membership fee into equal monthly instalments: 12,000 a year works out to about 1,000 a month.","A bank advertising a 12% annual rate effectively charges about 1% each month, so on a 50,000 loan the monthly interest is roughly 500 before repayments.","People often assume a 12% annual rate is charged only once at year-end, but it is spread across each month, which changes how you budget for repayments.",NCFE,beginner
Why is the frequency of compounding important for the price of a loan?,"Compounding decides how often interest is added to the balance; the more often it compounds, the more interest you end up paying.","It is like a snowball rolling downhill: the more often you add fresh snow, the faster the ball grows, so the frequency of adding snow matters.","A loan compounded monthly will cost slightly more than the same loan compounded yearly, because interest is being calculated on a growing balance more frequently.","Some borrowers only look at the headline interest rate and ignore compounding, not realising it can significantly raise the true cost of the loan.",NCFE,beginner
How are banks more transparent than informal lenders about the cost of borrowing?,"Banks publicly display their interest rates and charges and apply them uniformly to similar customers, unlike informal lenders who hide the real cost.",It is like a restaurant with a printed menu versus a roadside seller who quotes whatever price comes to mind: the printed menu lets you compare fairly.,"A bank publishes its loan interest rates and fees for everyone to see and charges the same rate to similar customers for similar purposes, whereas an informal moneylender may not disclose charges at all.","It is a mistake to assume all lenders reveal their true charges; only regulated banks are required to be transparent, which is why you should insist on knowing the full cost.",NCFE,beginner
When do you need to offer a guarantee or collateral for a bank loan?,"Small loans generally need no guarantee, while larger loans usually require a guarantee in the form of an asset or collateral such as land or a house.","It is like borrowing a large sum from a friend who asks you to leave your watch as security, whereas borrowing a small amount may need no such promise.","A small personal loan may be approved without security, but a home loan is secured by the very house the loan builds, and a large business loan may be secured by land pledged as collateral.","Some believe a guarantee is always required; in reality it depends on the type and purpose of the loan, and many small loans are given without any security.",NCFE,beginner
What steps are involved in obtaining a bank loan?,"You submit an application stating the purpose, the bank verifies the details and evaluates your repaying capacity, then sanctions the loan for repayment in instalments with interest.","It is like applying to rent an apartment: you state why you need it, the landlord checks you can pay, then the lease is approved with monthly payments.","For a loan you fill in the purpose, the bank checks your documents and income, and once satisfied it sanctions the amount to be repaid in instalments as indicated.",People often think a loan is granted instantly on request; actually the bank verifies details and assesses your repayment capacity before sanctioning anything.,NCFE,beginner
What forms can the guarantee for a bank loan take?,"The guarantee can be the asset created with the loan itself, or other collateral securities such as land or a house, depending on the loan type.","It is like a builder holding the plot as security for the construction loan, or a lender accepting your second property as a safety net.","In a home loan the guarantee is usually the house being purchased, while in a business loan the borrower may pledge land or a house as collateral.",Some assume collateral must always be cash; in reality it is commonly the financed asset itself or property like land and buildings.,NCFE,beginner
Why can a bank charge the same rate to similar customers for similar purposes?,"Because banks publicly declare their charges and apply them uniformly, so similar customers seeking loans for similar purposes pay the same rate.","It is like a supermarket where every shopper pays the same listed price for the same product, rather than a price that changes from person to person.","Two customers taking a car loan for the same purpose at the same bank are charged the same displayed rate, ensuring fair and uniform treatment.","It is a misconception that banks negotiate secret rates like informal lenders; regulated banks follow published, uniform rates for comparable loans.",NCFE,beginner
What is SEBI and what is its main role?,"SEBI (Securities and Exchange Board of India) is the regulator of the securities market. Its mandate is to protect investors, promote the development of the securities market, and regulate it.",Think of SEBI as a referee in a sports match — it makes sure everyone plays by the rules and that players (investors) are treated fairly.,"If a company tries to cheat investors while selling shares, SEBI can investigate and take action against it.","Many people think SEBI guarantees profits or protects them from all losses; in reality, it protects investors' interests by enforcing fair rules, not by preventing market losses.",SEBI,beginner
What are equity shares?,"Equity shares, commonly called shares, represent a share of ownership in a company.","Owning shares is like owning a slice of a pizza — the more slices you own, the bigger your portion of the company.","If you buy 100 shares of a company that has 10,000 total shares, you own 1% of that company.","Some beginners think buying shares is like lending money to a company (as with a loan); actually, shares make you a part-owner, not a lender.",SEBI,beginner
What is a shareholder and what benefits do they get?,An investor who invests in the shares of a company is called a shareholder. They are entitled to corporate benefits like dividends from the company's profits and voting rights in the company's decision-making at General Meetings.,A shareholder is like a part-owner of a shop who shares in the profits and gets a say in how the shop is run.,A shareholder may receive a dividend when the company earns a profit and can vote on important company decisions.,"Many think shareholders can freely withdraw their money from the company anytime; instead, they usually sell their shares in the market to exit.",SEBI,beginner
What is the securities market?,"The securities market is where securities such as shares of companies and units of mutual funds are bought, sold, and dealt in.","It works like a vegetable market, but instead of vegetables, people buy and sell shares and other financial instruments.","When you buy shares of a company through a stock exchange, that transaction happens in the securities market.","Some beginners think the securities market only deals in shares; it also includes mutual fund units, derivatives, and other instruments.",SEBI,beginner
What are derivatives?,"Derivatives are financial instruments whose value depends upon the value of another asset such as shares, debt securities, or commodities.",A derivative is like a bet on the price of something else — its value rises and falls based on the thing it is linked to.,A derivative linked to a share will gain or lose value as that share's price changes.,"Beginners often think derivatives have their own fixed value; actually, their value is always derived from an underlying asset.",SEBI,beginner
What is a demat account or dematerialized share?,"A demat (dematerialized) share is a share held electronically instead of as a physical paper certificate. The Depositories Act, 1996 provides for electronic maintenance and transfer of ownership of these shares.","A demat account is like a digital wallet for your shares, just as a bank account holds your money electronically.","When you buy shares today, they are credited to your demat account in electronic form rather than issued as paper certificates.",Some people still believe they must keep physical share certificates; modern shares are held and transferred electronically.,SEBI,beginner
What is a mutual fund?,A mutual fund is an investment option where investors invest in units of a fund that pools money to invest in securities such as shares.,"A mutual fund is like a group of people pooling their money to buy a large basket of investments together, sharing the costs and returns.","Instead of choosing individual shares yourself, you can buy units of a mutual fund, and the fund manager invests on your behalf.","Many think mutual funds are guaranteed to give returns; in reality, their value can go up or down based on the market.",SEBI,beginner
What is a stock exchange?,"A stock exchange is a recognized marketplace where securities such as shares are bought and sold. The Securities Contracts (Regulation) Act, 1956 provides for the recognition and regulation of such transactions.",A stock exchange is like a supervised shopping mall where buyers and sellers of shares meet to trade.,"When an investor places an order to buy a company's shares, that order is executed on a stock exchange.",Beginners sometimes think stock exchanges themselves sell shares; they only provide a platform for buyers and sellers to trade.,SEBI,beginner
What is the regulatory framework governing the securities market in India?,"The four main legislations governing the securities market are: the SEBI Act, 1992; the Companies Act, 2013; the Securities Contracts (Regulation) Act, 1956; and the Depositories Act, 1996.",These laws work together like different sets of road rules that keep traffic (the market) safe and orderly.,"The Companies Act, 2013 governs how securities are issued and transferred, while the SEBI Act gives SEBI its regulatory powers.","Some believe a single law governs the whole market; actually, four main legislations together govern India's securities market.",SEBI,beginner
When was SEBI established and under which law?,"SEBI was established on April 12, 1992 in accordance with the provisions of the SEBI Act, 1992.","Just as a school is set up under an education law, SEBI was set up under the SEBI Act to oversee the market.","The SEBI Act, 1992 gives SEBI statutory powers to protect investors and regulate the market.",Some think SEBI regulates all investments including insurance and pensions; those fall under other regulators like IRDAI and PFRDA.,SEBI,beginner
What is SEBI and why was it established?,"SEBI (Securities and Exchange Board of India) is the regulator of the Indian securities market. It was established on April 12, 1992 under the SEBI Act to protect investors' interests, promote the development of the securities market, and regulate it.","SEBI is like the referee in a cricket match: it does not play the game, but it makes sure everyone follows the rules so players (investors) are treated fairly.","If a company tries to manipulate its share price or mislead investors, SEBI can investigate and take action against it.","Many beginners think SEBI directly buys or sells shares or guarantees profits. In reality, SEBI only regulates the market; it does not invest on your behalf.",SEBI,beginner
What is an equity share?,"An equity share, commonly called a share, represents a unit of ownership in a company. The person who holds it becomes a shareholder and can benefit from the company's profits.","Owning a share is like owning a small slice of a pizza: you do not own the whole pizza, but you own a piece of it and share in what it produces.","If you buy 100 shares of a company out of a total of 1,000 shares, you own 10% of that company.","A common myth is that a share is a loan to the company. Actually, a share is ownership, not lending—only bonds and debentures are loans.",SEBI,beginner
What benefits does a shareholder get?,A shareholder is entitled to corporate benefits such as dividends from the company's profits and voting rights in the company's general meetings.,Being a shareholder is like being a member of a housing society: you get a share of the benefits and you also get a vote on important decisions.,"A shareholder can vote on decisions like electing directors, and may receive a dividend if the company declares one.","Many think dividends are guaranteed. In truth, dividends depend on the company's profits and its decision to declare them, so they are not guaranteed.",SEBI,beginner
"What does the SEBI Act, 1992 do?","The SEBI Act, 1992 gives SEBI statutory powers to protect investors' interests, promote the development of the securities market, and regulate the market.","The SEBI Act is like the rulebook given to a referee—without it, the referee has no authority to enforce fair play.","Using powers under this Act, SEBI can frame regulations, investigate misconduct, and penalise violators in the securities market.","Some believe SEBI's only job is punishing fraud. Actually, it also promotes the development of the market, not just enforces rules.",SEBI,beginner
What are dematerialized (demat) shares and which law governs them?,"Demat shares are shares held and transferred electronically instead of as paper certificates. The Depositories Act, 1996 provides for their electronic maintenance and transfer of ownership.","A demat account is like a digital bank account for shares—your holdings live in electronic form, just as your money does in a bank.","When you buy shares through a broker, they are credited to your demat account electronically rather than being issued as paper certificates.","Many think demat shares are riskier because they are not physical. In fact, electronic holding reduces risks like loss, theft, or forgery of paper certificates.",SEBI,beginner
Which four main laws govern the securities market in India?,"The four main laws are the SEBI Act, 1992; the Companies Act, 2013; the Securities Contracts (Regulation) Act, 1956; and the Depositories Act, 1996.",Think of these four laws as the four wheels of a car—each handles a different job but together they keep the market moving safely.,"The Companies Act, 2013 governs the issuance and transfer of securities in public issues, while the SCRA, 1956 deals with stock exchange transactions.","Some assume one single law governs everything. In reality, the securities market is regulated by a set of complementary laws, each covering different areas.",SEBI,beginner
"What does the Companies Act, 2013 cover in the securities market?","The Companies Act, 2013 provides regulations for the issuance, allotment, and transfer of securities, and related matters in public issues of securities.","The Companies Act is like the rulebook for opening and running a shop, ensuring a company issues and transfers its shares in an orderly, legal way.","When a company makes an Initial Public Offering (IPO) and allots shares to the public, it must follow the Companies Act, 2013.","People often confuse the Companies Act with SEBI regulations. The Companies Act governs company matters broadly, while SEBI regulates the securities market and investor protection.",SEBI,beginner
Is SEBI responsible for all financial products like insurance and pensions?,"No. SEBI regulates the securities market only. Investments under other regulators such as RBI, IRDAI, PFRDA, and the Ministry of Corporate Affairs fall outside its scope.","SEBI is like one department in a large government building—each department (RBI, IRDAI, PFRDA) handles its own floor and type of product.","Bank fixed deposits are regulated by RBI, insurance products by IRDAI, and pension products by PFRDA—not by SEBI.","A common myth is that SEBI oversees every kind of investment. In fact, insurance, banking, and pension products are governed by other regulators.",SEBI,beginner
What are debt securities?,"Debt securities are financial instruments issued by companies or institutions to borrow money from investors, which is repaid later. They are also called debentures or bonds.",It is like lending money to a friend who promises to pay you back with a little extra for the help.,"A company issues a bond for ₹10,000 that pays you interest every year and returns your ₹10,000 after 5 years.","People think buying a bond makes them an owner of the company, but it actually makes them a lender.",SEBI,beginner
What do investors in debt securities receive?,Investors in debt securities are entitled to receive interest or coupons and get back the principal amount that they invested.,"It is like a fixed rent you receive for letting someone use your money, plus getting your money back at the end.","You invest ₹50,000 in a debenture and receive ₹4,000 interest each year plus your ₹50,000 back at maturity.","People assume interest is guaranteed only if the security is secured, but even unsecured securities promise payment, though with higher risk.",SEBI,beginner
What is the difference between secured and unsecured debt securities?,"Secured debt securities are backed by collateral, while unsecured debt securities are not backed by any collateral.","A secured loan is like pawning a gold ring for a loan, while an unsecured loan is like borrowing on a handshake.","A secured bond backed by company property pays lower interest, while an unsecured bond pays higher interest because it is riskier.","People think unsecured bonds are always unsafe, but they can still be repaid if the issuer is financially strong.",SEBI,beginner
What are mutual funds?,"Mutual funds are financial instruments made up of a pool of money collected from many investors and then invested in securities like shares, bonds and money market instruments.",It is like many friends pooling money to buy a big basket of different snacks that no single person could afford alone.,"1,000 people each put in ₹1,000 into a mutual fund, and the fund manager invests the ₹10 lakh across many shares and bonds.","People think mutual funds only invest in stocks, but they can also invest in bonds, money market instruments and other assets.",SEBI,beginner
What is the primary function of the securities market?,"Its primary function is to enable the allocation of savings from investors to those who need funds, such as companies raising money.",It is like a bridge that moves money from people who have extra savings to businesses that need money to grow.,"An investor's savings are used to buy shares in a company, and that money helps the company build a new factory.","People think the securities market only benefits investors, but it also helps companies grow and contributes to the country's economic development.",SEBI,beginner
What are the two segments of the securities market?,"The securities market has two segments: the primary market, where new securities are issued, and the secondary market, where already-issued securities are traded.","The primary market is like buying a new car directly from the showroom, while the secondary market is like buying or selling a used car.","A company first sells shares to the public in the primary market, and later those shares are traded among investors in the secondary market.","People think the two markets are separate, but they are interdependent and inseparable parts of the same securities market.",SEBI,beginner
What is the primary market?,"The primary market, also called the new issues market, is where companies and institutions raise funds from the public by issuing new securities like shares, debentures and bonds.",It is like a farmer selling freshly harvested vegetables directly to buyers at a farm gate.,A company sells new shares to the public for the first time to raise ₹100 crore for expansion.,"People think the primary market is only for shares, but government and companies also issue bonds and debentures there.",SEBI,beginner
What is the secondary market?,"The secondary market is where securities that have already been offered to the public are traded, with the objective of capital appreciation.",It is like a secondhand market where items already bought can be resold to other people.,An investor buys shares of a listed company on a stock exchange from another investor who wants to sell them.,"People think companies receive money when shares are traded in the secondary market, but the money goes to the selling investor, not the company.",SEBI,beginner
What is an Initial Public Offer (IPO)?,An IPO is the first public offer of shares made by a company to the general public.,It is like a brand-new shop opening its doors to the public for the very first time.,A private company offers its shares to the public for the first time through an IPO to raise capital.,"People think an IPO is a fresh issue of new shares only, but a public offer can also be an offer for sale by existing shareholders.",SEBI,beginner
What is a fresh issue of shares?,"A fresh issue of shares is when new shares are issued by the company to public investors, and the funds go to the company to be used for its purposes.",It is like a bakery baking fresh loaves of bread to sell to the public for the first time.,A company issues 1 lakh new shares to the public and uses the raised funds to build a new plant.,"People think all money raised in a public offer goes to the company, but in an offer for sale the money goes to selling shareholders instead.",SEBI,beginner
What benefits are investors entitled to in the securities market?,"Investors are entitled to benefits like interest, dividends, capital appreciation and bonus shares.","It is like a tree that gives you fruit in several ways — some now, some as it grows, and some as extra branches.","An investor receives dividends from shares, interest from bonds, and the share price rising over time gives capital appreciation.","People think stock market returns only come from rising share prices, but dividends and bonus shares are also ways to earn.",SEBI,beginner
What is a debt security?,"A debt security is a financial instrument issued by a company or institution to borrow money from investors, which is repaid later with interest.",It is like lending money to a friend who promises to pay you back with a little extra as a thank-you.,A company issues bonds to raise money; you buy a bond and receive regular interest (coupons) plus your principal back at the end of the term.,"Many believe buying a debt security makes you a part-owner of the company, but you are actually a lender, not an owner.",SEBI,beginner
What is the difference between a secured and an unsecured debt security?,"A secured debt security is backed by collateral, while an unsecured one is not backed by any specific asset.","A secured loan is like pawning your watch for cash, while an unsecured loan is like borrowing on your good name alone.","A bond backed by the issuer's property is secured, but a bond backed only by the issuer's promise to pay is unsecured.",People often assume all bonds are safe because they are 'secured'; in reality unsecured bonds carry more risk.,SEBI,beginner
Who are the major issuers of securities and what do they issue?,"Corporate entities mainly issue equity shares and debt, while governments issue debt securities like dated securities and treasury bills.",It is like two different vendors at a market: a shop selling a variety of goods versus a bank selling savings certificates.,"A company issues shares and bonds, whereas the Central or State Government issues dated securities and treasury bills.","Some assume only companies issue securities, but governments are also major issuers, especially of debt securities.",SEBI,beginner
What is an Offer for Sale (OFS)?,"An Offer for Sale is when existing shareholders like promoters or financial institutions sell their shares to the public; the money goes to those sellers, not to the company.","Like a second-hand car owner selling their car to a buyer — the money goes to the owner, not to the car factory.","A promoter of a listed company sells part of their personal stake to public investors through an OFS; the proceeds go to the promoter, not the company.","People think the company receives the money raised in an OFS, but actually the selling shareholders get the funds.",SEBI,beginner
What is a Follow on Public Offer (FPO)?,An FPO is a fresh issue of securities to the public by a company that has already completed an IPO in the past.,Like a restaurant that already opened to the public raising extra money from new investors to expand.,"A company that did its IPO three years ago issues new shares to the public to raise more capital, which is an FPO.","People confuse an FPO with an IPO; an IPO is a company's first public issue, while an FPO is a subsequent one.",SEBI,beginner
What is a Preferential Issue?,"A preferential issue is when securities are issued to an identified set of investors such as promoters, strategic investors, or employees, rather than to the general public.",Like inviting only selected guests to a private dinner instead of opening the restaurant to everyone.,"A company issues new shares only to its promoters and a few strategic investors, skipping the open market.","Some think preferential issues are open to all investors, but they are limited to a select identified group.",SEBI,beginner
What is a Rights Issue?,A rights issue is when a company gives its existing shareholders the right to subscribe to newly issued shares in proportion to their existing shareholding.,Like offering existing members of a club the first chance to buy extra membership shares before outsiders.,"If you own 5% of a company, a rights issue lets you apply for 5% of the newly issued shares.","People believe subscribing to a rights issue is compulsory, but shareholders can choose to decline.",SEBI,beginner
What is a Bonus Issue?,A bonus issue is when existing shareholders receive additional shares in proportion to their existing shareholding at no additional cost.,Like a shop giving you free extra items in proportion to how much you already bought.,A shareholder holding 100 shares receives 50 extra shares for free in a 1:2 bonus issue.,"People think bonus shares cost money, but they are issued free of cost to existing shareholders.",SEBI,beginner
What is renunciation of rights shares?,Renunciation is when a shareholder unwilling to subscribe to a rights issue sells their rights in the open market through the rights entitlement trading platform or an off-market transaction.,Like passing on a discount coupon you don't want to a friend who can use it.,A shareholder who does not want to buy more shares sells their rights entitlement on the stock exchange to someone else.,"Some think refusing a rights issue means the rights simply lapse, but the shareholder can sell them instead.",SEBI,beginner
Who is eligible to participate in a rights issue?,Only shareholders whose names appear on the company's register of shareholders on the record date are eligible to participate.,Like only people on the guest list on the day of the event being allowed entry.,"If the record date is 10th June, only those registered as shareholders on that date can apply for the rights shares.","People think anyone can buy rights shares, but eligibility depends on being a registered shareholder on the record date.",SEBI,beginner
What is a draft prospectus (DRHP)?,"A draft prospectus, or draft red herring prospectus, is the offer document a company files with SEBI to raise funds from the public, containing details about the company, promoters, business, finances, risks, and terms of the issue.",Like a detailed product manual that helps a buyer understand what they are purchasing before they commit.,"Before an IPO, a company files a DRHP with SEBI describing its business model, financial history, and the purpose of raising money.","People think the prospectus is only marketing material, but it is a legal document meant to help investors make informed decisions.",SEBI,beginner
What is the record date and Ex-Rights date in a rights issue?,"The record date is the cut-off date for determining eligible shareholders for a rights issue, and the Ex-Rights date is two days prior to the record date.","Like a deadline for being on a list, with a buffer date before it when the eligibility is frozen.","If the record date is 15th June, the Ex-Rights date is 13th June; buying after that means you are not eligible for the rights.","Some think buying shares anytime before the issue closes makes them eligible, but only holdings as of the record date count.",SEBI,beginner
How are shares issued in the primary market allotted and held?,"Securities issued in the primary market are listed on a recognized stock exchange within 3 working days of the issue closure date, and allotted shares are credited to the investor's demat account held with a depository.",Like an online order being delivered to your personal locker within a few days after purchase.,"After an issue closes, the shares are listed for trading within 3 working days and credited to your demat account.","People think they receive physical share certificates, but shares are credited electronically to a demat account.",SEBI,beginner
What is an Offer for Sale (OFS) in the primary market?,"An Offer for Sale is when existing shareholders such as promoters or financial institutions sell their shares to the public. The money paid by investors goes to those selling shareholders, not to the company itself.","It is like a second-hand shop: you buy an item, but the money goes to the previous owner, not the original factory that made it.","A promoter who owns 60% of a listed company sells 5% of their stake to public investors through an OFS. The cash from investors goes directly to the promoter, and the company receives nothing.","Many think the company receives the money raised in an OFS. In reality, the funds go to the selling shareholders, not the company.",SEBI,beginner
Is it compulsory for a shareholder to subscribe to a Rights Issue?,"No. Shareholders who do not wish to subscribe can sell their rights in the open market through the rights entitlement trading platform of the stock exchange, or via an off-market transaction. This is called renunciation of rights shares.","It is like receiving a discount coupon you do not want to use, so you can sell or give that coupon to someone else instead.",An investor not interested in buying more shares sells their rights entitlement on the stock exchange's rights trading platform to another buyer.,"Many assume they must either subscribe or lose their rights. In reality, they can sell or renounce their rights entitlement.",SEBI,beginner
What is the Ex-Rights date and how does it relate to the record date?,The Ex-Rights date is two days prior to the record date. Investors buying shares on or after the Ex-Rights date are not eligible to participate in the rights issue.,"It is like a ticket sale cut-off: if you buy a concert ticket after the cut-off date, you cannot get the special fan-only bonus.","If the record date is the 10th, the Ex-Rights date is the 8th. An investor buying shares on the 9th will not receive the rights entitlement.","People often think buying shares any time before the record date qualifies them. Actually, the purchase must occur before the Ex-Rights date.",SEBI,beginner
What is the biggest advantage of a Rights Issue for a company?,"It is the fastest way of raising capital. Compared to public offerings, a rights issue offers a quicker and less regulatory-intensive approach to raising capital.",It is like asking your existing tenants to contribute for building repairs instead of advertising to find brand-new investors.,A company needing quick funds chooses a rights issue because it can raise money faster with fewer regulatory steps than a full public offering.,"Some assume a rights issue is slow and complicated. In fact, it is one of the fastest and least regulatory-heavy ways to raise capital.",SEBI,beginner
What is a Draft Prospectus (Draft Red Herring Prospectus) and why is it filed?,"To raise funds from the public, a company files an offer document with SEBI called the draft red herring prospectus or draft prospectus. It contains details such as company history, promoter details, business model, financial history, business risks, purpose of raising money, and terms of issue, helping investors make informed decisions.",It is like a detailed product label and manual that tells you exactly what you are buying before you spend your money.,"Before launching an IPO, a company files its draft prospectus with SEBI, disclosing its financials, risks, and how it plans to use the money raised.",Some think the prospectus is only a formality. It is actually a critical disclosure document that helps investors understand the risks and make informed decisions.,SEBI,beginner
What is a stock broker?,"A stock broker is a member of a stock exchange, registered with SEBI, who is permitted to buy and sell securities on the exchange platform on behalf of investors for a fee or commission.","A stock broker is like a licensed travel agent: you tell them where you want to go (buy or sell), and they book the ticket on the exchange for you, charging a service fee.","Riya wants to buy 10 shares of a company. She places the order with her SEBI-registered broker, who executes the trade on the exchange and charges her a small commission.","Many beginners think anyone can directly trade on a stock exchange; in reality, you must go through a SEBI-registered stock broker who is a member of the exchange.",SEBI,beginner
What is a Depository Participant (DP)?,"A Depository Participant is an agent of a depository that provides demat services to investors, such as opening and maintaining a demat account and helping with dematerialization of shares.","A depository is like a bank that stores your shares, and the Depository Participant (DP) is like the bank branch or relationship manager you actually interact with.",Arjun opens a demat account through his DP so his shares can be held electronically and sold easily when he wants.,"People often confuse the depository with the DP; the depository (like NSDL or CDSL) holds the securities, while the DP is the intermediary you deal with directly.",SEBI,beginner
What are Market Infrastructure Institutions (MIIs)?,"MIIs are the institutions that provide the necessary infrastructure to facilitate transactions in the securities market, namely stock exchanges, depositories, and clearing corporations.","MIIs are like a city's public infrastructure (roads, power, water) that everyone needs to do business, even though they don't sell goods themselves.","BSE, NSDL, and a clearing corporation together form the market infrastructure that lets an investor safely buy, hold, and settle shares.",Beginners may think MIIs are brokers or advisors; in fact they are the neutral backbone that supports trading rather than buying or selling on their own behalf.,SEBI,beginner
What is a clearing corporation?,"A clearing corporation guarantees the settlement of trades executed on the stock exchanges, ensuring every buyer gets the securities bought and every seller gets the money for the securities sold.",It works like a trusted referee in a swap: it makes sure both sides honor the deal even if one party backs out.,"If a buyer defaults after a trade, the clearing corporation steps in to ensure the seller still receives payment.",Some believe the broker personally guarantees settlement; actually the clearing corporation provides that guarantee of settlement.,SEBI,beginner
What is a depository?,A depository holds investors' securities in dematerialized or electronic form and provides demat services to investors through its Depository Participants. India has two depositories: NSDL and CDSL.,A depository is like a secure vault or bank locker where your shares are stored electronically instead of as paper certificates.,"When Priya buys shares, they are stored electronically in her demat account maintained under a depository like CDSL.",A common myth is that you get physical share certificates; nowadays shares are mostly held electronically in a depository.,SEBI,beginner
What is a demat account?,"A demat account is an account through which an investor holds securities in electronic or dematerialized form, opened and maintained with a Depository Participant.",A demat account for shares is like a digital wallet that holds your securities instead of cash.,"To sell shares on the exchange, Kavya must have a demat account so the shares can be transferred electronically to the buyer.","New investors sometimes think a demat account and a trading account are the same; the trading account places orders, while the demat account stores the securities.",SEBI,beginner
What are market intermediaries?,"Market intermediaries are entities that support the process of executing buy or sell orders, dealing in securities, and providing trading-related information. Examples include stock brokers, depository participants, merchant bankers, share transfer agents, and registrars.",They are like the various specialists in a hospital—each plays a supporting role so the overall system (your treatment) runs smoothly.,"When a company lists shares, a merchant banker helps with the issue and a registrar manages records, while brokers execute trades for investors.",Some assume intermediaries are unregulated; in fact they are all registered with SEBI and must follow norms to protect investors.,SEBI,beginner
What are the two main segments of a stock exchange?,The two main segments of a stock exchange are the Cash Market segment and the Derivatives Market segment.,"The cash market is like buying a product outright, while the derivatives market is like making a contract about that product's future price.","An investor buying shares for immediate delivery uses the cash market segment, while someone trading a futures contract uses the derivatives segment.",Beginners often think all exchange trading is the same; the cash and derivatives segments work differently and serve different purposes.,SEBI,beginner
What is the main function of a Clearing Corporation?,"A Clearing Corporation guarantees the settlement of trades done on the Stock Exchanges, ensuring every buyer gets the securities bought and every seller gets the money for the securities sold.",It works like an escrow service or a trusted middleman who makes sure both sides of a deal are honoured.,"If you buy shares on the NSE, the Clearing Corporation ensures the shares reach your demat account and the seller receives payment.","Some think a Clearing Corporation decides trade prices, but prices are determined by the market; the Clearing Corporation only guarantees settlement.",SEBI,beginner
Who are market intermediaries?,"Market intermediaries are entities that support the buying and selling of securities by executing orders, dealing in securities, and providing related information. They must be registered with SEBI.",They are like the various specialists in a hospital—each plays a supporting role so the whole system works smoothly.,"Stock brokers, depository participants, merchant bankers, and registrars are all market intermediaries.","People sometimes think intermediaries are optional, but SEBI registration and compliance are mandatory to protect investors.",SEBI,beginner
What is dematerialization and a Demat account?,"Dematerialization converts physical share certificates into electronic form, which is then held in a Demat (dematerialized) account maintained through a Depository Participant.",It is like turning your paper bank passbook into a mobile banking app where balances are stored digitally.,"An investor submits physical share certificates to their DP, who converts them into electronic holdings in the Demat account.","Some think a Demat account stores money, but it holds securities; money is handled through a separate bank or trading account.",SEBI,beginner
What is a depository in the securities market?,A depository is an institution that holds your securities in electronic form and interfaces with you through Depository Participants to provide depository services.,"Think of a depository like a bank locker room: instead of holding physical share certificates, it safely keeps your investments electronically and tracks who owns what.","When you buy shares online, they are credited to your demat account held with a depository like NSDL or CDSL.","Many beginners think a depository is the same as a stock exchange; actually the exchange is where trades happen, while the depository stores and maintains ownership records.",SEBI,beginner
What does a Registrar and Transfer Agent (RTA) do?,An RTA maintains records of investor transactions and ownership details of securities on behalf of companies or fund houses.,An RTA is like a school's record-keeper who tracks every student's enrollment and details on behalf of the school.,"When a company pays dividends, the RTA uses its ownership records to send payments to the right investors.",Some think RTAs handle buying and selling of shares; actually they only keep ownership and transaction records for the issuer.,SEBI,beginner
"Why should you identify your investment goals, horizon and risk appetite before investing?","Every investment decision should reflect your needs and preferences, so knowing your goals, time horizon and how much risk you can tolerate helps you choose suitable products.","It is like planning a trip: you decide the destination (goal), how long you can travel (horizon), and how adventurous a route you are comfortable with (risk appetite) before packing.","A young investor saving for 20 years may accept higher-risk equity products, while someone needing money in a year may prefer safer products with steady returns.",Beginners often chase high-return products without checking whether the risk and time frame actually match their personal situation.,SEBI,beginner
What is risk appetite?,Risk appetite is the extent up to which an investor is willing to take risk in their investments.,"It is like your tolerance for spicy food: some people enjoy intense flavors, while others prefer something mild and safe.","An investor with low risk appetite may choose fixed-return products, while one with higher appetite may invest in shares.",Risk appetite is not about how much money you have; it is about your willingness and ability to bear potential losses.,SEBI,beginner
What is Unsystematic Risk?,Unsystematic risk is the risk attached to a particular company or industry rather than the whole market.,"It is like one specific restaurant in a food court doing poorly because of its own service, even though the entire mall is thriving.","If an automobile company faces falling sales, its shares may drop even if the overall market is doing well.",People often confuse it with market-wide risk; unsystematic risk relates only to a specific company or industry and can be reduced by diversification.,SEBI,beginner
What is Currency Risk?,Currency risk is the potential loss from fluctuating foreign exchange rates when you have invested in foreign currency or foreign-currency-traded investments.,"It is like paying for an overseas trip in rupees while the rupee-to-dollar rate keeps changing, so the final cost shifts unexpectedly.","If you invest in US stocks and the rupee strengthens against the dollar, your returns in rupees can shrink even if the stock price rises.",Investors think foreign investments only depend on the asset's performance; exchange rate movements can also significantly affect returns.,SEBI,beginner
What is Volatility Risk?,Volatility risk arises because a company's stock prices may fluctuate over time.,"It is like a boat ride on choppy waters, where the height of the ride keeps changing up and down, sometimes sharply.","A stock might rise 5% one week and fall 8% the next, making its market value unpredictable in the short term.","Some beginners believe price fluctuations always mean permanent loss; volatility is normal movement, not necessarily a final outcome.",SEBI,beginner
What is Business Risk?,Business risk is the risk that the inherent value of an investment may change due to the performance of the business or industry it belongs to.,"It is like a bakery failing if people stop buying bread, regardless of how good the baker's intentions were.",A fall in car sales can hurt the value of an automobile company's shares because its business performance has weakened.,New investors assume a well-known brand cannot lose value; even strong companies face business risks from competition and market changes.,SEBI,beginner
Why should you be cautious about unsolicited investment advice and use SEBI Registered Investment Advisers?,"Investors should exercise caution against unsolicited investment advice from unregistered advisers and may approach SEBI Registered Investment Advisers, whose list is available on SEBI's website.",It is like choosing a licensed doctor rather than trusting a stranger who randomly gives you medical advice.,"Before acting on a tip promising guaranteed high returns, verify whether the adviser is SEBI registered.",People often assume anyone offering investment tips is qualified; only SEBI-registered advisers are authorized to give investment advice.,SEBI,beginner
Why should you identify your goals and risk appetite before investing?,"Every investment decision should reflect your needs, objectives, and how much risk you can comfortably take, so you choose products that match your situation.",It is like packing for a trip: you first decide where you are going and how much you can carry before choosing what to bring.,"If you need money for a house in two years, you might pick steady-return products rather than volatile higher-risk shares.","A common mistake is thinking higher returns always mean better investing, ignoring that they come with higher risk that may not suit your goals.",SEBI,beginner
Why should you read company disclosures before investing?,"You should read disclosures like promoter details, project details, and financial details to make an informed investment decision.","It is like reading the ingredients label before buying food, so you know exactly what you are getting.","Before buying shares in a company's IPO, an investor checks its financials and promoter background on the stock exchange website.",Some investors buy shares based only on tips or brand recognition without ever reviewing official disclosures.,SEBI,beginner
Why should you be cautious of unsolicited investment advice?,Investors should be careful about unsolicited advice from unregistered advisers and should ideally consult SEBI-registered advisers.,It is like not taking medical advice from a stranger on the street and instead visiting a licensed doctor.,A person receiving a random message promising guaranteed high returns should verify whether the adviser is SEBI-registered before acting.,"A frequent misunderstanding is that anyone offering confident-sounding financial tips is a qualified adviser, when only SEBI-registered advisers are authorised.",SEBI,beginner
"Where can investors find their rights, responsibilities and the Do's and Don'ts of investing?","These documents, along with the SEBI investor charter, are available on the websites of SEBI, stock exchanges, and depositories.","It is like a rulebook for a game, available for anyone to read so they know how to play fairly and safely.",An investor can visit the SEBI investor charter link to understand what service and protections they are entitled to from intermediaries.,"Many investors think rights and protections apply automatically, without realising they must stay informed and know where to access these documents.",SEBI,beginner
What is liquidity risk?,Liquidity risk is the risk that an investment cannot be bought or sold quickly enough when you want to.,"It is like owning a rare painting that nobody wants to buy this week - you own something valuable on paper, but you cannot turn it into cash when you need it.","You hold shares of a tiny company with very few buyers. When you urgently need money, you cannot find anyone to buy your shares at a fair price, so you are stuck.","Many beginners think any listed share can always be sold instantly at its quoted price; in reality, thinly traded investments may take days or sell at a much lower price.",SEBI,beginner
What is inflation risk?,"Inflation risk, also called purchasing power risk, is the chance that your investment returns lose value in the future because rising prices reduce what your money can buy.","It is like saving money to buy a bicycle, but by the time you have enough, prices have gone up so you can still only afford the same old bicycle.","You earn 5% interest on a fixed deposit, but inflation is 6%. Even though your money grew, your real purchasing power actually shrank.","People often think that as long as their money grows in number, they are gaining; they forget that if prices rise faster, they can actually buy less.",SEBI,beginner
What is market risk or systematic risk?,Market risk is the risk that your investments lose value because of factors affecting the whole market and the overall economy of the country.,"It is like a rainy day at a picnic - whether your food is good or bad, everyone at the picnic gets wet because the weather affects all of them.","A recession, a hike in interest rates, or political instability can pull down share prices across the board, even for well-run companies.",A common belief is that choosing 'good' companies protects you from market risk; but systematic risk hits almost all securities at once and cannot be removed by picking stocks.,SEBI,beginner
How can an investor mitigate (reduce) risk?,"An investor can reduce risk through strategies like asset allocation and diversification, spreading money across several companies and asset classes.","It is like not putting all your eggs in one basket - if one basket drops, you still have eggs in the others.","Instead of investing everything in one share, you put money into a mix of shares, bonds, and gold so a loss in one area is cushioned by gains elsewhere.","Many think diversification just means buying many shares; real diversification also means spreading across different asset classes, not just many similar stocks.",SEBI,beginner
What is a trading account?,"A trading account is a broking account opened with a SEBI-registered stock broker, used to buy and sell securities on the stock exchanges.",It is like a ticket counter at a railway station where you actually buy and sell your travel tickets (securities).,"To place a buy order for shares on the exchange, you use your trading account with your broker.","Some confuse the trading account with the demat account; the trading account is for buying and selling, while the demat account is for holding the securities.",SEBI,beginner
What is a '3-in-1' account?,"A 3-in-1 account combines a bank account, a trading account, and a demat account, either opened separately or together through a single provider.",It is like a Swiss Army knife that bundles several handy tools into one convenient package.,"You open all three accounts with one broker or institution that offers the combined facility, making transactions smoother.",People assume '3-in-1' means the accounts must be with three different institutions; it can be a single provider giving all three together.,SEBI,beginner
What is KYC and why is it needed?,KYC stands for Know Your Client - signed KYC documents must be submitted when opening a trading account to verify your identity.,"It is like showing your ID card when entering a building, so the system knows exactly who you are.",You fill an Account Opening Form and submit your signed KYC documents before your broker activates your trading account.,Some think KYC is a one-time formality to skip; it is a mandatory identity verification required for opening and operating investment accounts.,SEBI,beginner
What is nomination in an investment account?,Nomination means naming a person who will receive the securities or money in your account in the event of your death; you can also opt out of nomination.,It is like writing a nominee on a life insurance policy so the benefit goes to the right person when needed.,"While opening your accounts, you either provide the name of a nominee or formally opt out of nomination for each account.","Many assume nomination is automatically handled; you must actively choose to provide a nominee or explicitly opt out, and it should be done for all accounts.",SEBI,beginner
What is business risk in investing?,"Business risk is the chance that a company's operations could be harmed or stopped because of a bad operational, market, or financial situation.",Like a restaurant that shuts down because the head chef quits and customers stop coming.,An airline company faces business risk when a fuel price spike and falling ticket sales force it to cancel routes and cut operations.,"Many beginners think business risk only means a company going bankrupt, but it also includes temporary operational setbacks that hurt profits.",SEBI,beginner
How can investors mitigate risk?,"Investors can reduce risk through asset allocation, which means diversifying their investments across several companies and asset classes.","Instead of carrying all your eggs in one basket, you spread them across several baskets so one drop does not ruin everything.","An investor splits money between equity shares, bonds, and gold rather than putting everything into a single stock, softening the blow if one asset falls.","Some believe diversification guarantees profits, but it only reduces risk; markets can still decline overall.",SEBI,beginner
What accounts does an investor need to trade equity shares?,"An investor needs three accounts: a bank account, a trading account, and a demat account.","It is like needing a wallet, a ticket counter pass, and a secure locker to travel and store valuables.","Riya opens a savings bank account, a trading account with a SEBI-registered broker, and a demat account with a depository participant to start buying shares.","Beginners often think a trading account alone is enough, but shares are held electronically only in a demat account.",SEBI,beginner
What precautions should be taken while filling an account opening form?,"Investors should provide nomination or opt out, sign preferences for each trading segment, note all charges and fees, and specifically authorize extra facilities like Running Account Facility, DDPI, or Power of Attorney.",Like carefully reading and ticking every box on a contract before signing so there are no surprises later.,"While filling the form, Sana ticks her preference for the cash and F&O segments, records the brokerage charges, and authorizes the broker in writing for the Running Account Facility to avoid future disputes.","Some think the Power of Attorney or DDPI is automatically granted when opening an account, but the investor must specifically authorize the broker for these facilities.",SEBI,beginner
Why is KYC (Know Your Client) compulsory when opening an account?,"KYC is mandatory to verify your identity and address, and it is required by law under the Prevention of Money Laundering Act, 2002.",KYC is like showing your ID at an airport — the institution must confirm who you really are before letting you in.,"Before opening a trading account, you submit your PAN and Aadhaar, and the broker verifies your identity and address.","Some believe KYC must be repeated at every broker, but it is actually a one-time process valid across all intermediaries.",SEBI,beginner
What is e-KYC?,"e-KYC is an electronic way of completing the Know Your Client process using your Aadhaar and PAN, without visiting a branch.",e-KYC is like doing your bank paperwork online from home instead of standing in a queue at the branch.,An investor completes e-KYC using Aadhaar and PAN to open a mutual fund or demat account digitally.,"People often think e-KYC is optional, but for account opening it serves the same mandatory identity verification purpose as physical KYC.",SEBI,beginner
What are Officially Valid Documents (OVDs)?,"OVDs are official documents used as proof of identity and proof of address during KYC, such as PAN card, Aadhaar, passport, voter ID, or driving license.","OVDs are like the required papers you bring to prove who you are and where you live, similar to documents needed to rent a house.",You submit a copy of your passport as proof of identity and a driving license as proof of address.,"Some think any document will do, but only the officially prescribed documents are accepted for KYC identity and address proof.",SEBI,beginner
What is a KYC Identification Number (KIN)?,A KIN is a unique number generated after your KYC form is submitted and communicated to you by SMS or email.,A KIN is like a student roll number — it uniquely identifies you in the system once you have registered.,"After completing KYC, you receive a KIN via SMS that confirms your identity is registered across intermediaries.",Some think the KIN is a password or trading ID; it is actually just a unique reference number proving your KYC is complete.,SEBI,beginner
What is a Basic Services Demat Account (BSDA)?,BSDA is a low-cost Demat account for individual investors who have only one Demat account and holdings not exceeding Rs. 10 lakhs each for debt and non-debt securities.,"BSDA is like a basic, economical bank account that avoids extra charges if you keep limited deposits and use fewer services.",An investor holding shares worth under Rs. 10 lakh in a single Demat account can use BSDA to reduce maintenance costs.,"Many assume BSDA is for everyone, but it is only for individuals with a single Demat account and holdings within the prescribed limit.",SEBI,beginner
